order_line_id,order_id,customer_id,product_id,quantity,unit_price,order_ts,status,updated_at
OL-000100000,ORD-00033333,CUST-001127,PROD-0251,2,237.05,2026-08-31 08:00:00,shipped,2026-08-31 12:00:00
OL-000100001,ORD-00033333,CUST-003655,PROD-0559,2,3286.95,2026-08-31 09:00:00,placed,2026-08-31 13:00:00
OL-000100002,ORD-00033334,CUST-000384,PROD-0224,7,268.74,2026-08-31 10:00:00,shipped,2026-08-31 14:00:00
OL-000100003,ORD-00033334,CUST-002933,PROD-0666,1,2746.63,2026-08-31 11:00:00,delivered,2026-08-31 15:00:00
OL-000100004,ORD-00033334,CUST-002414,PROD-0285,7,1151.66,2026-08-31 12:00:00,delivered,2026-08-31 16:00:00
OL-000100005,ORD-00033335,CUST-000654,PROD-0715,1,3671.22,2026-08-31 13:00:00,delivered,2026-08-31 17:00:00
OL-000100006,ORD-00033335,CUST-003921,PROD-0782,5,847.64,2026-08-31 14:00:00,delivered,2026-08-31 18:00:00
OL-000100007,ORD-00033335,CUST-001471,PROD-0868,2,1898.06,2026-08-31 15:00:00,delivered,2026-08-31 19:00:00
OL-000100008,ORD-00033336,CUST-002989,PROD-0471,5,3897.36,2026-08-31 16:00:00,delivered,2026-08-31 12:00:00
OL-000100009,ORD-00033336,CUST-001201,PROD-0850,7,488.78,2026-08-31 17:00:00,delivered,2026-08-31 13:00:00
OL-000100010,ORD-00033336,CUST-002886,PROD-0072,6,2822.01,2026-08-31 18:00:00,placed,2026-08-31 14:00:00
OL-000100011,ORD-00033337,CUST-000327,PROD-0876,4,3737.96,2026-08-31 19:00:00,shipped,2026-08-31 15:00:00
OL-000100012,ORD-00033337,CUST-001858,PROD-0651,2,1898.99,2026-08-31 08:00:00,delivered,2026-08-31 16:00:00
OL-000100013,ORD-00033337,CUST-000859,PROD-0687,3,1852.45,2026-08-31 09:00:00,shipped,2026-08-31 17:00:00
OL-000100014,ORD-00033338,CUST-000701,PROD-0547,2,2970.73,2026-08-31 10:00:00,delivered,2026-08-31 18:00:00
OL-000100015,ORD-00033338,CUST-001106,PROD-0656,3,2283.38,2026-08-31 11:00:00,delivered,2026-08-31 19:00:00
OL-000100016,ORD-00033338,CUST-003453,PROD-0787,4,3323.99,2026-08-31 12:00:00,delivered,2026-08-31 12:00:00
OL-000100017,ORD-00033339,CUST-003298,PROD-0324,4,3966.04,2026-08-31 13:00:00,delivered,2026-08-31 13:00:00
OL-000100018,ORD-00033339,CUST-003863,PROD-0581,2,1107.4,2026-08-31 14:00:00,delivered,2026-08-31 14:00:00
OL-000100019,ORD-00033339,CUST-002045,PROD-0406,6,1115.09,2026-08-31 15:00:00,delivered,2026-08-31 15:00:00
OL-000100020,ORD-00033340,CUST-000572,PROD-0253,8,788.64,2026-08-31 16:00:00,delivered,2026-08-31 16:00:00
OL-000100021,ORD-00033340,CUST-002395,PROD-0439,9,1349.63,2026-08-31 17:00:00,delivered,2026-08-31 17:00:00
OL-000100022,ORD-00033340,CUST-000567,PROD-0522,7,1814.14,2026-08-31 18:00:00,delivered,2026-08-31 18:00:00
OL-000100023,ORD-00033341,CUST-000627,PROD-0643,1,4149.96,2026-08-31 19:00:00,shipped,2026-08-31 19:00:00
OL-000100024,ORD-00033341,CUST-001577,PROD-0391,7,2911.19,2026-08-31 08:00:00,delivered,2026-08-31 12:00:00
OL-000100025,ORD-00033341,CUST-003978,PROD-0567,8,2596.26,2026-08-31 09:00:00,delivered,2026-08-31 13:00:00
OL-000100026,ORD-00033342,CUST-000470,PROD-0699,1,3303.73,2026-08-31 10:00:00,delivered,2026-08-31 14:00:00
OL-000100027,ORD-00033342,CUST-001394,PROD-0115,5,3717.04,2026-08-31 11:00:00,shipped,2026-08-31 15:00:00
OL-000100028,ORD-00033342,CUST-003907,PROD-0740,3,2243.43,2026-08-31 12:00:00,delivered,2026-08-31 16:00:00
OL-000100029,ORD-00033343,CUST-003121,PROD-0183,5,4668.44,2026-08-31 13:00:00,delivered,2026-08-31 17:00:00
OL-000100030,ORD-00033343,CUST-001223,PROD-0862,2,4194.03,2026-08-31 14:00:00,delivered,2026-08-31 18:00:00
OL-000100031,ORD-00033343,CUST-003124,PROD-0166,4,835.29,2026-08-31 15:00:00,delivered,2026-08-31 19:00:00
OL-000100032,ORD-00033344,CUST-002454,PROD-0332,9,4418.55,2026-08-31 16:00:00,delivered,2026-08-31 12:00:00
OL-000100033,ORD-00033344,CUST-003600,PROD-0852,2,4468.18,2026-08-31 17:00:00,delivered,2026-08-31 13:00:00
OL-000100034,ORD-00033344,CUST-003597,PROD-0581,4,391.09,2026-08-31 18:00:00,delivered,2026-08-31 14:00:00
OL-000100035,ORD-00033345,CUST-003343,PROD-0071,2,3545.33,2026-08-31 19:00:00,cancelled,2026-08-31 15:00:00
OL-000100036,ORD-00033345,CUST-000526,PROD-0676,9,3704.11,2026-08-31 08:00:00,delivered,2026-08-31 16:00:00
OL-000100037,ORD-00033345,CUST-002162,PROD-0894,9,892.79,2026-08-31 09:00:00,delivered,2026-08-31 17:00:00
OL-000100038,ORD-00033346,CUST-003094,PROD-0748,4,4467.32,2026-08-31 10:00:00,delivered,2026-08-31 18:00:00
OL-000100039,ORD-00033346,CUST-002752,PROD-0666,5,1987.28,2026-08-31 11:00:00,delivered,2026-08-31 19:00:00
OL-000100040,ORD-00033346,CUST-001016,PROD-0231,9,2232.96,2026-08-31 12:00:00,placed,2026-08-31 12:00:00
OL-000100041,ORD-00033347,CUST-000943,PROD-0603,1,2873.28,2026-08-31 13:00:00,shipped,2026-08-31 13:00:00
OL-000100042,ORD-00033347,CUST-000242,PROD-0235,2,3432.7,2026-08-31 14:00:00,placed,2026-08-31 14:00:00
OL-000100043,ORD-00033347,CUST-000291,PROD-0527,1,4143.09,2026-08-31 15:00:00,shipped,2026-08-31 15:00:00
OL-000100044,ORD-00033348,CUST-000542,PROD-0741,8,1122.63,2026-08-31 16:00:00,delivered,2026-08-31 16:00:00
OL-000100045,ORD-00033348,CUST-001938,PROD-0827,8,1257.23,2026-08-31 17:00:00,delivered,2026-08-31 17:00:00
OL-000100046,ORD-00033348,CUST-001766,PROD-0363,2,573.64,2026-08-31 18:00:00,delivered,2026-08-31 18:00:00
OL-000100047,ORD-00033349,CUST-000222,PROD-0690,8,4162.76,2026-08-31 19:00:00,delivered,2026-08-31 19:00:00
OL-000100048,ORD-00033349,CUST-002983,PROD-0348,2,403.67,2026-08-31 08:00:00,delivered,2026-08-31 12:00:00
OL-000100049,ORD-00033349,CUST-000780,PROD-0550,2,1283.71,2026-08-31 09:00:00,delivered,2026-08-31 13:00:00
OL-000100050,ORD-00033350,CUST-001895,PROD-0256,7,978.72,2026-08-31 10:00:00,delivered,2026-08-31 14:00:00
OL-000100051,ORD-00033350,CUST-003529,PROD-0877,2,2193.85,2026-08-31 11:00:00,delivered,2026-08-31 15:00:00
OL-000100052,ORD-00033350,CUST-002215,PROD-0857,1,3172.04,2026-08-31 12:00:00,placed,2026-08-31 16:00:00
OL-000100053,ORD-00033351,CUST-003477,PROD-0243,2,4455.4,2026-08-31 13:00:00,shipped,2026-08-31 17:00:00
OL-000100054,ORD-00033351,CUST-003542,PROD-0411,8,2372.76,2026-08-31 14:00:00,delivered,2026-08-31 18:00:00
OL-000100055,ORD-00033351,CUST-001600,PROD-0272,3,1893.59,2026-08-31 15:00:00,delivered,2026-08-31 19:00:00
OL-000100056,ORD-00033352,CUST-002854,PROD-0749,8,1454.97,2026-08-31 16:00:00,cancelled,2026-08-31 12:00:00
OL-000100057,ORD-00033352,CUST-001994,PROD-0159,9,3217.56,2026-08-31 17:00:00,shipped,2026-08-31 13:00:00
OL-000100058,ORD-00033352,CUST-002373,PROD-0754,4,4653.56,2026-08-31 18:00:00,delivered,2026-08-31 14:00:00
OL-000100059,ORD-00033353,CUST-002393,PROD-0489,6,387.53,2026-08-31 19:00:00,delivered,2026-08-31 15:00:00
OL-000100060,ORD-00033353,CUST-003936,PROD-0521,9,856.79,2026-08-31 08:00:00,placed,2026-08-31 16:00:00
OL-000100061,ORD-00033353,CUST-000279,PROD-0692,3,440.68,2026-08-31 09:00:00,delivered,2026-08-31 17:00:00
OL-000100062,ORD-00033354,CUST-003647,PROD-0584,7,681.07,2026-08-31 10:00:00,shipped,2026-08-31 18:00:00
OL-000100063,ORD-00033354,CUST-001718,PROD-0674,1,3018.71,2026-08-31 11:00:00,delivered,2026-08-31 19:00:00
OL-000100064,ORD-00033354,CUST-001069,PROD-0210,9,1600.61,2026-08-31 12:00:00,delivered,2026-08-31 12:00:00
OL-000100065,ORD-00033355,CUST-001622,PROD-0135,6,1237.05,2026-08-31 13:00:00,delivered,2026-08-31 13:00:00
OL-000100066,ORD-00033355,CUST-003806,PROD-0770,5,2259.81,2026-08-31 14:00:00,delivered,2026-08-31 14:00:00
OL-000100067,ORD-00033355,CUST-002307,PROD-0103,1,2264.78,2026-08-31 15:00:00,placed,2026-08-31 15:00:00
OL-000100068,ORD-00033356,CUST-000543,PROD-0358,4,2487.54,2026-08-31 16:00:00,delivered,2026-08-31 16:00:00
OL-000100069,ORD-00033356,CUST-000647,PROD-0449,4,1849.39,2026-08-31 17:00:00,delivered,2026-08-31 17:00:00
OL-000100070,ORD-00033356,CUST-003306,PROD-0670,5,2982.65,2026-08-31 18:00:00,delivered,2026-08-31 18:00:00
OL-000100071,ORD-00033357,CUST-002718,PROD-0107,9,1521.09,2026-08-31 19:00:00,delivered,2026-08-31 19:00:00
OL-000100072,ORD-00033357,CUST-003645,PROD-0110,3,1357.7,2026-08-31 08:00:00,delivered,2026-08-31 12:00:00
OL-000100073,ORD-00033357,CUST-002478,PROD-0216,3,1394.59,2026-08-31 09:00:00,delivered,2026-08-31 13:00:00
OL-000100074,ORD-00033358,CUST-003494,PROD-0271,4,3337.49,2026-08-31 10:00:00,delivered,2026-08-31 14:00:00
OL-000100075,ORD-00033358,CUST-003466,PROD-0053,5,4356.97,2026-08-31 11:00:00,placed,2026-08-31 15:00:00
OL-000100076,ORD-00033358,CUST-000181,PROD-0004,7,4001.35,2026-08-31 12:00:00,delivered,2026-08-31 16:00:00
OL-000100077,ORD-00033359,CUST-001073,PROD-0166,3,3101.69,2026-08-31 13:00:00,delivered,2026-08-31 17:00:00
OL-000100078,ORD-00033359,CUST-002298,PROD-0010,9,3422.52,2026-08-31 14:00:00,shipped,2026-08-31 18:00:00
OL-000100079,ORD-00033359,CUST-003419,PROD-0379,3,2673.36,2026-08-31 15:00:00,delivered,2026-08-31 19:00:00
OL-000100080,ORD-00033360,CUST-000172,PROD-0316,3,2131.4,2026-08-31 16:00:00,delivered,2026-08-31 12:00:00
OL-000100081,ORD-00033360,CUST-000861,PROD-0699,1,4326.97,2026-08-31 17:00:00,shipped,2026-08-31 13:00:00
OL-000100082,ORD-00033360,CUST-002294,PROD-0896,2,1775.22,2026-08-31 18:00:00,delivered,2026-08-31 14:00:00
OL-000100083,ORD-00033361,CUST-000970,PROD-0886,3,4452.57,2026-08-31 19:00:00,shipped,2026-08-31 15:00:00
OL-000100084,ORD-00033361,CUST-000102,PROD-0184,3,4245.03,2026-08-31 08:00:00,delivered,2026-08-31 16:00:00
OL-000100085,ORD-00033361,CUST-001687,PROD-0822,6,3781.57,2026-08-31 09:00:00,delivered,2026-08-31 17:00:00
OL-000100086,ORD-00033362,CUST-003226,PROD-0719,4,1368.65,2026-08-31 10:00:00,shipped,2026-08-31 18:00:00
OL-000100087,ORD-00033362,CUST-000912,PROD-0205,1,4138.22,2026-08-31 11:00:00,delivered,2026-08-31 19:00:00
OL-000100088,ORD-00033362,CUST-003361,PROD-0815,8,1756.4,2026-08-31 12:00:00,delivered,2026-08-31 12:00:00
OL-000100089,ORD-00033363,CUST-000792,PROD-0409,4,230.75,2026-08-31 13:00:00,delivered,2026-08-31 13:00:00
OL-000100090,ORD-00033363,CUST-001144,PROD-0360,2,4645.04,2026-08-31 14:00:00,delivered,2026-08-31 14:00:00
OL-000100091,ORD-00033363,CUST-003456,PROD-0550,7,3300.14,2026-08-31 15:00:00,delivered,2026-08-31 15:00:00
OL-000100092,ORD-00033364,CUST-003975,PROD-0268,1,659.8,2026-08-31 16:00:00,shipped,2026-08-31 16:00:00
OL-000100093,ORD-00033364,CUST-002444,PROD-0445,5,299.04,2026-08-31 17:00:00,delivered,2026-08-31 17:00:00
OL-000100094,ORD-00033364,CUST-002095,PROD-0119,6,2162.32,2026-08-31 18:00:00,delivered,2026-08-31 18:00:00
OL-000100095,ORD-00033365,CUST-002904,PROD-0447,4,1312.1,2026-08-31 19:00:00,placed,2026-08-31 19:00:00
OL-000100096,ORD-00033365,CUST-003852,PROD-0760,9,3334.49,2026-08-31 08:00:00,delivered,2026-08-31 12:00:00
OL-000100097,ORD-00033365,CUST-000287,PROD-0681,4,1824.56,2026-08-31 09:00:00,delivered,2026-08-31 13:00:00
OL-000100098,ORD-00033366,CUST-000511,PROD-0738,6,3224.65,2026-08-31 10:00:00,delivered,2026-08-31 14:00:00
OL-000100099,ORD-00033366,CUST-001673,PROD-0335,9,1567.45,2026-08-31 11:00:00,delivered,2026-08-31 15:00:00
OL-000100100,ORD-00033366,CUST-000786,PROD-0431,5,2714.65,2026-08-31 12:00:00,delivered,2026-08-31 16:00:00
OL-000100101,ORD-00033367,CUST-003698,PROD-0179,7,3289.85,2026-08-31 13:00:00,delivered,2026-08-31 17:00:00
OL-000100102,ORD-00033367,CUST-003415,PROD-0001,5,2020.43,2026-08-31 14:00:00,delivered,2026-08-31 18:00:00
OL-000100103,ORD-00033367,CUST-002376,PROD-0622,4,2131.88,2026-08-31 15:00:00,delivered,2026-08-31 19:00:00
OL-000100104,ORD-00033368,CUST-002768,PROD-0219,8,2187.56,2026-08-31 16:00:00,delivered,2026-08-31 12:00:00
OL-000100105,ORD-00033368,CUST-001163,PROD-0528,3,3203.42,2026-08-31 17:00:00,delivered,2026-08-31 13:00:00
OL-000100106,ORD-00033368,CUST-003900,PROD-0770,6,557.05,2026-08-31 18:00:00,shipped,2026-08-31 14:00:00
OL-000100107,ORD-00033369,CUST-000816,PROD-0151,5,1171.32,2026-08-31 19:00:00,placed,2026-08-31 15:00:00
OL-000100108,ORD-00033369,CUST-002504,PROD-0871,4,4724.82,2026-08-31 08:00:00,delivered,2026-08-31 16:00:00
OL-000100109,ORD-00033369,CUST-002580,PROD-0590,8,2059.58,2026-08-31 09:00:00,shipped,2026-08-31 17:00:00
OL-000100110,ORD-00033370,CUST-001000,PROD-0152,7,2433.69,2026-08-31 10:00:00,delivered,2026-08-31 18:00:00
OL-000100111,ORD-00033370,CUST-003525,PROD-0789,1,4297.65,2026-08-31 11:00:00,delivered,2026-08-31 19:00:00
OL-000100112,ORD-00033370,CUST-003294,PROD-0713,7,1144.18,2026-08-31 12:00:00,delivered,2026-08-31 12:00:00
OL-000100113,ORD-00033371,CUST-003758,PROD-0869,1,2728.66,2026-08-31 13:00:00,shipped,2026-08-31 13:00:00
OL-000100114,ORD-00033371,CUST-002735,PROD-0544,3,3870.63,2026-08-31 14:00:00,cancelled,2026-08-31 14:00:00
OL-000100115,ORD-00033371,CUST-003652,PROD-0454,6,4566.19,2026-08-31 15:00:00,delivered,2026-08-31 15:00:00
OL-000100116,ORD-00033372,CUST-003715,PROD-0562,9,2117.15,2026-08-31 16:00:00,delivered,2026-08-31 16:00:00
OL-000100117,ORD-00033372,CUST-001945,PROD-0461,3,3600.31,2026-08-31 17:00:00,shipped,2026-08-31 17:00:00
OL-000100118,ORD-00033372,CUST-001136,PROD-0785,4,4050.56,2026-08-31 18:00:00,delivered,2026-08-31 18:00:00
OL-000100119,ORD-00033373,CUST-001125,PROD-0451,8,3053.18,2026-08-31 19:00:00,placed,2026-08-31 19:00:00
OL-000100120,ORD-00033373,CUST-001376,PROD-0328,5,1217.43,2026-08-31 08:00:00,delivered,2026-08-31 12:00:00
OL-000100121,ORD-00033373,CUST-000948,PROD-0393,2,767.59,2026-08-31 09:00:00,delivered,2026-08-31 13:00:00
OL-000100122,ORD-00033374,CUST-001670,PROD-0339,4,420.59,2026-08-31 10:00:00,delivered,2026-08-31 14:00:00
OL-000100123,ORD-00033374,CUST-003412,PROD-0431,7,411.4,2026-08-31 11:00:00,delivered,2026-08-31 15:00:00
OL-000100124,ORD-00033374,CUST-003136,PROD-0590,1,4129.51,2026-08-31 12:00:00,delivered,2026-08-31 16:00:00
OL-000100125,ORD-00033375,CUST-001224,PROD-0772,1,4532.03,2026-08-31 13:00:00,delivered,2026-08-31 17:00:00
OL-000100126,ORD-00033375,CUST-003010,PROD-0560,7,2638.87,2026-08-31 14:00:00,delivered,2026-08-31 18:00:00
OL-000100127,ORD-00033375,CUST-001118,PROD-0447,4,2404.91,2026-08-31 15:00:00,delivered,2026-08-31 19:00:00
OL-000100128,ORD-00033376,CUST-002782,PROD-0818,7,1693.09,2026-08-31 16:00:00,delivered,2026-08-31 12:00:00
OL-000100129,ORD-00033376,CUST-003767,PROD-0131,3,4053.57,2026-08-31 17:00:00,cancelled,2026-08-31 13:00:00
OL-000100130,ORD-00033376,CUST-001614,PROD-0607,9,246.2,2026-08-31 18:00:00,delivered,2026-08-31 14:00:00
OL-000100131,ORD-00033377,CUST-001756,PROD-0139,1,512.87,2026-08-31 19:00:00,delivered,2026-08-31 15:00:00
OL-000100132,ORD-00033377,CUST-001553,PROD-0336,3,355.33,2026-08-31 08:00:00,shipped,2026-08-31 16:00:00
OL-000100133,ORD-00033377,CUST-003604,PROD-0389,6,1699.5,2026-08-31 09:00:00,shipped,2026-08-31 17:00:00
OL-000100134,ORD-00033378,CUST-000336,PROD-0482,7,1300.63,2026-08-31 10:00:00,placed,2026-08-31 18:00:00
OL-000100135,ORD-00033378,CUST-003900,PROD-0359,9,363.76,2026-08-31 11:00:00,shipped,2026-08-31 19:00:00
OL-000100136,ORD-00033378,CUST-002670,PROD-0042,2,3776.17,2026-08-31 12:00:00,delivered,2026-08-31 12:00:00
OL-000100137,ORD-00033379,CUST-000084,PROD-0637,4,1053.01,2026-08-31 13:00:00,shipped,2026-08-31 13:00:00
OL-000100138,ORD-00033379,CUST-000469,PROD-0578,3,2336.27,2026-08-31 14:00:00,delivered,2026-08-31 14:00:00
OL-000100139,ORD-00033379,CUST-003142,PROD-0378,8,3393.5,2026-08-31 15:00:00,shipped,2026-08-31 15:00:00
OL-000100140,ORD-00033380,CUST-000671,PROD-0319,2,3760.07,2026-08-31 16:00:00,shipped,2026-08-31 16:00:00
OL-000100141,ORD-00033380,CUST-002359,PROD-0694,1,4467.19,2026-08-31 17:00:00,delivered,2026-08-31 17:00:00
OL-000100142,ORD-00033380,CUST-002929,PROD-0204,7,1976.34,2026-08-31 18:00:00,placed,2026-08-31 18:00:00
OL-000100143,ORD-00033381,CUST-003165,PROD-0309,4,596.9,2026-08-31 19:00:00,delivered,2026-08-31 19:00:00
OL-000100144,ORD-00033381,CUST-002319,PROD-0802,2,3846.34,2026-08-31 08:00:00,placed,2026-08-31 12:00:00
OL-000100145,ORD-00033381,CUST-001518,PROD-0071,9,2124.81,2026-08-31 09:00:00,delivered,2026-08-31 13:00:00
OL-000100146,ORD-00033382,CUST-001721,PROD-0843,6,179.21,2026-08-31 10:00:00,delivered,2026-08-31 14:00:00
OL-000100147,ORD-00033382,CUST-002604,PROD-0849,7,4616.49,2026-08-31 11:00:00,delivered,2026-08-31 15:00:00
OL-000100148,ORD-00033382,CUST-003006,PROD-0535,3,2158.08,2026-08-31 12:00:00,cancelled,2026-08-31 16:00:00
OL-000100149,ORD-00033383,CUST-003767,PROD-0552,5,3002.47,2026-08-31 13:00:00,delivered,2026-08-31 17:00:00
OL-000100150,ORD-00033383,CUST-002995,PROD-0607,8,2158.49,2026-08-31 14:00:00,shipped,2026-08-31 18:00:00
OL-000100151,ORD-00033383,CUST-000355,PROD-0286,4,4007.82,2026-08-31 15:00:00,delivered,2026-08-31 19:00:00
OL-000100152,ORD-00033384,CUST-002335,PROD-0625,4,3632.23,2026-08-31 16:00:00,delivered,2026-08-31 12:00:00
OL-000100153,ORD-00033384,CUST-003486,PROD-0333,6,254.32,2026-08-31 17:00:00,shipped,2026-08-31 13:00:00
OL-000100154,ORD-00033384,CUST-001059,PROD-0349,4,1780.58,2026-08-31 18:00:00,shipped,2026-08-31 14:00:00
OL-000100155,ORD-00033385,CUST-002117,PROD-0196,5,2721.1,2026-08-31 19:00:00,placed,2026-08-31 15:00:00
OL-000100156,ORD-00033385,CUST-003106,PROD-0247,7,2406.54,2026-08-31 08:00:00,delivered,2026-08-31 16:00:00
OL-000100157,ORD-00033385,CUST-000071,PROD-0096,8,2217.46,2026-08-31 09:00:00,shipped,2026-08-31 17:00:00
OL-000100158,ORD-00033386,CUST-001255,PROD-0680,7,3357.56,2026-08-31 10:00:00,delivered,2026-08-31 18:00:00
OL-000100159,ORD-00033386,CUST-001409,PROD-0436,8,2710.25,2026-08-31 11:00:00,cancelled,2026-08-31 19:00:00
OL-000100160,ORD-00033386,CUST-002879,PROD-0465,9,1668.1,2026-08-31 12:00:00,shipped,2026-08-31 12:00:00
OL-000100161,ORD-00033387,CUST-002955,PROD-0198,5,1198.92,2026-08-31 13:00:00,delivered,2026-08-31 13:00:00
OL-000100162,ORD-00033387,CUST-002827,PROD-0190,9,4570.11,2026-08-31 14:00:00,shipped,2026-08-31 14:00:00
OL-000100163,ORD-00033387,CUST-002415,PROD-0779,8,1414.02,2026-08-31 15:00:00,delivered,2026-08-31 15:00:00
OL-000100164,ORD-00033388,CUST-003411,PROD-0199,5,4708.79,2026-08-31 16:00:00,shipped,2026-08-31 16:00:00
OL-000100165,ORD-00033388,CUST-000058,PROD-0726,6,959.79,2026-08-31 17:00:00,delivered,2026-08-31 17:00:00
OL-000100166,ORD-00033388,CUST-000224,PROD-0567,5,333.01,2026-08-31 18:00:00,shipped,2026-08-31 18:00:00
OL-000100167,ORD-00033389,CUST-003084,PROD-0503,3,3105.23,2026-08-31 19:00:00,shipped,2026-08-31 19:00:00
OL-000100168,ORD-00033389,CUST-001923,PROD-0491,1,2806.62,2026-08-31 08:00:00,delivered,2026-08-31 12:00:00
OL-000100169,ORD-00033389,CUST-001035,PROD-0883,3,4638.53,2026-08-31 09:00:00,delivered,2026-08-31 13:00:00
OL-000100170,ORD-00033390,CUST-000304,PROD-0591,2,1995.31,2026-08-31 10:00:00,delivered,2026-08-31 14:00:00
OL-000100171,ORD-00033390,CUST-003323,PROD-0577,1,830.08,2026-08-31 11:00:00,delivered,2026-08-31 15:00:00
OL-000100172,ORD-00033390,CUST-000486,PROD-0572,2,4771.54,2026-08-31 12:00:00,delivered,2026-08-31 16:00:00
OL-000100173,ORD-00033391,CUST-001559,PROD-0462,4,3750.25,2026-08-31 13:00:00,delivered,2026-08-31 17:00:00
OL-000100174,ORD-00033391,CUST-001757,PROD-0313,5,4145.58,2026-08-31 14:00:00,delivered,2026-08-31 18:00:00
OL-000100175,ORD-00033391,CUST-003032,PROD-0102,1,2973.07,2026-08-31 15:00:00,delivered,2026-08-31 19:00:00
OL-000100176,ORD-00033392,CUST-001084,PROD-0677,4,3047.41,2026-08-31 16:00:00,placed,2026-08-31 12:00:00
OL-000100177,ORD-00033392,CUST-000308,PROD-0161,4,933.45,2026-08-31 17:00:00,placed,2026-08-31 13:00:00
OL-000100178,ORD-00033392,CUST-001925,PROD-0299,8,3346.26,2026-08-31 18:00:00,placed,2026-08-31 14:00:00
OL-000100179,ORD-00033393,CUST-002880,PROD-0881,5,3428.55,2026-08-31 19:00:00,delivered,2026-08-31 15:00:00
OL-000100180,ORD-00033393,CUST-003227,PROD-0811,4,4443.9,2026-08-31 08:00:00,delivered,2026-08-31 16:00:00
OL-000100181,ORD-00033393,CUST-002231,PROD-0231,4,2109.65,2026-08-31 09:00:00,delivered,2026-08-31 17:00:00
OL-000100182,ORD-00033394,CUST-000293,PROD-0062,5,3988.63,2026-08-31 10:00:00,shipped,2026-08-31 18:00:00
OL-000100183,ORD-00033394,CUST-003377,PROD-0583,5,2904.81,2026-08-31 11:00:00,delivered,2026-08-31 19:00:00
OL-000100184,ORD-00033394,CUST-002821,PROD-0312,8,701.98,2026-08-31 12:00:00,delivered,2026-08-31 12:00:00
OL-000100185,ORD-00033395,CUST-002023,PROD-0449,5,2462.21,2026-08-31 13:00:00,placed,2026-08-31 13:00:00
OL-000100186,ORD-00033395,CUST-003009,PROD-0331,1,4282.5,2026-08-31 14:00:00,delivered,2026-08-31 14:00:00
OL-000100187,ORD-00033395,CUST-003940,PROD-0691,1,547.41,2026-08-31 15:00:00,delivered,2026-08-31 15:00:00
OL-000100188,ORD-00033396,CUST-002754,PROD-0842,1,4798.0,2026-08-31 16:00:00,shipped,2026-08-31 16:00:00
OL-000100189,ORD-00033396,CUST-000718,PROD-0482,1,3691.35,2026-08-31 17:00:00,delivered,2026-08-31 17:00:00
OL-000100190,ORD-00033396,CUST-000744,PROD-0600,8,4407.22,2026-08-31 18:00:00,delivered,2026-08-31 18:00:00
OL-000100191,ORD-00033397,CUST-001926,PROD-0357,8,4655.18,2026-08-31 19:00:00,delivered,2026-08-31 19:00:00
OL-000100192,ORD-00033397,CUST-003514,PROD-0165,6,3256.22,2026-08-31 08:00:00,delivered,2026-08-31 12:00:00
OL-000100193,ORD-00033397,CUST-003872,PROD-0411,8,1468.86,2026-08-31 09:00:00,delivered,2026-08-31 13:00:00
OL-000100194,ORD-00033398,CUST-000361,PROD-0323,9,291.74,2026-08-31 10:00:00,shipped,2026-08-31 14:00:00
OL-000100195,ORD-00033398,CUST-001656,PROD-0886,2,4660.46,2026-08-31 11:00:00,delivered,2026-08-31 15:00:00
OL-000100196,ORD-00033398,CUST-002223,PROD-0474,1,3197.85,2026-08-31 12:00:00,delivered,2026-08-31 16:00:00
OL-000100197,ORD-00033399,CUST-002551,PROD-0775,4,2546.3,2026-08-31 13:00:00,delivered,2026-08-31 17:00:00
OL-000100198,ORD-00033399,CUST-000834,PROD-0274,8,3676.76,2026-08-31 14:00:00,delivered,2026-08-31 18:00:00
OL-000100199,ORD-00033399,CUST-002861,PROD-0497,5,2170.38,2026-08-31 15:00:00,shipped,2026-08-31 19:00:00
OL-000100200,ORD-00033400,CUST-001273,PROD-0565,4,3441.78,2026-08-31 16:00:00,placed,2026-08-31 12:00:00
OL-000100201,ORD-00033400,CUST-003447,PROD-0117,7,556.22,2026-08-31 17:00:00,delivered,2026-08-31 13:00:00
OL-000100202,ORD-00033400,CUST-000631,PROD-0511,2,3151.28,2026-08-31 18:00:00,delivered,2026-08-31 14:00:00
OL-000100203,ORD-00033401,CUST-001120,PROD-0426,5,2501.52,2026-08-31 19:00:00,delivered,2026-08-31 15:00:00
OL-000100204,ORD-00033401,CUST-002258,PROD-0149,8,1260.66,2026-08-31 08:00:00,delivered,2026-08-31 16:00:00
OL-000100205,ORD-00033401,CUST-000560,PROD-0885,9,3612.65,2026-08-31 09:00:00,placed,2026-08-31 17:00:00
OL-000100206,ORD-00033402,CUST-003227,PROD-0520,7,1710.62,2026-08-31 10:00:00,shipped,2026-08-31 18:00:00
OL-000100207,ORD-00033402,CUST-001223,PROD-0858,1,1443.69,2026-08-31 11:00:00,delivered,2026-08-31 19:00:00
OL-000100208,ORD-00033402,CUST-001830,PROD-0552,8,4169.42,2026-08-31 12:00:00,delivered,2026-08-31 12:00:00
OL-000100209,ORD-00033403,CUST-002226,PROD-0387,6,2702.97,2026-08-31 13:00:00,delivered,2026-08-31 13:00:00
OL-000100210,ORD-00033403,CUST-002857,PROD-0245,6,4189.74,2026-08-31 14:00:00,delivered,2026-08-31 14:00:00
OL-000100211,ORD-00033403,CUST-001683,PROD-0045,4,4126.14,2026-08-31 15:00:00,delivered,2026-08-31 15:00:00
OL-000100212,ORD-00033404,CUST-003324,PROD-0391,8,3420.47,2026-08-31 16:00:00,delivered,2026-08-31 16:00:00
OL-000100213,ORD-00033404,CUST-000152,PROD-0130,3,2438.14,2026-08-31 17:00:00,delivered,2026-08-31 17:00:00
OL-000100214,ORD-00033404,CUST-003581,PROD-0866,6,4190.2,2026-08-31 18:00:00,delivered,2026-08-31 18:00:00
OL-000100215,ORD-00033405,CUST-000063,PROD-0740,9,4380.87,2026-08-31 19:00:00,shipped,2026-08-31 19:00:00
OL-000100216,ORD-00033405,CUST-003202,PROD-0272,3,470.2,2026-08-31 08:00:00,delivered,2026-08-31 12:00:00
OL-000100217,ORD-00033405,CUST-003489,PROD-0337,7,3161.24,2026-08-31 09:00:00,delivered,2026-08-31 13:00:00
OL-000100218,ORD-00033406,CUST-001298,PROD-0642,9,1898.44,2026-08-31 10:00:00,delivered,2026-08-31 14:00:00
OL-000100219,ORD-00033406,CUST-000148,PROD-0633,8,4202.75,2026-08-31 11:00:00,placed,2026-08-31 15:00:00
OL-000100220,ORD-00033406,CUST-003059,PROD-0093,5,4787.95,2026-08-31 12:00:00,delivered,2026-08-31 16:00:00
OL-000100221,ORD-00033407,CUST-002884,PROD-0894,2,3678.53,2026-08-31 13:00:00,shipped,2026-08-31 17:00:00
OL-000100222,ORD-00033407,CUST-003701,PROD-0030,3,3367.93,2026-08-31 14:00:00,placed,2026-08-31 18:00:00
OL-000100223,ORD-00033407,CUST-001536,PROD-0442,1,1492.96,2026-08-31 15:00:00,shipped,2026-08-31 19:00:00
OL-000100224,ORD-00033408,CUST-002793,PROD-0812,9,2048.4,2026-08-31 16:00:00,shipped,2026-08-31 12:00:00
OL-000100225,ORD-00033408,CUST-003567,PROD-0392,3,489.57,2026-08-31 17:00:00,delivered,2026-08-31 13:00:00
OL-000100226,ORD-00033408,CUST-002389,PROD-0147,4,2449.08,2026-08-31 18:00:00,shipped,2026-08-31 14:00:00
OL-000100227,ORD-00033409,CUST-002732,PROD-0010,5,2270.79,2026-08-31 19:00:00,delivered,2026-08-31 15:00:00
OL-000100228,ORD-00033409,CUST-002776,PROD-0560,8,4337.66,2026-08-31 08:00:00,shipped,2026-08-31 16:00:00
OL-000100229,ORD-00033409,CUST-002407,PROD-0307,8,4543.7,2026-08-31 09:00:00,delivered,2026-08-31 17:00:00
OL-000100230,ORD-00033410,CUST-001872,PROD-0866,7,3350.67,2026-08-31 10:00:00,delivered,2026-08-31 18:00:00
OL-000100231,ORD-00033410,CUST-000437,PROD-0243,7,4113.61,2026-08-31 11:00:00,delivered,2026-08-31 19:00:00
OL-000100232,ORD-00033410,CUST-002865,PROD-0303,6,2810.12,2026-08-31 12:00:00,placed,2026-08-31 12:00:00
OL-000100233,ORD-00033411,CUST-002319,PROD-0886,7,1404.57,2026-08-31 13:00:00,delivered,2026-08-31 13:00:00
OL-000100234,ORD-00033411,CUST-003053,PROD-0509,1,4381.69,2026-08-31 14:00:00,delivered,2026-08-31 14:00:00
OL-000100235,ORD-00033411,CUST-000943,PROD-0622,5,3750.47,2026-08-31 15:00:00,delivered,2026-08-31 15:00:00
OL-000100236,ORD-00033412,CUST-002544,PROD-0257,4,3099.37,2026-08-31 16:00:00,delivered,2026-08-31 16:00:00
OL-000100237,ORD-00033412,CUST-003701,PROD-0643,3,3060.2,2026-08-31 17:00:00,delivered,2026-08-31 17:00:00
OL-000100238,ORD-00033412,CUST-000137,PROD-0594,5,3810.7,2026-08-31 18:00:00,delivered,2026-08-31 18:00:00
OL-000100239,ORD-00033413,CUST-001209,PROD-0335,3,541.82,2026-08-31 19:00:00,delivered,2026-08-31 19:00:00
OL-000100240,ORD-00033413,CUST-003222,PROD-0553,3,1059.72,2026-08-31 08:00:00,delivered,2026-08-31 12:00:00
OL-000100241,ORD-00033413,CUST-003742,PROD-0280,6,2604.39,2026-08-31 09:00:00,delivered,2026-08-31 13:00:00
OL-000100242,ORD-00033414,CUST-003868,PROD-0494,5,4397.75,2026-08-31 10:00:00,cancelled,2026-08-31 14:00:00
OL-000100243,ORD-00033414,CUST-001388,PROD-0824,5,3613.9,2026-08-31 11:00:00,shipped,2026-08-31 15:00:00
OL-000100244,ORD-00033414,CUST-003959,PROD-0232,2,778.74,2026-08-31 12:00:00,delivered,2026-08-31 16:00:00
OL-000100245,ORD-00033415,CUST-003296,PROD-0571,7,4646.82,2026-08-31 13:00:00,delivered,2026-08-31 17:00:00
OL-000100246,ORD-00033415,CUST-002198,PROD-0127,7,185.14,2026-08-31 14:00:00,delivered,2026-08-31 18:00:00
OL-000100247,ORD-00033415,CUST-003369,PROD-0654,5,2855.74,2026-08-31 15:00:00,delivered,2026-08-31 19:00:00
OL-000100248,ORD-00033416,CUST-001932,PROD-0026,2,3278.24,2026-08-31 16:00:00,delivered,2026-08-31 12:00:00
OL-000100249,ORD-00033416,CUST-002499,PROD-0227,9,1655.07,2026-08-31 17:00:00,delivered,2026-08-31 13:00:00
OL-000100250,ORD-00033416,CUST-001238,PROD-0665,8,4375.93,2026-08-31 18:00:00,delivered,2026-08-31 14:00:00
OL-000100251,ORD-00033417,CUST-000153,PROD-0312,3,332.22,2026-08-31 19:00:00,cancelled,2026-08-31 15:00:00
OL-000100252,ORD-00033417,CUST-003635,PROD-0551,2,574.86,2026-08-31 08:00:00,shipped,2026-08-31 16:00:00
OL-000100253,ORD-00033417,CUST-003889,PROD-0761,8,1856.33,2026-08-31 09:00:00,delivered,2026-08-31 17:00:00
OL-000100254,ORD-00033418,CUST-003041,PROD-0745,9,2081.51,2026-08-31 10:00:00,shipped,2026-08-31 18:00:00
OL-000100255,ORD-00033418,CUST-003415,PROD-0502,7,3185.03,2026-08-31 11:00:00,delivered,2026-08-31 19:00:00
OL-000100256,ORD-00033418,CUST-001518,PROD-0223,5,273.11,2026-08-31 12:00:00,delivered,2026-08-31 12:00:00
OL-000100257,ORD-00033419,CUST-000407,PROD-0703,4,4123.51,2026-08-31 13:00:00,delivered,2026-08-31 13:00:00
OL-000100258,ORD-00033419,CUST-001131,PROD-0195,6,403.37,2026-08-31 14:00:00,cancelled,2026-08-31 14:00:00
OL-000100259,ORD-00033419,CUST-000869,PROD-0658,8,549.03,2026-08-31 15:00:00,delivered,2026-08-31 15:00:00
OL-000100260,ORD-00033420,CUST-001367,PROD-0250,1,356.71,2026-08-31 16:00:00,cancelled,2026-08-31 16:00:00
OL-000100261,ORD-00033420,CUST-003135,PROD-0568,4,441.1,2026-08-31 17:00:00,shipped,2026-08-31 17:00:00
OL-000100262,ORD-00033420,CUST-000955,PROD-0337,4,3925.09,2026-08-31 18:00:00,delivered,2026-08-31 18:00:00
OL-000100263,ORD-00033421,CUST-000593,PROD-0134,1,1417.65,2026-08-31 19:00:00,delivered,2026-08-31 19:00:00
OL-000100264,ORD-00033421,CUST-003549,PROD-0027,3,634.46,2026-08-31 08:00:00,shipped,2026-08-31 12:00:00
OL-000100265,ORD-00033421,CUST-000975,PROD-0603,6,3817.13,2026-08-31 09:00:00,delivered,2026-08-31 13:00:00
OL-000100266,ORD-00033422,CUST-000520,PROD-0760,3,1361.92,2026-08-31 10:00:00,delivered,2026-08-31 14:00:00
OL-000100267,ORD-00033422,CUST-001951,PROD-0460,2,3609.71,2026-08-31 11:00:00,delivered,2026-08-31 15:00:00
OL-000100268,ORD-00033422,CUST-001852,PROD-0516,9,2898.36,2026-08-31 12:00:00,shipped,2026-08-31 16:00:00
OL-000100269,ORD-00033423,CUST-003723,PROD-0888,1,3523.5,2026-08-31 13:00:00,delivered,2026-08-31 17:00:00
OL-000100270,ORD-00033423,CUST-003949,PROD-0032,5,2263.64,2026-08-31 14:00:00,placed,2026-08-31 18:00:00
OL-000100271,ORD-00033423,CUST-001747,PROD-0703,8,4085.36,2026-08-31 15:00:00,shipped,2026-08-31 19:00:00
OL-000100272,ORD-00033424,CUST-000331,PROD-0330,8,463.94,2026-08-31 16:00:00,delivered,2026-08-31 12:00:00
OL-000100273,ORD-00033424,CUST-002558,PROD-0649,2,710.58,2026-08-31 17:00:00,delivered,2026-08-31 13:00:00
OL-000100274,ORD-00033424,CUST-002447,PROD-0544,6,1902.63,2026-08-31 18:00:00,shipped,2026-08-31 14:00:00
OL-000100275,ORD-00033425,CUST-000407,PROD-0813,9,2953.4,2026-08-31 19:00:00,delivered,2026-08-31 15:00:00
OL-000100276,ORD-00033425,CUST-000881,PROD-0441,9,3493.53,2026-08-31 08:00:00,delivered,2026-08-31 16:00:00
OL-000100277,ORD-00033425,CUST-003390,PROD-0465,4,2056.65,2026-08-31 09:00:00,delivered,2026-08-31 17:00:00
OL-000100278,ORD-00033426,CUST-001281,PROD-0682,2,1582.73,2026-08-31 10:00:00,shipped,2026-08-31 18:00:00
OL-000100279,ORD-00033426,CUST-001943,PROD-0069,3,3334.32,2026-08-31 11:00:00,placed,2026-08-31 19:00:00
OL-000100280,ORD-00033426,CUST-000396,PROD-0763,2,556.32,2026-08-31 12:00:00,delivered,2026-08-31 12:00:00
OL-000100281,ORD-00033427,CUST-002403,PROD-0576,3,2723.82,2026-08-31 13:00:00,delivered,2026-08-31 13:00:00
OL-000100282,ORD-00033427,CUST-003579,PROD-0682,2,2042.58,2026-08-31 14:00:00,delivered,2026-08-31 14:00:00
OL-000100283,ORD-00033427,CUST-002954,PROD-0053,7,4182.67,2026-08-31 15:00:00,cancelled,2026-08-31 15:00:00
OL-000100284,ORD-00033428,CUST-002368,PROD-0520,5,1765.7,2026-08-31 16:00:00,shipped,2026-08-31 16:00:00
OL-000100285,ORD-00033428,CUST-000444,PROD-0359,8,1169.47,2026-08-31 17:00:00,delivered,2026-08-31 17:00:00
OL-000100286,ORD-00033428,CUST-001142,PROD-0588,6,657.66,2026-08-31 18:00:00,shipped,2026-08-31 18:00:00
OL-000100287,ORD-00033429,CUST-003992,PROD-0786,7,4075.33,2026-08-31 19:00:00,delivered,2026-08-31 19:00:00
OL-000100288,ORD-00033429,CUST-003806,PROD-0674,9,242.87,2026-08-31 08:00:00,delivered,2026-08-31 12:00:00
OL-000100289,ORD-00033429,CUST-001120,PROD-0720,5,255.5,2026-08-31 09:00:00,delivered,2026-08-31 13:00:00
OL-000100290,ORD-00033430,CUST-000744,PROD-0891,6,1762.79,2026-08-31 10:00:00,shipped,2026-08-31 14:00:00
OL-000100291,ORD-00033430,CUST-003036,PROD-0649,7,445.66,2026-08-31 11:00:00,cancelled,2026-08-31 15:00:00
OL-000100292,ORD-00033430,CUST-000882,PROD-0386,2,3611.8,2026-08-31 12:00:00,delivered,2026-08-31 16:00:00
OL-000100293,ORD-00033431,CUST-001277,PROD-0739,6,856.68,2026-08-31 13:00:00,delivered,2026-08-31 17:00:00
OL-000100294,ORD-00033431,CUST-000638,PROD-0162,2,4254.04,2026-08-31 14:00:00,delivered,2026-08-31 18:00:00
OL-000100295,ORD-00033431,CUST-001115,PROD-0454,1,3274.17,2026-08-31 15:00:00,delivered,2026-08-31 19:00:00
OL-000100296,ORD-00033432,CUST-001697,PROD-0280,8,2961.12,2026-08-31 16:00:00,shipped,2026-08-31 12:00:00
OL-000100297,ORD-00033432,CUST-001761,PROD-0114,9,652.67,2026-08-31 17:00:00,shipped,2026-08-31 13:00:00
OL-000100298,ORD-00033432,CUST-001264,PROD-0047,8,2586.05,2026-08-31 18:00:00,shipped,2026-08-31 14:00:00
OL-000100299,ORD-00033433,CUST-001235,PROD-0217,1,155.98,2026-08-31 19:00:00,delivered,2026-08-31 15:00:00
OL-000100300,ORD-00033433,CUST-000492,PROD-0008,5,1474.61,2026-08-31 08:00:00,delivered,2026-08-31 16:00:00
OL-000100301,ORD-00033433,CUST-001558,PROD-0546,7,942.25,2026-08-31 09:00:00,delivered,2026-08-31 17:00:00
OL-000100302,ORD-00033434,CUST-002737,PROD-0826,9,2734.83,2026-08-31 10:00:00,delivered,2026-08-31 18:00:00
OL-000100303,ORD-00033434,CUST-000174,PROD-0447,7,4153.06,2026-08-31 11:00:00,placed,2026-08-31 19:00:00
OL-000100304,ORD-00033434,CUST-002359,PROD-0440,2,4154.67,2026-08-31 12:00:00,delivered,2026-08-31 12:00:00
OL-000100305,ORD-00033435,CUST-001660,PROD-0022,7,1474.93,2026-08-31 13:00:00,cancelled,2026-08-31 13:00:00
OL-000100306,ORD-00033435,CUST-002532,PROD-0472,3,3870.19,2026-08-31 14:00:00,delivered,2026-08-31 14:00:00
OL-000100307,ORD-00033435,CUST-003460,PROD-0109,6,532.45,2026-08-31 15:00:00,shipped,2026-08-31 15:00:00
OL-000100308,ORD-00033436,CUST-001622,PROD-0892,7,2572.14,2026-08-31 16:00:00,delivered,2026-08-31 16:00:00
OL-000100309,ORD-00033436,CUST-003192,PROD-0173,6,1156.96,2026-08-31 17:00:00,placed,2026-08-31 17:00:00
OL-000100310,ORD-00033436,CUST-000795,PROD-0795,2,2603.23,2026-08-31 18:00:00,delivered,2026-08-31 18:00:00
OL-000100311,ORD-00033437,CUST-000600,PROD-0263,3,1225.74,2026-08-31 19:00:00,shipped,2026-08-31 19:00:00
OL-000100312,ORD-00033437,CUST-002685,PROD-0078,3,3677.81,2026-08-31 08:00:00,shipped,2026-08-31 12:00:00
OL-000100313,ORD-00033437,CUST-002310,PROD-0779,8,2291.3,2026-08-31 09:00:00,delivered,2026-08-31 13:00:00
OL-000100314,ORD-00033438,CUST-002570,PROD-0324,6,4164.68,2026-08-31 10:00:00,shipped,2026-08-31 14:00:00
OL-000100315,ORD-00033438,CUST-002587,PROD-0311,2,2314.55,2026-08-31 11:00:00,delivered,2026-08-31 15:00:00
OL-000100316,ORD-00033438,CUST-000304,PROD-0318,1,1767.09,2026-08-31 12:00:00,delivered,2026-08-31 16:00:00
OL-000100317,ORD-00033439,CUST-003407,PROD-0294,1,386.25,2026-08-31 13:00:00,placed,2026-08-31 17:00:00
OL-000100318,ORD-00033439,CUST-002077,PROD-0394,2,2998.24,2026-08-31 14:00:00,delivered,2026-08-31 18:00:00
OL-000100319,ORD-00033439,CUST-003027,PROD-0043,9,4585.8,2026-08-31 15:00:00,delivered,2026-08-31 19:00:00
OL-000100320,ORD-00033440,CUST-001949,PROD-0514,4,1624.75,2026-08-31 16:00:00,shipped,2026-08-31 12:00:00
OL-000100321,ORD-00033440,CUST-003322,PROD-0858,1,2228.45,2026-08-31 17:00:00,delivered,2026-08-31 13:00:00
OL-000100322,ORD-00033440,CUST-000707,PROD-0041,2,2481.29,2026-08-31 18:00:00,shipped,2026-08-31 14:00:00
OL-000100323,ORD-00033441,CUST-002147,PROD-0536,8,4757.81,2026-08-31 19:00:00,delivered,2026-08-31 15:00:00
OL-000100324,ORD-00033441,CUST-001159,PROD-0397,6,1864.95,2026-08-31 08:00:00,delivered,2026-08-31 16:00:00
OL-000100325,ORD-00033441,CUST-000215,PROD-0809,6,3297.24,2026-08-31 09:00:00,delivered,2026-08-31 17:00:00
OL-000100326,ORD-00033442,CUST-000388,PROD-0572,6,428.47,2026-08-31 10:00:00,delivered,2026-08-31 18:00:00
OL-000100327,ORD-00033442,CUST-003489,PROD-0673,5,1299.34,2026-08-31 11:00:00,cancelled,2026-08-31 19:00:00
OL-000100328,ORD-00033442,CUST-002387,PROD-0680,3,1680.13,2026-08-31 12:00:00,shipped,2026-08-31 12:00:00
OL-000100329,ORD-00033443,CUST-002688,PROD-0716,6,1571.88,2026-08-31 13:00:00,delivered,2026-08-31 13:00:00
OL-000100330,ORD-00033443,CUST-003843,PROD-0087,3,2904.79,2026-08-31 14:00:00,delivered,2026-08-31 14:00:00
OL-000100331,ORD-00033443,CUST-001346,PROD-0833,7,3131.55,2026-08-31 15:00:00,shipped,2026-08-31 15:00:00
OL-000100332,ORD-00033444,CUST-002747,PROD-0434,9,557.36,2026-08-31 16:00:00,delivered,2026-08-31 16:00:00
OL-000100333,ORD-00033444,CUST-000739,PROD-0220,1,1816.96,2026-08-31 17:00:00,delivered,2026-08-31 17:00:00
OL-000100334,ORD-00033444,CUST-000564,PROD-0159,8,1018.58,2026-08-31 18:00:00,placed,2026-08-31 18:00:00
OL-000100335,ORD-00033445,CUST-002211,PROD-0856,2,2495.99,2026-08-31 19:00:00,delivered,2026-08-31 19:00:00
OL-000100336,ORD-00033445,CUST-001380,PROD-0898,9,296.66,2026-08-31 08:00:00,delivered,2026-08-31 12:00:00
OL-000100337,ORD-00033445,CUST-000632,PROD-0167,3,2915.11,2026-08-31 09:00:00,shipped,2026-08-31 13:00:00
OL-000100338,ORD-00033446,CUST-000179,PROD-0421,3,3495.14,2026-08-31 10:00:00,delivered,2026-08-31 14:00:00
OL-000100339,ORD-00033446,CUST-002501,PROD-0292,4,4657.67,2026-08-31 11:00:00,delivered,2026-08-31 15:00:00
OL-000100340,ORD-00033446,CUST-000980,PROD-0317,8,1215.13,2026-08-31 12:00:00,cancelled,2026-08-31 16:00:00
OL-000100341,ORD-00033447,CUST-000795,PROD-0377,8,4350.6,2026-08-31 13:00:00,delivered,2026-08-31 17:00:00
OL-000100342,ORD-00033447,CUST-001155,PROD-0797,8,2280.66,2026-08-31 14:00:00,delivered,2026-08-31 18:00:00
OL-000100343,ORD-00033447,CUST-000664,PROD-0837,9,2079.33,2026-08-31 15:00:00,shipped,2026-08-31 19:00:00
OL-000100344,ORD-00033448,CUST-000214,PROD-0657,3,4205.65,2026-08-31 16:00:00,delivered,2026-08-31 12:00:00
OL-000100345,ORD-00033448,CUST-000421,PROD-0729,6,2715.25,2026-08-31 17:00:00,delivered,2026-08-31 13:00:00
OL-000100346,ORD-00033448,CUST-003126,PROD-0165,2,1454.09,2026-08-31 18:00:00,shipped,2026-08-31 14:00:00
OL-000100347,ORD-00033449,CUST-001792,PROD-0094,9,809.59,2026-08-31 19:00:00,delivered,2026-08-31 15:00:00
OL-000100348,ORD-00033449,CUST-003624,PROD-0358,4,3942.17,2026-08-31 08:00:00,delivered,2026-08-31 16:00:00
OL-000100349,ORD-00033449,CUST-002057,PROD-0383,7,369.24,2026-08-31 09:00:00,shipped,2026-08-31 17:00:00
OL-000100350,ORD-00033450,CUST-000116,PROD-0327,2,1874.59,2026-08-31 10:00:00,delivered,2026-08-31 18:00:00
OL-000100351,ORD-00033450,CUST-000564,PROD-0040,6,3823.66,2026-08-31 11:00:00,shipped,2026-08-31 19:00:00
OL-000100352,ORD-00033450,CUST-000569,PROD-0778,8,3377.62,2026-08-31 12:00:00,delivered,2026-08-31 12:00:00
OL-000100353,ORD-00033451,CUST-003711,PROD-0082,8,2999.83,2026-08-31 13:00:00,placed,2026-08-31 13:00:00
OL-000100354,ORD-00033451,CUST-002248,PROD-0745,4,4027.63,2026-08-31 14:00:00,delivered,2026-08-31 14:00:00
OL-000100355,ORD-00033451,CUST-001181,PROD-0244,7,640.35,2026-08-31 15:00:00,delivered,2026-08-31 15:00:00
OL-000100356,ORD-00033452,CUST-002618,PROD-0813,1,1235.9,2026-08-31 16:00:00,delivered,2026-08-31 16:00:00
OL-000100357,ORD-00033452,CUST-003708,PROD-0512,2,638.81,2026-08-31 17:00:00,delivered,2026-08-31 17:00:00
OL-000100358,ORD-00033452,CUST-002356,PROD-0248,1,3077.55,2026-08-31 18:00:00,delivered,2026-08-31 18:00:00
OL-000100359,ORD-00033453,CUST-002519,PROD-0362,5,2128.84,2026-08-31 19:00:00,shipped,2026-08-31 19:00:00
OL-000100360,ORD-00033453,CUST-002738,PROD-0088,7,996.63,2026-08-31 08:00:00,delivered,2026-08-31 12:00:00
OL-000100361,ORD-00033453,CUST-002155,PROD-0558,6,436.74,2026-08-31 09:00:00,delivered,2026-08-31 13:00:00
OL-000100362,ORD-00033454,CUST-001600,PROD-0895,9,2713.43,2026-08-31 10:00:00,delivered,2026-08-31 14:00:00
OL-000100363,ORD-00033454,CUST-001039,PROD-0766,7,4711.26,2026-08-31 11:00:00,placed,2026-08-31 15:00:00
OL-000100364,ORD-00033454,CUST-003003,PROD-0673,2,1733.68,2026-08-31 12:00:00,delivered,2026-08-31 16:00:00
OL-000100365,ORD-00033455,CUST-001444,PROD-0560,6,744.36,2026-08-31 13:00:00,delivered,2026-08-31 17:00:00
OL-000100366,ORD-00033455,CUST-002805,PROD-0476,3,4006.2,2026-08-31 14:00:00,cancelled,2026-08-31 18:00:00
OL-000100367,ORD-00033455,CUST-003324,PROD-0139,8,3076.52,2026-08-31 15:00:00,placed,2026-08-31 19:00:00
OL-000100368,ORD-00033456,CUST-000826,PROD-0045,8,293.08,2026-08-31 16:00:00,delivered,2026-08-31 12:00:00
OL-000100369,ORD-00033456,CUST-001271,PROD-0528,1,1596.99,2026-08-31 17:00:00,delivered,2026-08-31 13:00:00
OL-000100370,ORD-00033456,CUST-000150,PROD-0772,9,2335.51,2026-08-31 18:00:00,delivered,2026-08-31 14:00:00
OL-000100371,ORD-00033457,CUST-003199,PROD-0049,5,1790.64,2026-08-31 19:00:00,delivered,2026-08-31 15:00:00
OL-000100372,ORD-00033457,CUST-003275,PROD-0377,6,1398.65,2026-08-31 08:00:00,delivered,2026-08-31 16:00:00
OL-000100373,ORD-00033457,CUST-003665,PROD-0396,7,3598.68,2026-08-31 09:00:00,delivered,2026-08-31 17:00:00
OL-000100374,ORD-00033458,CUST-002038,PROD-0377,3,2442.23,2026-08-31 10:00:00,delivered,2026-08-31 18:00:00
OL-000100375,ORD-00033458,CUST-000339,PROD-0745,9,1368.25,2026-08-31 11:00:00,delivered,2026-08-31 19:00:00
OL-000100376,ORD-00033458,CUST-003369,PROD-0185,7,2939.48,2026-08-31 12:00:00,delivered,2026-08-31 12:00:00
OL-000100377,ORD-00033459,CUST-001344,PROD-0677,6,600.16,2026-08-31 13:00:00,shipped,2026-08-31 13:00:00
OL-000100378,ORD-00033459,CUST-001746,PROD-0171,8,2940.27,2026-08-31 14:00:00,delivered,2026-08-31 14:00:00
OL-000100379,ORD-00033459,CUST-002978,PROD-0891,6,2212.57,2026-08-31 15:00:00,delivered,2026-08-31 15:00:00
OL-000100380,ORD-00033460,CUST-003242,PROD-0059,7,1404.92,2026-08-31 16:00:00,placed,2026-08-31 16:00:00
OL-000100381,ORD-00033460,CUST-003282,PROD-0768,7,1820.3,2026-08-31 17:00:00,delivered,2026-08-31 17:00:00
OL-000100382,ORD-00033460,CUST-002489,PROD-0695,1,788.21,2026-08-31 18:00:00,delivered,2026-08-31 18:00:00
OL-000100383,ORD-00033461,CUST-000967,PROD-0798,1,710.76,2026-08-31 19:00:00,delivered,2026-08-31 19:00:00
OL-000100384,ORD-00033461,CUST-002324,PROD-0034,6,1911.76,2026-08-31 08:00:00,delivered,2026-08-31 12:00:00
OL-000100385,ORD-00033461,CUST-001524,PROD-0455,8,4560.49,2026-08-31 09:00:00,delivered,2026-08-31 13:00:00
OL-000100386,ORD-00033462,CUST-001631,PROD-0322,3,2597.87,2026-08-31 10:00:00,delivered,2026-08-31 14:00:00
OL-000100387,ORD-00033462,CUST-000107,PROD-0754,4,4615.23,2026-08-31 11:00:00,shipped,2026-08-31 15:00:00
OL-000100388,ORD-00033462,CUST-002301,PROD-0121,9,1931.1,2026-08-31 12:00:00,shipped,2026-08-31 16:00:00
OL-000100389,ORD-00033463,CUST-000879,PROD-0627,5,3414.9,2026-08-31 13:00:00,shipped,2026-08-31 17:00:00
OL-000100390,ORD-00033463,CUST-000556,PROD-0874,8,1056.83,2026-08-31 14:00:00,placed,2026-08-31 18:00:00
OL-000100391,ORD-00033463,CUST-001824,PROD-0090,3,4325.82,2026-08-31 15:00:00,delivered,2026-08-31 19:00:00
OL-000100392,ORD-00033464,CUST-002907,PROD-0067,6,3245.49,2026-08-31 16:00:00,delivered,2026-08-31 12:00:00
OL-000100393,ORD-00033464,CUST-003488,PROD-0162,5,4291.43,2026-08-31 17:00:00,delivered,2026-08-31 13:00:00
OL-000100394,ORD-00033464,CUST-002084,PROD-0230,3,3834.5,2026-08-31 18:00:00,shipped,2026-08-31 14:00:00
OL-000100395,ORD-00033465,CUST-000970,PROD-0810,4,3826.87,2026-08-31 19:00:00,delivered,2026-08-31 15:00:00
OL-000100396,ORD-00033465,CUST-001512,PROD-0479,6,2712.82,2026-08-31 08:00:00,delivered,2026-08-31 16:00:00
OL-000100397,ORD-00033465,CUST-003622,PROD-0089,9,727.33,2026-08-31 09:00:00,placed,2026-08-31 17:00:00
OL-000100398,ORD-00033466,CUST-002945,PROD-0491,7,4798.1,2026-08-31 10:00:00,delivered,2026-08-31 18:00:00
OL-000100399,ORD-00033466,CUST-000303,PROD-0129,7,3973.23,2026-08-31 11:00:00,cancelled,2026-08-31 19:00:00
OL-000100400,ORD-00033466,CUST-002786,PROD-0530,2,2225.88,2026-08-31 12:00:00,delivered,2026-08-31 12:00:00
OL-000100401,ORD-00033467,CUST-000746,PROD-0787,9,3114.24,2026-08-31 13:00:00,cancelled,2026-08-31 13:00:00
OL-000100402,ORD-00033467,CUST-003557,PROD-0057,7,2473.4,2026-08-31 14:00:00,delivered,2026-08-31 14:00:00
OL-000100403,ORD-00033467,CUST-000675,PROD-0166,9,836.11,2026-08-31 15:00:00,delivered,2026-08-31 15:00:00
OL-000100404,ORD-00033468,CUST-003854,PROD-0532,4,1739.39,2026-08-31 16:00:00,delivered,2026-08-31 16:00:00
OL-000100405,ORD-00033468,CUST-002602,PROD-0565,2,1292.83,2026-08-31 17:00:00,shipped,2026-08-31 17:00:00
OL-000100406,ORD-00033468,CUST-000383,PROD-0515,5,2995.52,2026-08-31 18:00:00,delivered,2026-08-31 18:00:00
OL-000100407,ORD-00033469,CUST-002558,PROD-0738,3,921.22,2026-08-31 19:00:00,delivered,2026-08-31 19:00:00
OL-000100408,ORD-00033469,CUST-002309,PROD-0043,6,4063.04,2026-08-31 08:00:00,delivered,2026-08-31 12:00:00
OL-000100409,ORD-00033469,CUST-003886,PROD-0657,1,500.12,2026-08-31 09:00:00,delivered,2026-08-31 13:00:00
OL-000100410,ORD-00033470,CUST-003142,PROD-0586,5,3167.29,2026-08-31 10:00:00,delivered,2026-08-31 14:00:00
OL-000100411,ORD-00033470,CUST-002569,PROD-0559,1,2450.82,2026-08-31 11:00:00,shipped,2026-08-31 15:00:00
OL-000100412,ORD-00033470,CUST-003297,PROD-0827,5,2380.18,2026-08-31 12:00:00,delivered,2026-08-31 16:00:00
OL-000100413,ORD-00033471,CUST-002821,PROD-0062,5,2242.59,2026-08-31 13:00:00,shipped,2026-08-31 17:00:00
OL-000100414,ORD-00033471,CUST-000836,PROD-0349,7,2386.3,2026-08-31 14:00:00,delivered,2026-08-31 18:00:00
OL-000100415,ORD-00033471,CUST-001308,PROD-0752,6,4151.75,2026-08-31 15:00:00,cancelled,2026-08-31 19:00:00
OL-000100416,ORD-00033472,CUST-000536,PROD-0779,6,4684.75,2026-08-31 16:00:00,delivered,2026-08-31 12:00:00
OL-000100417,ORD-00033472,CUST-000991,PROD-0478,9,616.94,2026-08-31 17:00:00,shipped,2026-08-31 13:00:00
OL-000100418,ORD-00033472,CUST-000397,PROD-0052,8,1280.26,2026-08-31 18:00:00,shipped,2026-08-31 14:00:00
OL-000100419,ORD-00033473,CUST-001713,PROD-0255,7,4164.29,2026-08-31 19:00:00,cancelled,2026-08-31 15:00:00
OL-000100420,ORD-00033473,CUST-003825,PROD-0592,3,3927.08,2026-08-31 08:00:00,delivered,2026-08-31 16:00:00
OL-000100421,ORD-00033473,CUST-002041,PROD-0528,4,3691.41,2026-08-31 09:00:00,delivered,2026-08-31 17:00:00
OL-000100422,ORD-00033474,CUST-000369,PROD-0403,5,2447.69,2026-08-31 10:00:00,delivered,2026-08-31 18:00:00
OL-000100423,ORD-00033474,CUST-001446,PROD-0050,4,1126.88,2026-08-31 11:00:00,placed,2026-08-31 19:00:00
OL-000100424,ORD-00033474,CUST-003453,PROD-0670,8,2916.39,2026-08-31 12:00:00,delivered,2026-08-31 12:00:00
OL-000100425,ORD-00033475,CUST-003471,PROD-0111,5,2631.71,2026-08-31 13:00:00,delivered,2026-08-31 13:00:00
OL-000100426,ORD-00033475,CUST-003129,PROD-0413,5,3524.74,2026-08-31 14:00:00,delivered,2026-08-31 14:00:00
OL-000100427,ORD-00033475,CUST-002302,PROD-0200,7,359.42,2026-08-31 15:00:00,delivered,2026-08-31 15:00:00
OL-000100428,ORD-00033476,CUST-002066,PROD-0462,5,464.13,2026-08-31 16:00:00,delivered,2026-08-31 16:00:00
OL-000100429,ORD-00033476,CUST-002553,PROD-0697,5,3982.46,2026-08-31 17:00:00,delivered,2026-08-31 17:00:00
OL-000100430,ORD-00033476,CUST-001614,PROD-0383,3,4683.39,2026-08-31 18:00:00,delivered,2026-08-31 18:00:00
OL-000100431,ORD-00033477,CUST-001498,PROD-0774,6,2730.65,2026-08-31 19:00:00,shipped,2026-08-31 19:00:00
OL-000100432,ORD-00033477,CUST-000165,PROD-0047,9,1998.49,2026-08-31 08:00:00,placed,2026-08-31 12:00:00
OL-000100433,ORD-00033477,CUST-002128,PROD-0468,6,3882.56,2026-08-31 09:00:00,shipped,2026-08-31 13:00:00
OL-000100434,ORD-00033478,CUST-003815,PROD-0628,9,774.18,2026-08-31 10:00:00,delivered,2026-08-31 14:00:00
OL-000100435,ORD-00033478,CUST-003029,PROD-0863,7,4756.08,2026-08-31 11:00:00,shipped,2026-08-31 15:00:00
OL-000100436,ORD-00033478,CUST-002088,PROD-0546,6,2494.23,2026-08-31 12:00:00,delivered,2026-08-31 16:00:00
OL-000100437,ORD-00033479,CUST-000069,PROD-0378,5,2342.5,2026-08-31 13:00:00,delivered,2026-08-31 17:00:00
OL-000100438,ORD-00033479,CUST-002391,PROD-0316,2,4705.92,2026-08-31 14:00:00,delivered,2026-08-31 18:00:00
OL-000100439,ORD-00033479,CUST-001088,PROD-0672,1,2913.54,2026-08-31 15:00:00,delivered,2026-08-31 19:00:00
OL-000100440,ORD-00033480,CUST-002391,PROD-0492,4,3496.15,2026-08-31 16:00:00,shipped,2026-08-31 12:00:00
OL-000100441,ORD-00033480,CUST-002789,PROD-0249,7,811.59,2026-08-31 17:00:00,placed,2026-08-31 13:00:00
OL-000100442,ORD-00033480,CUST-001807,PROD-0322,2,1012.87,2026-08-31 18:00:00,delivered,2026-08-31 14:00:00
OL-000100443,ORD-00033481,CUST-001681,PROD-0514,7,3351.54,2026-08-31 19:00:00,delivered,2026-08-31 15:00:00
OL-000100444,ORD-00033481,CUST-003014,PROD-0745,8,4204.79,2026-08-31 08:00:00,placed,2026-08-31 16:00:00
OL-000100445,ORD-00033481,CUST-002298,PROD-0333,3,2547.44,2026-08-31 09:00:00,cancelled,2026-08-31 17:00:00
OL-000100446,ORD-00033482,CUST-001286,PROD-0178,8,2579.23,2026-08-31 10:00:00,delivered,2026-08-31 18:00:00
OL-000100447,ORD-00033482,CUST-001452,PROD-0693,9,1722.09,2026-08-31 11:00:00,delivered,2026-08-31 19:00:00
OL-000100448,ORD-00033482,CUST-000788,PROD-0253,5,2975.16,2026-08-31 12:00:00,shipped,2026-08-31 12:00:00
OL-000100449,ORD-00033483,CUST-003986,PROD-0305,5,1172.38,2026-08-31 13:00:00,delivered,2026-08-31 13:00:00
OL-000100450,ORD-00033483,CUST-002003,PROD-0325,4,3350.32,2026-08-31 14:00:00,delivered,2026-08-31 14:00:00
OL-000100451,ORD-00033483,CUST-003258,PROD-0739,9,4489.72,2026-08-31 15:00:00,shipped,2026-08-31 15:00:00
OL-000100452,ORD-00033484,CUST-002225,PROD-0389,2,2803.87,2026-08-31 16:00:00,delivered,2026-08-31 16:00:00
OL-000100453,ORD-00033484,CUST-003911,PROD-0792,7,3950.01,2026-08-31 17:00:00,delivered,2026-08-31 17:00:00
OL-000100454,ORD-00033484,CUST-003913,PROD-0732,5,316.87,2026-08-31 18:00:00,placed,2026-08-31 18:00:00
OL-000100455,ORD-00033485,CUST-003062,PROD-0491,8,3189.95,2026-08-31 19:00:00,shipped,2026-08-31 19:00:00
OL-000100456,ORD-00033485,CUST-002303,PROD-0713,9,1388.9,2026-08-31 08:00:00,shipped,2026-08-31 12:00:00
OL-000100457,ORD-00033485,CUST-002404,PROD-0246,2,3001.37,2026-08-31 09:00:00,shipped,2026-08-31 13:00:00
OL-000100458,ORD-00033486,CUST-000954,PROD-0054,9,1176.14,2026-08-31 10:00:00,shipped,2026-08-31 14:00:00
OL-000100459,ORD-00033486,CUST-000412,PROD-0698,6,3477.24,2026-08-31 11:00:00,delivered,2026-08-31 15:00:00
OL-000100460,ORD-00033486,CUST-003806,PROD-0162,1,4633.95,2026-08-31 12:00:00,delivered,2026-08-31 16:00:00
OL-000100461,ORD-00033487,CUST-000817,PROD-0775,8,2354.46,2026-08-31 13:00:00,cancelled,2026-08-31 17:00:00
OL-000100462,ORD-00033487,CUST-000243,PROD-0788,6,1455.74,2026-08-31 14:00:00,placed,2026-08-31 18:00:00
OL-000100463,ORD-00033487,CUST-002962,PROD-0871,4,2624.51,2026-08-31 15:00:00,delivered,2026-08-31 19:00:00
OL-000100464,ORD-00033488,CUST-003431,PROD-0181,3,2075.7,2026-08-31 16:00:00,delivered,2026-08-31 12:00:00
OL-000100465,ORD-00033488,CUST-001627,PROD-0807,1,4786.76,2026-08-31 17:00:00,delivered,2026-08-31 13:00:00
OL-000100466,ORD-00033488,CUST-000038,PROD-0306,5,4223.16,2026-08-31 18:00:00,delivered,2026-08-31 14:00:00
OL-000100467,ORD-00033489,CUST-001373,PROD-0292,2,4465.17,2026-08-31 19:00:00,delivered,2026-08-31 15:00:00
OL-000100468,ORD-00033489,CUST-003643,PROD-0138,9,2573.81,2026-08-31 08:00:00,delivered,2026-08-31 16:00:00
OL-000100469,ORD-00033489,CUST-003313,PROD-0116,8,1396.88,2026-08-31 09:00:00,delivered,2026-08-31 17:00:00
OL-000100470,ORD-00033490,CUST-002944,PROD-0191,8,3153.98,2026-08-31 10:00:00,placed,2026-08-31 18:00:00
OL-000100471,ORD-00033490,CUST-002326,PROD-0691,6,3820.79,2026-08-31 11:00:00,delivered,2026-08-31 19:00:00
OL-000100472,ORD-00033490,CUST-002617,PROD-0416,3,2979.27,2026-08-31 12:00:00,delivered,2026-08-31 12:00:00
OL-000100473,ORD-00033491,CUST-001642,PROD-0686,9,1654.7,2026-08-31 13:00:00,placed,2026-08-31 13:00:00
OL-000100474,ORD-00033491,CUST-003834,PROD-0255,3,2354.49,2026-08-31 14:00:00,placed,2026-08-31 14:00:00
OL-000100475,ORD-00033491,CUST-003088,PROD-0274,7,1222.24,2026-08-31 15:00:00,delivered,2026-08-31 15:00:00
OL-000100476,ORD-00033492,CUST-002347,PROD-0012,5,2845.92,2026-08-31 16:00:00,shipped,2026-08-31 16:00:00
OL-000100477,ORD-00033492,CUST-000255,PROD-0684,6,3362.16,2026-08-31 17:00:00,shipped,2026-08-31 17:00:00
OL-000100478,ORD-00033492,CUST-002811,PROD-0515,5,867.47,2026-08-31 18:00:00,delivered,2026-08-31 18:00:00
OL-000100479,ORD-00033493,CUST-002617,PROD-0303,5,3350.56,2026-08-31 19:00:00,delivered,2026-08-31 19:00:00
OL-000100480,ORD-00033493,CUST-000548,PROD-0490,4,1145.52,2026-08-31 08:00:00,shipped,2026-08-31 12:00:00
OL-000100481,ORD-00033493,CUST-002250,PROD-0483,6,2066.16,2026-08-31 09:00:00,delivered,2026-08-31 13:00:00
OL-000100482,ORD-00033494,CUST-002787,PROD-0773,4,3685.5,2026-08-31 10:00:00,delivered,2026-08-31 14:00:00
OL-000100483,ORD-00033494,CUST-002164,PROD-0721,2,2579.37,2026-08-31 11:00:00,delivered,2026-08-31 15:00:00
OL-000100484,ORD-00033494,CUST-002244,PROD-0518,2,409.03,2026-08-31 12:00:00,shipped,2026-08-31 16:00:00
OL-000100485,ORD-00033495,CUST-001344,PROD-0875,9,821.31,2026-08-31 13:00:00,delivered,2026-08-31 17:00:00
OL-000100486,ORD-00033495,CUST-002937,PROD-0598,2,3303.78,2026-08-31 14:00:00,delivered,2026-08-31 18:00:00
OL-000100487,ORD-00033495,CUST-000228,PROD-0465,9,2204.86,2026-08-31 15:00:00,shipped,2026-08-31 19:00:00
OL-000100488,ORD-00033496,CUST-000237,PROD-0573,7,2257.82,2026-08-31 16:00:00,delivered,2026-08-31 12:00:00
OL-000100489,ORD-00033496,CUST-001622,PROD-0261,5,3504.95,2026-08-31 17:00:00,delivered,2026-08-31 13:00:00
OL-000100490,ORD-00033496,CUST-000186,PROD-0434,4,2826.5,2026-08-31 18:00:00,delivered,2026-08-31 14:00:00
OL-000100491,ORD-00033497,CUST-000247,PROD-0071,2,2652.65,2026-08-31 19:00:00,cancelled,2026-08-31 15:00:00
OL-000100492,ORD-00033497,CUST-001675,PROD-0185,8,268.52,2026-08-31 08:00:00,delivered,2026-08-31 16:00:00
OL-000100493,ORD-00033497,CUST-003651,PROD-0392,7,1872.48,2026-08-31 09:00:00,delivered,2026-08-31 17:00:00
OL-000100494,ORD-00033498,CUST-002797,PROD-0678,7,1878.02,2026-08-31 10:00:00,delivered,2026-08-31 18:00:00
OL-000100495,ORD-00033498,CUST-001425,PROD-0122,3,3178.54,2026-08-31 11:00:00,shipped,2026-08-31 19:00:00
OL-000100496,ORD-00033498,CUST-000522,PROD-0746,9,1959.51,2026-08-31 12:00:00,cancelled,2026-08-31 12:00:00
OL-000100497,ORD-00033499,CUST-001223,PROD-0475,1,3658.92,2026-08-31 13:00:00,delivered,2026-08-31 13:00:00
OL-000100498,ORD-00033499,CUST-001554,PROD-0844,9,2104.92,2026-08-31 14:00:00,shipped,2026-08-31 14:00:00
OL-000100499,ORD-00033499,CUST-001130,PROD-0194,8,1740.03,2026-08-31 15:00:00,delivered,2026-08-31 15:00:00
OL-000100500,ORD-00033500,CUST-002705,PROD-0430,2,270.78,2026-08-31 16:00:00,delivered,2026-08-31 16:00:00
OL-000100501,ORD-00033500,CUST-000276,PROD-0104,1,1246.32,2026-08-31 17:00:00,delivered,2026-08-31 17:00:00
OL-000100502,ORD-00033500,CUST-002881,PROD-0894,8,2917.63,2026-08-31 18:00:00,placed,2026-08-31 18:00:00
OL-000100503,ORD-00033501,CUST-000960,PROD-0553,1,2002.6,2026-08-31 19:00:00,shipped,2026-08-31 19:00:00
OL-000100504,ORD-00033501,CUST-001185,PROD-0240,1,775.83,2026-08-31 08:00:00,delivered,2026-08-31 12:00:00
OL-000100505,ORD-00033501,CUST-003165,PROD-0689,6,2822.58,2026-08-31 09:00:00,delivered,2026-08-31 13:00:00
OL-000100506,ORD-00033502,CUST-000587,PROD-0677,4,1532.26,2026-08-31 10:00:00,delivered,2026-08-31 14:00:00
OL-000100507,ORD-00033502,CUST-000250,PROD-0571,7,1526.34,2026-08-31 11:00:00,delivered,2026-08-31 15:00:00
OL-000100508,ORD-00033502,CUST-001750,PROD-0570,3,3049.65,2026-08-31 12:00:00,delivered,2026-08-31 16:00:00
OL-000100509,ORD-00033503,CUST-002750,PROD-0391,6,4526.62,2026-08-31 13:00:00,delivered,2026-08-31 17:00:00
OL-000100510,ORD-00033503,CUST-001673,PROD-0153,6,3378.72,2026-08-31 14:00:00,shipped,2026-08-31 18:00:00
OL-000100511,ORD-00033503,CUST-001940,PROD-0247,3,3650.67,2026-08-31 15:00:00,delivered,2026-08-31 19:00:00
OL-000100512,ORD-00033504,CUST-000592,PROD-0826,5,4133.29,2026-08-31 16:00:00,delivered,2026-08-31 12:00:00
OL-000100513,ORD-00033504,CUST-003965,PROD-0427,1,2751.97,2026-08-31 17:00:00,delivered,2026-08-31 13:00:00
OL-000100514,ORD-00033504,CUST-001045,PROD-0209,3,1937.8,2026-08-31 18:00:00,delivered,2026-08-31 14:00:00
OL-000100515,ORD-00033505,CUST-003470,PROD-0380,2,4436.02,2026-08-31 19:00:00,placed,2026-08-31 15:00:00
OL-000100516,ORD-00033505,CUST-001545,PROD-0690,4,361.19,2026-08-31 08:00:00,delivered,2026-08-31 16:00:00
OL-000100517,ORD-00033505,CUST-000771,PROD-0824,1,4208.54,2026-08-31 09:00:00,delivered,2026-08-31 17:00:00
OL-000100518,ORD-00033506,CUST-000856,PROD-0891,9,1135.64,2026-08-31 10:00:00,delivered,2026-08-31 18:00:00
OL-000100519,ORD-00033506,CUST-000063,PROD-0217,5,4598.85,2026-08-31 11:00:00,delivered,2026-08-31 19:00:00
OL-000100520,ORD-00033506,CUST-003090,PROD-0491,2,3615.39,2026-08-31 12:00:00,delivered,2026-08-31 12:00:00
OL-000100521,ORD-00033507,CUST-000981,PROD-0566,4,1976.24,2026-08-31 13:00:00,delivered,2026-08-31 13:00:00
OL-000100522,ORD-00033507,CUST-002186,PROD-0665,5,1901.5,2026-08-31 14:00:00,delivered,2026-08-31 14:00:00
OL-000100523,ORD-00033507,CUST-003616,PROD-0510,5,1803.14,2026-08-31 15:00:00,delivered,2026-08-31 15:00:00
OL-000100524,ORD-00033508,CUST-001312,PROD-0209,8,3684.42,2026-08-31 16:00:00,delivered,2026-08-31 16:00:00
OL-000100525,ORD-00033508,CUST-003540,PROD-0227,7,333.95,2026-08-31 17:00:00,delivered,2026-08-31 17:00:00
OL-000100526,ORD-00033508,CUST-003829,PROD-0599,1,1340.42,2026-08-31 18:00:00,delivered,2026-08-31 18:00:00
OL-000100527,ORD-00033509,CUST-000804,PROD-0338,7,1501.5,2026-08-31 19:00:00,shipped,2026-08-31 19:00:00
OL-000100528,ORD-00033509,CUST-002682,PROD-0702,4,2456.73,2026-08-31 08:00:00,delivered,2026-08-31 12:00:00
OL-000100529,ORD-00033509,CUST-002629,PROD-0758,8,4643.26,2026-08-31 09:00:00,delivered,2026-08-31 13:00:00
OL-000100530,ORD-00033510,CUST-001443,PROD-0174,3,3549.37,2026-08-31 10:00:00,shipped,2026-08-31 14:00:00
OL-000100531,ORD-00033510,CUST-003756,PROD-0556,9,2405.32,2026-08-31 11:00:00,cancelled,2026-08-31 15:00:00
OL-000100532,ORD-00033510,CUST-003437,PROD-0868,1,2572.06,2026-08-31 12:00:00,placed,2026-08-31 16:00:00
OL-000100533,ORD-00033511,CUST-001690,PROD-0141,1,3697.11,2026-08-31 13:00:00,delivered,2026-08-31 17:00:00
OL-000100534,ORD-00033511,CUST-000619,PROD-0010,4,438.09,2026-08-31 14:00:00,shipped,2026-08-31 18:00:00
OL-000100535,ORD-00033511,CUST-002531,PROD-0654,8,1866.58,2026-08-31 15:00:00,delivered,2026-08-31 19:00:00
OL-000100536,ORD-00033512,CUST-000065,PROD-0007,8,3205.45,2026-08-31 16:00:00,delivered,2026-08-31 12:00:00
OL-000100537,ORD-00033512,CUST-002169,PROD-0740,7,175.46,2026-08-31 17:00:00,shipped,2026-08-31 13:00:00
OL-000100538,ORD-00033512,CUST-003331,PROD-0715,5,200.23,2026-08-31 18:00:00,delivered,2026-08-31 14:00:00
OL-000100539,ORD-00033513,CUST-000395,PROD-0537,3,620.84,2026-08-31 19:00:00,shipped,2026-08-31 15:00:00
OL-000100540,ORD-00033513,CUST-001034,PROD-0835,4,3020.57,2026-08-31 08:00:00,delivered,2026-08-31 16:00:00
OL-000100541,ORD-00033513,CUST-003930,PROD-0416,7,489.81,2026-08-31 09:00:00,delivered,2026-08-31 17:00:00
OL-000100542,ORD-00033514,CUST-000926,PROD-0308,4,4754.29,2026-08-31 10:00:00,delivered,2026-08-31 18:00:00
OL-000100543,ORD-00033514,CUST-003516,PROD-0666,2,3179.48,2026-08-31 11:00:00,delivered,2026-08-31 19:00:00
OL-000100544,ORD-00033514,CUST-001545,PROD-0566,2,2016.7,2026-08-31 12:00:00,delivered,2026-08-31 12:00:00
OL-000100545,ORD-00033515,CUST-000339,PROD-0512,1,3409.32,2026-08-31 13:00:00,delivered,2026-08-31 13:00:00
OL-000100546,ORD-00033515,CUST-003515,PROD-0098,6,2768.21,2026-08-31 14:00:00,delivered,2026-08-31 14:00:00
OL-000100547,ORD-00033515,CUST-003692,PROD-0889,1,1195.31,2026-08-31 15:00:00,delivered,2026-08-31 15:00:00
OL-000100548,ORD-00033516,CUST-003786,PROD-0077,8,1388.72,2026-08-31 16:00:00,delivered,2026-08-31 16:00:00
OL-000100549,ORD-00033516,CUST-002309,PROD-0674,5,4328.78,2026-08-31 17:00:00,placed,2026-08-31 17:00:00
OL-000100550,ORD-00033516,CUST-000849,PROD-0602,6,193.28,2026-08-31 18:00:00,shipped,2026-08-31 18:00:00
OL-000100551,ORD-00033517,CUST-001226,PROD-0167,7,4467.13,2026-08-31 19:00:00,delivered,2026-08-31 19:00:00
OL-000100552,ORD-00033517,CUST-002215,PROD-0340,7,3288.52,2026-08-31 08:00:00,delivered,2026-08-31 12:00:00
OL-000100553,ORD-00033517,CUST-002824,PROD-0742,3,3819.53,2026-08-31 09:00:00,placed,2026-08-31 13:00:00
OL-000100554,ORD-00033518,CUST-001791,PROD-0238,6,371.3,2026-08-31 10:00:00,delivered,2026-08-31 14:00:00
OL-000100555,ORD-00033518,CUST-002515,PROD-0610,6,2952.19,2026-08-31 11:00:00,delivered,2026-08-31 15:00:00
OL-000100556,ORD-00033518,CUST-001120,PROD-0803,6,258.65,2026-08-31 12:00:00,cancelled,2026-08-31 16:00:00
OL-000100557,ORD-00033519,CUST-002266,PROD-0385,8,1187.69,2026-08-31 13:00:00,delivered,2026-08-31 17:00:00
OL-000100558,ORD-00033519,CUST-002534,PROD-0303,7,521.05,2026-08-31 14:00:00,delivered,2026-08-31 18:00:00
OL-000100559,ORD-00033519,CUST-000632,PROD-0390,2,503.94,2026-08-31 15:00:00,delivered,2026-08-31 19:00:00
OL-000100560,ORD-00033520,CUST-001298,PROD-0370,3,3581.59,2026-08-31 16:00:00,shipped,2026-08-31 12:00:00
OL-000100561,ORD-00033520,CUST-001822,PROD-0369,1,4533.05,2026-08-31 17:00:00,delivered,2026-08-31 13:00:00
OL-000100562,ORD-00033520,CUST-000768,PROD-0442,2,740.13,2026-08-31 18:00:00,delivered,2026-08-31 14:00:00
OL-000100563,ORD-00033521,CUST-000424,PROD-0027,9,2518.22,2026-08-31 19:00:00,placed,2026-08-31 15:00:00
OL-000100564,ORD-00033521,CUST-002450,PROD-0804,9,555.54,2026-08-31 08:00:00,delivered,2026-08-31 16:00:00
OL-000100565,ORD-00033521,CUST-001695,PROD-0398,7,177.75,2026-08-31 09:00:00,delivered,2026-08-31 17:00:00
OL-000100566,ORD-00033522,CUST-000995,PROD-0586,9,4356.37,2026-08-31 10:00:00,delivered,2026-08-31 18:00:00
OL-000100567,ORD-00033522,CUST-001102,PROD-0309,7,913.27,2026-08-31 11:00:00,shipped,2026-08-31 19:00:00
OL-000100568,ORD-00033522,CUST-001781,PROD-0283,3,416.09,2026-08-31 12:00:00,delivered,2026-08-31 12:00:00
OL-000100569,ORD-00033523,CUST-001480,PROD-0258,8,3782.88,2026-08-31 13:00:00,delivered,2026-08-31 13:00:00
OL-000100570,ORD-00033523,CUST-000801,PROD-0469,8,2899.01,2026-08-31 14:00:00,shipped,2026-08-31 14:00:00
OL-000100571,ORD-00033523,CUST-001621,PROD-0341,5,151.67,2026-08-31 15:00:00,delivered,2026-08-31 15:00:00
OL-000100572,ORD-00033524,CUST-001350,PROD-0451,7,3883.08,2026-08-31 16:00:00,delivered,2026-08-31 16:00:00
OL-000100573,ORD-00033524,CUST-002471,PROD-0712,3,1526.04,2026-08-31 17:00:00,shipped,2026-08-31 17:00:00
OL-000100574,ORD-00033524,CUST-001632,PROD-0327,6,951.34,2026-08-31 18:00:00,shipped,2026-08-31 18:00:00
OL-000100575,ORD-00033525,CUST-003203,PROD-0249,8,4649.13,2026-08-31 19:00:00,delivered,2026-08-31 19:00:00
OL-000100576,ORD-00033525,CUST-001610,PROD-0374,5,3941.19,2026-08-31 08:00:00,shipped,2026-08-31 12:00:00
OL-000100577,ORD-00033525,CUST-002235,PROD-0185,4,2891.62,2026-08-31 09:00:00,delivered,2026-08-31 13:00:00
OL-000100578,ORD-00033526,CUST-002979,PROD-0473,9,245.97,2026-08-31 10:00:00,delivered,2026-08-31 14:00:00
OL-000100579,ORD-00033526,CUST-001194,PROD-0852,4,2171.97,2026-08-31 11:00:00,delivered,2026-08-31 15:00:00
OL-000100580,ORD-00033526,CUST-000571,PROD-0649,7,3269.54,2026-08-31 12:00:00,delivered,2026-08-31 16:00:00
OL-000100581,ORD-00033527,CUST-002930,PROD-0434,5,3202.54,2026-08-31 13:00:00,delivered,2026-08-31 17:00:00
OL-000100582,ORD-00033527,CUST-002450,PROD-0491,2,2221.63,2026-08-31 14:00:00,delivered,2026-08-31 18:00:00
OL-000100583,ORD-00033527,CUST-003770,PROD-0891,9,2490.95,2026-08-31 15:00:00,delivered,2026-08-31 19:00:00
OL-000100584,ORD-00033528,CUST-003967,PROD-0369,9,292.06,2026-08-31 16:00:00,delivered,2026-08-31 12:00:00
OL-000100585,ORD-00033528,CUST-003746,PROD-0088,9,2899.08,2026-08-31 17:00:00,shipped,2026-08-31 13:00:00
OL-000100586,ORD-00033528,CUST-001455,PROD-0171,4,3197.58,2026-08-31 18:00:00,delivered,2026-08-31 14:00:00
OL-000100587,ORD-00033529,CUST-002643,PROD-0694,1,2755.87,2026-08-31 19:00:00,delivered,2026-08-31 15:00:00
OL-000100588,ORD-00033529,CUST-001764,PROD-0109,6,4639.55,2026-08-31 08:00:00,placed,2026-08-31 16:00:00
OL-000100589,ORD-00033529,CUST-003060,PROD-0532,5,1158.97,2026-08-31 09:00:00,delivered,2026-08-31 17:00:00
OL-000100590,ORD-00033530,CUST-001603,PROD-0475,4,2206.24,2026-08-31 10:00:00,delivered,2026-08-31 18:00:00
OL-000100591,ORD-00033530,CUST-000101,PROD-0495,9,825.49,2026-08-31 11:00:00,shipped,2026-08-31 19:00:00
OL-000100592,ORD-00033530,CUST-000352,PROD-0119,7,4428.16,2026-08-31 12:00:00,delivered,2026-08-31 12:00:00
OL-000100593,ORD-00033531,CUST-001406,PROD-0467,3,1750.18,2026-08-31 13:00:00,delivered,2026-08-31 13:00:00
OL-000100594,ORD-00033531,CUST-001951,PROD-0100,9,2380.09,2026-08-31 14:00:00,delivered,2026-08-31 14:00:00
OL-000100595,ORD-00033531,CUST-001230,PROD-0046,8,1612.5,2026-08-31 15:00:00,delivered,2026-08-31 15:00:00
OL-000100596,ORD-00033532,CUST-001406,PROD-0664,2,225.7,2026-08-31 16:00:00,shipped,2026-08-31 16:00:00
OL-000100597,ORD-00033532,CUST-003034,PROD-0250,3,4472.04,2026-08-31 17:00:00,delivered,2026-08-31 17:00:00
OL-000100598,ORD-00033532,CUST-002294,PROD-0437,9,869.44,2026-08-31 18:00:00,delivered,2026-08-31 18:00:00
OL-000100599,ORD-00033533,CUST-002580,PROD-0189,4,3853.5,2026-08-31 19:00:00,shipped,2026-08-31 19:00:00
OL-000100600,ORD-00033533,CUST-003021,PROD-0629,7,1971.33,2026-08-31 08:00:00,delivered,2026-08-31 12:00:00
OL-000100601,ORD-00033533,CUST-001593,PROD-0005,8,2891.51,2026-08-31 09:00:00,delivered,2026-08-31 13:00:00
OL-000100602,ORD-00033534,CUST-002883,PROD-0829,4,1422.65,2026-08-31 10:00:00,delivered,2026-08-31 14:00:00
OL-000100603,ORD-00033534,CUST-002200,PROD-0192,2,3861.67,2026-08-31 11:00:00,delivered,2026-08-31 15:00:00
OL-000100604,ORD-00033534,CUST-001075,PROD-0687,4,2261.34,2026-08-31 12:00:00,delivered,2026-08-31 16:00:00
OL-000100605,ORD-00033535,CUST-001284,PROD-0612,9,4640.49,2026-08-31 13:00:00,delivered,2026-08-31 17:00:00
OL-000100606,ORD-00033535,CUST-001426,PROD-0361,7,2867.18,2026-08-31 14:00:00,delivered,2026-08-31 18:00:00
OL-000100607,ORD-00033535,CUST-002892,PROD-0820,3,3928.3,2026-08-31 15:00:00,shipped,2026-08-31 19:00:00
OL-000100608,ORD-00033536,CUST-001283,PROD-0121,2,3265.48,2026-08-31 16:00:00,shipped,2026-08-31 12:00:00
OL-000100609,ORD-00033536,CUST-002841,PROD-0145,2,976.65,2026-08-31 17:00:00,delivered,2026-08-31 13:00:00
OL-000100610,ORD-00033536,CUST-002355,PROD-0393,7,2911.27,2026-08-31 18:00:00,delivered,2026-08-31 14:00:00
OL-000100611,ORD-00033537,CUST-002841,PROD-0661,8,3094.15,2026-08-31 19:00:00,delivered,2026-08-31 15:00:00
OL-000100612,ORD-00033537,CUST-002006,PROD-0296,3,2716.99,2026-08-31 08:00:00,shipped,2026-08-31 16:00:00
OL-000100613,ORD-00033537,CUST-002538,PROD-0055,6,4060.49,2026-08-31 09:00:00,delivered,2026-08-31 17:00:00
OL-000100614,ORD-00033538,CUST-000800,PROD-0835,1,2387.97,2026-08-31 10:00:00,delivered,2026-08-31 18:00:00
OL-000100615,ORD-00033538,CUST-002028,PROD-0419,9,2485.45,2026-08-31 11:00:00,delivered,2026-08-31 19:00:00
OL-000100616,ORD-00033538,CUST-001819,PROD-0501,7,3443.47,2026-08-31 12:00:00,shipped,2026-08-31 12:00:00
OL-000100617,ORD-00033539,CUST-000904,PROD-0300,1,3844.72,2026-08-31 13:00:00,placed,2026-08-31 13:00:00
OL-000100618,ORD-00033539,CUST-000689,PROD-0800,4,2636.01,2026-08-31 14:00:00,delivered,2026-08-31 14:00:00
OL-000100619,ORD-00033539,CUST-000464,PROD-0587,8,2692.72,2026-08-31 15:00:00,shipped,2026-08-31 15:00:00
OL-000100620,ORD-00033540,CUST-001503,PROD-0556,9,3972.96,2026-08-31 16:00:00,delivered,2026-08-31 16:00:00
OL-000100621,ORD-00033540,CUST-001808,PROD-0560,1,3676.82,2026-08-31 17:00:00,shipped,2026-08-31 17:00:00
OL-000100622,ORD-00033540,CUST-003400,PROD-0670,7,599.31,2026-08-31 18:00:00,delivered,2026-08-31 18:00:00
OL-000100623,ORD-00033541,CUST-000133,PROD-0461,5,4214.11,2026-08-31 19:00:00,shipped,2026-08-31 19:00:00
OL-000100624,ORD-00033541,CUST-000481,PROD-0795,2,2174.85,2026-08-31 08:00:00,delivered,2026-08-31 12:00:00
OL-000100625,ORD-00033541,CUST-002409,PROD-0706,4,3914.09,2026-08-31 09:00:00,delivered,2026-08-31 13:00:00
OL-000100626,ORD-00033542,CUST-000571,PROD-0804,7,896.79,2026-08-31 10:00:00,shipped,2026-08-31 14:00:00
OL-000100627,ORD-00033542,CUST-002336,PROD-0360,4,3889.46,2026-08-31 11:00:00,delivered,2026-08-31 15:00:00
OL-000100628,ORD-00033542,CUST-002884,PROD-0300,9,908.01,2026-08-31 12:00:00,shipped,2026-08-31 16:00:00
OL-000100629,ORD-00033543,CUST-002108,PROD-0696,5,4577.22,2026-08-31 13:00:00,delivered,2026-08-31 17:00:00
OL-000100630,ORD-00033543,CUST-003219,PROD-0422,3,4625.77,2026-08-31 14:00:00,delivered,2026-08-31 18:00:00
OL-000100631,ORD-00033543,CUST-000520,PROD-0719,5,4177.78,2026-08-31 15:00:00,delivered,2026-08-31 19:00:00
OL-000100632,ORD-00033544,CUST-001320,PROD-0849,4,804.42,2026-08-31 16:00:00,shipped,2026-08-31 12:00:00
OL-000100633,ORD-00033544,CUST-002366,PROD-0648,7,2410.67,2026-08-31 17:00:00,shipped,2026-08-31 13:00:00
OL-000100634,ORD-00033544,CUST-000310,PROD-0649,7,1875.81,2026-08-31 18:00:00,delivered,2026-08-31 14:00:00
OL-000100635,ORD-00033545,CUST-003072,PROD-0285,2,2005.34,2026-08-31 19:00:00,delivered,2026-08-31 15:00:00
OL-000100636,ORD-00033545,CUST-002000,PROD-0336,6,2247.98,2026-08-31 08:00:00,delivered,2026-08-31 16:00:00
OL-000100637,ORD-00033545,CUST-001878,PROD-0651,2,3540.76,2026-08-31 09:00:00,delivered,2026-08-31 17:00:00
OL-000100638,ORD-00033546,CUST-003260,PROD-0548,6,4098.5,2026-08-31 10:00:00,delivered,2026-08-31 18:00:00
OL-000100639,ORD-00033546,CUST-002027,PROD-0275,7,3980.29,2026-08-31 11:00:00,delivered,2026-08-31 19:00:00
OL-000100640,ORD-00033546,CUST-002368,PROD-0134,5,1700.69,2026-08-31 12:00:00,delivered,2026-08-31 12:00:00
OL-000100641,ORD-00033547,CUST-003663,PROD-0699,8,3809.26,2026-08-31 13:00:00,delivered,2026-08-31 13:00:00
OL-000100642,ORD-00033547,CUST-003211,PROD-0857,1,586.01,2026-08-31 14:00:00,delivered,2026-08-31 14:00:00
OL-000100643,ORD-00033547,CUST-000648,PROD-0452,2,4469.75,2026-08-31 15:00:00,delivered,2026-08-31 15:00:00
OL-000100644,ORD-00033548,CUST-002821,PROD-0136,7,1066.85,2026-08-31 16:00:00,delivered,2026-08-31 16:00:00
OL-000100645,ORD-00033548,CUST-003821,PROD-0898,5,864.01,2026-08-31 17:00:00,shipped,2026-08-31 17:00:00
OL-000100646,ORD-00033548,CUST-001524,PROD-0681,6,1291.82,2026-08-31 18:00:00,delivered,2026-08-31 18:00:00
OL-000100647,ORD-00033549,CUST-002563,PROD-0313,3,362.36,2026-08-31 19:00:00,delivered,2026-08-31 19:00:00
OL-000100648,ORD-00033549,CUST-000374,PROD-0721,4,2128.8,2026-08-31 08:00:00,placed,2026-08-31 12:00:00
OL-000100649,ORD-00033549,CUST-000544,PROD-0608,4,2351.46,2026-08-31 09:00:00,shipped,2026-08-31 13:00:00
OL-000100650,ORD-00033550,CUST-002850,PROD-0352,8,163.46,2026-08-31 10:00:00,delivered,2026-08-31 14:00:00
OL-000100651,ORD-00033550,CUST-001957,PROD-0073,7,3368.07,2026-08-31 11:00:00,shipped,2026-08-31 15:00:00
OL-000100652,ORD-00033550,CUST-000420,PROD-0106,2,3539.97,2026-08-31 12:00:00,delivered,2026-08-31 16:00:00
OL-000100653,ORD-00033551,CUST-003169,PROD-0833,5,761.77,2026-08-31 13:00:00,delivered,2026-08-31 17:00:00
OL-000100654,ORD-00033551,CUST-002774,PROD-0147,3,3122.58,2026-08-31 14:00:00,placed,2026-08-31 18:00:00
OL-000100655,ORD-00033551,CUST-000673,PROD-0451,1,2976.29,2026-08-31 15:00:00,delivered,2026-08-31 19:00:00
OL-000100656,ORD-00033552,CUST-000621,PROD-0422,4,3059.41,2026-08-31 16:00:00,delivered,2026-08-31 12:00:00
OL-000100657,ORD-00033552,CUST-000356,PROD-0103,8,4144.62,2026-08-31 17:00:00,shipped,2026-08-31 13:00:00
OL-000100658,ORD-00033552,CUST-001573,PROD-0360,2,2879.21,2026-08-31 18:00:00,cancelled,2026-08-31 14:00:00
OL-000100659,ORD-00033553,CUST-001015,PROD-0284,6,3822.24,2026-08-31 19:00:00,delivered,2026-08-31 15:00:00
OL-000100660,ORD-00033553,CUST-002458,PROD-0739,4,2709.9,2026-08-31 08:00:00,delivered,2026-08-31 16:00:00
OL-000100661,ORD-00033553,CUST-002697,PROD-0897,1,4088.14,2026-08-31 09:00:00,delivered,2026-08-31 17:00:00
OL-000100662,ORD-00033554,CUST-000773,PROD-0766,9,2960.42,2026-08-31 10:00:00,delivered,2026-08-31 18:00:00
OL-000100663,ORD-00033554,CUST-003252,PROD-0246,1,3788.19,2026-08-31 11:00:00,delivered,2026-08-31 19:00:00
OL-000100664,ORD-00033554,CUST-002614,PROD-0609,2,1248.26,2026-08-31 12:00:00,placed,2026-08-31 12:00:00
OL-000100665,ORD-00033555,CUST-003826,PROD-0325,1,4738.61,2026-08-31 13:00:00,shipped,2026-08-31 13:00:00
OL-000100666,ORD-00033555,CUST-002798,PROD-0177,7,1830.13,2026-08-31 14:00:00,delivered,2026-08-31 14:00:00
OL-000100667,ORD-00033555,CUST-000277,PROD-0015,2,198.11,2026-08-31 15:00:00,shipped,2026-08-31 15:00:00
OL-000100668,ORD-00033556,CUST-003886,PROD-0809,1,4437.67,2026-08-31 16:00:00,delivered,2026-08-31 16:00:00
OL-000100669,ORD-00033556,CUST-002053,PROD-0786,5,3061.71,2026-08-31 17:00:00,delivered,2026-08-31 17:00:00
OL-000100670,ORD-00033556,CUST-002198,PROD-0551,7,505.76,2026-08-31 18:00:00,delivered,2026-08-31 18:00:00
OL-000100671,ORD-00033557,CUST-000324,PROD-0524,5,511.23,2026-08-31 19:00:00,delivered,2026-08-31 19:00:00
OL-000100672,ORD-00033557,CUST-001601,PROD-0601,3,2630.31,2026-08-31 08:00:00,delivered,2026-08-31 12:00:00
OL-000100673,ORD-00033557,CUST-001792,PROD-0748,2,1571.59,2026-08-31 09:00:00,delivered,2026-08-31 13:00:00
OL-000100674,ORD-00033558,CUST-000354,PROD-0445,4,391.0,2026-08-31 10:00:00,shipped,2026-08-31 14:00:00
OL-000100675,ORD-00033558,CUST-003038,PROD-0674,1,1567.48,2026-08-31 11:00:00,delivered,2026-08-31 15:00:00
OL-000100676,ORD-00033558,CUST-000563,PROD-0719,2,179.27,2026-08-31 12:00:00,placed,2026-08-31 16:00:00
OL-000100677,ORD-00033559,CUST-002143,PROD-0530,8,4580.12,2026-08-31 13:00:00,delivered,2026-08-31 17:00:00
OL-000100678,ORD-00033559,CUST-000520,PROD-0768,5,901.39,2026-08-31 14:00:00,delivered,2026-08-31 18:00:00
OL-000100679,ORD-00033559,CUST-000484,PROD-0790,5,3550.14,2026-08-31 15:00:00,delivered,2026-08-31 19:00:00
OL-000100680,ORD-00033560,CUST-001115,PROD-0537,6,3897.26,2026-08-31 16:00:00,placed,2026-08-31 12:00:00
OL-000100681,ORD-00033560,CUST-002093,PROD-0369,2,2441.97,2026-08-31 17:00:00,placed,2026-08-31 13:00:00
OL-000100682,ORD-00033560,CUST-001045,PROD-0792,3,1840.78,2026-08-31 18:00:00,shipped,2026-08-31 14:00:00
OL-000100683,ORD-00033561,CUST-002085,PROD-0003,2,1188.93,2026-08-31 19:00:00,placed,2026-08-31 15:00:00
OL-000100684,ORD-00033561,CUST-001933,PROD-0373,1,1264.5,2026-08-31 08:00:00,delivered,2026-08-31 16:00:00
OL-000100685,ORD-00033561,CUST-003934,PROD-0879,3,957.54,2026-08-31 09:00:00,placed,2026-08-31 17:00:00
OL-000100686,ORD-00033562,CUST-001017,PROD-0427,7,1170.73,2026-08-31 10:00:00,delivered,2026-08-31 18:00:00
OL-000100687,ORD-00033562,CUST-000320,PROD-0586,6,1389.49,2026-08-31 11:00:00,delivered,2026-08-31 19:00:00
OL-000100688,ORD-00033562,CUST-000216,PROD-0184,9,3271.16,2026-08-31 12:00:00,shipped,2026-08-31 12:00:00
OL-000100689,ORD-00033563,CUST-003908,PROD-0411,9,4713.02,2026-08-31 13:00:00,placed,2026-08-31 13:00:00
OL-000100690,ORD-00033563,CUST-003169,PROD-0866,8,4173.03,2026-08-31 14:00:00,delivered,2026-08-31 14:00:00
OL-000100691,ORD-00033563,CUST-000033,PROD-0378,2,2708.47,2026-08-31 15:00:00,shipped,2026-08-31 15:00:00
OL-000100692,ORD-00033564,CUST-000994,PROD-0476,5,3581.22,2026-08-31 16:00:00,delivered,2026-08-31 16:00:00
OL-000100693,ORD-00033564,CUST-003179,PROD-0201,8,4789.64,2026-08-31 17:00:00,delivered,2026-08-31 17:00:00
OL-000100694,ORD-00033564,CUST-001005,PROD-0155,9,3679.06,2026-08-31 18:00:00,placed,2026-08-31 18:00:00
OL-000100695,ORD-00033565,CUST-002219,PROD-0355,7,231.9,2026-08-31 19:00:00,delivered,2026-08-31 19:00:00
OL-000100696,ORD-00033565,CUST-000006,PROD-0778,1,4570.63,2026-08-31 08:00:00,delivered,2026-08-31 12:00:00
OL-000100697,ORD-00033565,CUST-002171,PROD-0244,5,606.48,2026-08-31 09:00:00,delivered,2026-08-31 13:00:00
OL-000100698,ORD-00033566,CUST-000584,PROD-0729,1,4671.58,2026-08-31 10:00:00,shipped,2026-08-31 14:00:00
OL-000100699,ORD-00033566,CUST-003676,PROD-0866,1,4431.56,2026-08-31 11:00:00,delivered,2026-08-31 15:00:00
OL-000100700,ORD-00033566,CUST-003064,PROD-0087,6,2265.58,2026-08-31 12:00:00,delivered,2026-08-31 16:00:00
OL-000100701,ORD-00033567,CUST-003359,PROD-0404,9,744.84,2026-08-31 13:00:00,placed,2026-08-31 17:00:00
OL-000100702,ORD-00033567,CUST-003950,PROD-0134,1,2155.72,2026-08-31 14:00:00,shipped,2026-08-31 18:00:00
OL-000100703,ORD-00033567,CUST-003794,PROD-0821,5,4102.28,2026-08-31 15:00:00,delivered,2026-08-31 19:00:00
OL-000100704,ORD-00033568,CUST-001114,PROD-0240,6,1608.51,2026-08-31 16:00:00,placed,2026-08-31 12:00:00
OL-000100705,ORD-00033568,CUST-003155,PROD-0599,4,757.0,2026-08-31 17:00:00,shipped,2026-08-31 13:00:00
OL-000100706,ORD-00033568,CUST-001909,PROD-0322,2,889.27,2026-08-31 18:00:00,delivered,2026-08-31 14:00:00
OL-000100707,ORD-00033569,CUST-003156,PROD-0213,9,1796.79,2026-08-31 19:00:00,delivered,2026-08-31 15:00:00
OL-000100708,ORD-00033569,CUST-000492,PROD-0093,8,1360.24,2026-08-31 08:00:00,shipped,2026-08-31 16:00:00
OL-000100709,ORD-00033569,CUST-002855,PROD-0618,5,3987.49,2026-08-31 09:00:00,placed,2026-08-31 17:00:00
OL-000100710,ORD-00033570,CUST-002913,PROD-0255,6,814.16,2026-08-31 10:00:00,cancelled,2026-08-31 18:00:00
OL-000100711,ORD-00033570,CUST-002774,PROD-0307,7,2522.99,2026-08-31 11:00:00,shipped,2026-08-31 19:00:00
OL-000100712,ORD-00033570,CUST-001657,PROD-0876,3,265.46,2026-08-31 12:00:00,delivered,2026-08-31 12:00:00
OL-000100713,ORD-00033571,CUST-001893,PROD-0105,9,1289.31,2026-08-31 13:00:00,delivered,2026-08-31 13:00:00
OL-000100714,ORD-00033571,CUST-000253,PROD-0851,3,688.4,2026-08-31 14:00:00,delivered,2026-08-31 14:00:00
OL-000100715,ORD-00033571,CUST-003374,PROD-0411,4,731.75,2026-08-31 15:00:00,delivered,2026-08-31 15:00:00
OL-000100716,ORD-00033572,CUST-001061,PROD-0833,2,2845.28,2026-08-31 16:00:00,placed,2026-08-31 16:00:00
OL-000100717,ORD-00033572,CUST-002646,PROD-0455,2,1045.47,2026-08-31 17:00:00,delivered,2026-08-31 17:00:00
OL-000100718,ORD-00033572,CUST-003398,PROD-0829,2,4355.76,2026-08-31 18:00:00,delivered,2026-08-31 18:00:00
OL-000100719,ORD-00033573,CUST-000208,PROD-0173,1,4529.87,2026-08-31 19:00:00,delivered,2026-08-31 19:00:00
OL-000100720,ORD-00033573,CUST-001618,PROD-0509,7,3965.49,2026-08-31 08:00:00,placed,2026-08-31 12:00:00
OL-000100721,ORD-00033573,CUST-000880,PROD-0192,7,928.74,2026-08-31 09:00:00,shipped,2026-08-31 13:00:00
OL-000100722,ORD-00033574,CUST-000142,PROD-0629,8,4254.42,2026-08-31 10:00:00,delivered,2026-08-31 14:00:00
OL-000100723,ORD-00033574,CUST-002044,PROD-0422,4,3149.26,2026-08-31 11:00:00,delivered,2026-08-31 15:00:00
OL-000100724,ORD-00033574,CUST-001146,PROD-0393,8,405.38,2026-08-31 12:00:00,shipped,2026-08-31 16:00:00
OL-000100725,ORD-00033575,CUST-003266,PROD-0539,4,3127.61,2026-08-31 13:00:00,shipped,2026-08-31 17:00:00
OL-000100726,ORD-00033575,CUST-001567,PROD-0801,9,3839.88,2026-08-31 14:00:00,delivered,2026-08-31 18:00:00
OL-000100727,ORD-00033575,CUST-001986,PROD-0353,8,2668.34,2026-08-31 15:00:00,delivered,2026-08-31 19:00:00
OL-000100728,ORD-00033576,CUST-001108,PROD-0185,9,1625.11,2026-08-31 16:00:00,placed,2026-08-31 12:00:00
OL-000100729,ORD-00033576,CUST-003321,PROD-0798,4,257.14,2026-08-31 17:00:00,shipped,2026-08-31 13:00:00
OL-000100730,ORD-00033576,CUST-003141,PROD-0599,8,2597.74,2026-08-31 18:00:00,cancelled,2026-08-31 14:00:00
OL-000100731,ORD-00033577,CUST-002691,PROD-0247,3,588.63,2026-08-31 19:00:00,shipped,2026-08-31 15:00:00
OL-000100732,ORD-00033577,CUST-003883,PROD-0225,1,3695.75,2026-08-31 08:00:00,delivered,2026-08-31 16:00:00
OL-000100733,ORD-00033577,CUST-003438,PROD-0866,7,1780.49,2026-08-31 09:00:00,shipped,2026-08-31 17:00:00
OL-000100734,ORD-00033578,CUST-003303,PROD-0756,4,2892.99,2026-08-31 10:00:00,delivered,2026-08-31 18:00:00
OL-000100735,ORD-00033578,CUST-001441,PROD-0582,1,3412.16,2026-08-31 11:00:00,delivered,2026-08-31 19:00:00
OL-000100736,ORD-00033578,CUST-003320,PROD-0505,4,4035.74,2026-08-31 12:00:00,delivered,2026-08-31 12:00:00
OL-000100737,ORD-00033579,CUST-000370,PROD-0058,3,2415.24,2026-08-31 13:00:00,shipped,2026-08-31 13:00:00
OL-000100738,ORD-00033579,CUST-001958,PROD-0001,4,213.26,2026-08-31 14:00:00,delivered,2026-08-31 14:00:00
OL-000100739,ORD-00033579,CUST-001396,PROD-0735,4,3894.16,2026-08-31 15:00:00,shipped,2026-08-31 15:00:00
OL-000100740,ORD-00033580,CUST-000606,PROD-0601,6,398.72,2026-08-31 16:00:00,delivered,2026-08-31 16:00:00
OL-000100741,ORD-00033580,CUST-003468,PROD-0539,3,3744.04,2026-08-31 17:00:00,delivered,2026-08-31 17:00:00
OL-000100742,ORD-00033580,CUST-003859,PROD-0679,2,1868.4,2026-08-31 18:00:00,delivered,2026-08-31 18:00:00
OL-000100743,ORD-00033581,CUST-001322,PROD-0140,2,1695.11,2026-08-31 19:00:00,cancelled,2026-08-31 19:00:00
OL-000100744,ORD-00033581,CUST-003935,PROD-0499,7,3825.82,2026-08-31 08:00:00,delivered,2026-08-31 12:00:00
OL-000100745,ORD-00033581,CUST-002302,PROD-0711,3,3429.62,2026-08-31 09:00:00,delivered,2026-08-31 13:00:00
OL-000100746,ORD-00033582,CUST-002413,PROD-0835,6,1164.75,2026-08-31 10:00:00,shipped,2026-08-31 14:00:00
OL-000100747,ORD-00033582,CUST-001207,PROD-0131,5,3555.1,2026-08-31 11:00:00,shipped,2026-08-31 15:00:00
OL-000100748,ORD-00033582,CUST-003886,PROD-0587,1,4560.33,2026-08-31 12:00:00,delivered,2026-08-31 16:00:00
OL-000100749,ORD-00033583,CUST-001304,PROD-0829,1,972.14,2026-08-31 13:00:00,cancelled,2026-08-31 17:00:00
OL-000100750,ORD-00033583,CUST-000427,PROD-0509,4,3113.55,2026-08-31 14:00:00,shipped,2026-08-31 18:00:00
OL-000100751,ORD-00033583,CUST-001309,PROD-0172,2,1233.82,2026-08-31 15:00:00,delivered,2026-08-31 19:00:00
OL-000100752,ORD-00033584,CUST-002745,PROD-0655,2,3965.38,2026-08-31 16:00:00,delivered,2026-08-31 12:00:00
OL-000100753,ORD-00033584,CUST-001087,PROD-0215,6,2210.23,2026-08-31 17:00:00,shipped,2026-08-31 13:00:00
OL-000100754,ORD-00033584,CUST-003224,PROD-0111,2,1760.25,2026-08-31 18:00:00,delivered,2026-08-31 14:00:00
OL-000100755,ORD-00033585,CUST-003001,PROD-0430,1,1926.19,2026-08-31 19:00:00,cancelled,2026-08-31 15:00:00
OL-000100756,ORD-00033585,CUST-001552,PROD-0360,7,2427.62,2026-08-31 08:00:00,delivered,2026-08-31 16:00:00
OL-000100757,ORD-00033585,CUST-003231,PROD-0885,2,3998.82,2026-08-31 09:00:00,delivered,2026-08-31 17:00:00
OL-000100758,ORD-00033586,CUST-000302,PROD-0819,4,881.23,2026-08-31 10:00:00,delivered,2026-08-31 18:00:00
OL-000100759,ORD-00033586,CUST-001070,PROD-0108,5,213.97,2026-08-31 11:00:00,placed,2026-08-31 19:00:00
OL-000100760,ORD-00033586,CUST-000660,PROD-0750,3,4275.52,2026-08-31 12:00:00,placed,2026-08-31 12:00:00
OL-000100761,ORD-00033587,CUST-002514,PROD-0495,2,1701.61,2026-08-31 13:00:00,delivered,2026-08-31 13:00:00
OL-000100762,ORD-00033587,CUST-000676,PROD-0622,7,4530.63,2026-08-31 14:00:00,delivered,2026-08-31 14:00:00
OL-000100763,ORD-00033587,CUST-001357,PROD-0211,3,370.64,2026-08-31 15:00:00,cancelled,2026-08-31 15:00:00
OL-000100764,ORD-00033588,CUST-002958,PROD-0748,7,3382.88,2026-08-31 16:00:00,delivered,2026-08-31 16:00:00
OL-000100765,ORD-00033588,CUST-000393,PROD-0051,5,1511.84,2026-08-31 17:00:00,delivered,2026-08-31 17:00:00
OL-000100766,ORD-00033588,CUST-000630,PROD-0056,9,4050.52,2026-08-31 18:00:00,delivered,2026-08-31 18:00:00
OL-000100767,ORD-00033589,CUST-003375,PROD-0678,7,530.1,2026-08-31 19:00:00,delivered,2026-08-31 19:00:00
OL-000100768,ORD-00033589,CUST-000106,PROD-0212,8,1054.48,2026-08-31 08:00:00,shipped,2026-08-31 12:00:00
OL-000100769,ORD-00033589,CUST-001940,PROD-0865,5,4692.63,2026-08-31 09:00:00,shipped,2026-08-31 13:00:00
OL-000100770,ORD-00033590,CUST-003666,PROD-0677,7,2324.02,2026-08-31 10:00:00,shipped,2026-08-31 14:00:00
OL-000100771,ORD-00033590,CUST-001520,PROD-0391,9,1933.63,2026-08-31 11:00:00,delivered,2026-08-31 15:00:00
OL-000100772,ORD-00033590,CUST-001802,PROD-0477,8,328.81,2026-08-31 12:00:00,shipped,2026-08-31 16:00:00
OL-000100773,ORD-00033591,CUST-000620,PROD-0771,5,2760.67,2026-08-31 13:00:00,delivered,2026-08-31 17:00:00
OL-000100774,ORD-00033591,CUST-001409,PROD-0828,2,521.11,2026-08-31 14:00:00,delivered,2026-08-31 18:00:00
OL-000100775,ORD-00033591,CUST-003444,PROD-0397,4,2710.86,2026-08-31 15:00:00,delivered,2026-08-31 19:00:00
OL-000100776,ORD-00033592,CUST-002815,PROD-0888,7,4639.14,2026-08-31 16:00:00,delivered,2026-08-31 12:00:00
OL-000100777,ORD-00033592,CUST-000324,PROD-0405,4,2348.91,2026-08-31 17:00:00,delivered,2026-08-31 13:00:00
OL-000100778,ORD-00033592,CUST-003689,PROD-0530,1,2469.83,2026-08-31 18:00:00,delivered,2026-08-31 14:00:00
OL-000100779,ORD-00033593,CUST-003102,PROD-0460,3,682.92,2026-08-31 19:00:00,shipped,2026-08-31 15:00:00
OL-000100780,ORD-00033593,CUST-003312,PROD-0198,3,4669.73,2026-08-31 08:00:00,shipped,2026-08-31 16:00:00
OL-000100781,ORD-00033593,CUST-002799,PROD-0446,7,486.76,2026-08-31 09:00:00,shipped,2026-08-31 17:00:00
OL-000100782,ORD-00033594,CUST-001057,PROD-0328,3,4023.63,2026-08-31 10:00:00,delivered,2026-08-31 18:00:00
OL-000100783,ORD-00033594,CUST-002279,PROD-0407,2,527.29,2026-08-31 11:00:00,delivered,2026-08-31 19:00:00
OL-000100784,ORD-00033594,CUST-003757,PROD-0895,5,2552.14,2026-08-31 12:00:00,placed,2026-08-31 12:00:00
OL-000100785,ORD-00033595,CUST-000461,PROD-0425,9,3778.29,2026-08-31 13:00:00,shipped,2026-08-31 13:00:00
OL-000100786,ORD-00033595,CUST-002305,PROD-0799,2,4448.66,2026-08-31 14:00:00,shipped,2026-08-31 14:00:00
OL-000100787,ORD-00033595,CUST-003606,PROD-0353,5,4179.78,2026-08-31 15:00:00,delivered,2026-08-31 15:00:00
OL-000100788,ORD-00033596,CUST-001989,PROD-0586,5,1912.64,2026-08-31 16:00:00,delivered,2026-08-31 16:00:00
OL-000100789,ORD-00033596,CUST-001651,PROD-0148,1,925.89,2026-08-31 17:00:00,delivered,2026-08-31 17:00:00
OL-000100790,ORD-00033596,CUST-003644,PROD-0340,7,301.5,2026-08-31 18:00:00,delivered,2026-08-31 18:00:00
OL-000100791,ORD-00033597,CUST-003772,PROD-0276,1,3610.11,2026-08-31 19:00:00,delivered,2026-08-31 19:00:00
OL-000100792,ORD-00033597,CUST-003251,PROD-0311,1,1701.21,2026-08-31 08:00:00,delivered,2026-08-31 12:00:00
OL-000100793,ORD-00033597,CUST-002806,PROD-0101,8,4136.54,2026-08-31 09:00:00,cancelled,2026-08-31 13:00:00
OL-000100794,ORD-00033598,CUST-003991,PROD-0762,4,748.92,2026-08-31 10:00:00,delivered,2026-08-31 14:00:00
OL-000100795,ORD-00033598,CUST-001708,PROD-0620,6,1380.89,2026-08-31 11:00:00,delivered,2026-08-31 15:00:00
OL-000100796,ORD-00033598,CUST-003742,PROD-0844,4,2187.23,2026-08-31 12:00:00,delivered,2026-08-31 16:00:00
OL-000100797,ORD-00033599,CUST-003553,PROD-0383,8,3674.43,2026-08-31 13:00:00,delivered,2026-08-31 17:00:00
OL-000100798,ORD-00033599,CUST-000269,PROD-0319,9,3824.18,2026-08-31 14:00:00,delivered,2026-08-31 18:00:00
OL-000100799,ORD-00033599,CUST-003487,PROD-0537,7,754.84,2026-08-31 15:00:00,delivered,2026-08-31 19:00:00
OL-000100800,ORD-00033600,CUST-003585,PROD-0853,1,933.09,2026-08-31 16:00:00,shipped,2026-08-31 12:00:00
OL-000100801,ORD-00033600,CUST-001870,PROD-0052,1,1287.61,2026-08-31 17:00:00,delivered,2026-08-31 13:00:00
OL-000100802,ORD-00033600,CUST-003374,PROD-0476,4,1402.21,2026-08-31 18:00:00,delivered,2026-08-31 14:00:00
OL-000100803,ORD-00033601,CUST-000991,PROD-0382,2,3307.9,2026-08-31 19:00:00,delivered,2026-08-31 15:00:00
OL-000100804,ORD-00033601,CUST-003566,PROD-0486,8,951.09,2026-08-31 08:00:00,delivered,2026-08-31 16:00:00
OL-000100805,ORD-00033601,CUST-003432,PROD-0265,6,1731.09,2026-08-31 09:00:00,delivered,2026-08-31 17:00:00
OL-000100806,ORD-00033602,CUST-001584,PROD-0051,2,1454.12,2026-08-31 10:00:00,shipped,2026-08-31 18:00:00
OL-000100807,ORD-00033602,CUST-002652,PROD-0231,4,4131.28,2026-08-31 11:00:00,delivered,2026-08-31 19:00:00
OL-000100808,ORD-00033602,CUST-002103,PROD-0021,5,3169.43,2026-08-31 12:00:00,delivered,2026-08-31 12:00:00
OL-000100809,ORD-00033603,CUST-000542,PROD-0663,1,2338.77,2026-08-31 13:00:00,shipped,2026-08-31 13:00:00
OL-000100810,ORD-00033603,CUST-002492,PROD-0825,1,1167.24,2026-08-31 14:00:00,delivered,2026-08-31 14:00:00
OL-000100811,ORD-00033603,CUST-001543,PROD-0873,5,2103.42,2026-08-31 15:00:00,delivered,2026-08-31 15:00:00
OL-000100812,ORD-00033604,CUST-001238,PROD-0694,5,1141.22,2026-08-31 16:00:00,delivered,2026-08-31 16:00:00
OL-000100813,ORD-00033604,CUST-000031,PROD-0524,7,2855.4,2026-08-31 17:00:00,cancelled,2026-08-31 17:00:00
OL-000100814,ORD-00033604,CUST-002433,PROD-0624,6,2747.62,2026-08-31 18:00:00,shipped,2026-08-31 18:00:00
OL-000100815,ORD-00033605,CUST-001378,PROD-0284,2,2374.54,2026-08-31 19:00:00,delivered,2026-08-31 19:00:00
OL-000100816,ORD-00033605,CUST-002913,PROD-0668,5,1342.17,2026-08-31 08:00:00,shipped,2026-08-31 12:00:00
OL-000100817,ORD-00033605,CUST-000985,PROD-0059,3,2540.93,2026-08-31 09:00:00,delivered,2026-08-31 13:00:00
OL-000100818,ORD-00033606,CUST-002789,PROD-0144,7,3211.28,2026-08-31 10:00:00,delivered,2026-08-31 14:00:00
OL-000100819,ORD-00033606,CUST-001063,PROD-0429,8,4788.16,2026-08-31 11:00:00,delivered,2026-08-31 15:00:00
OL-000100820,ORD-00033606,CUST-002344,PROD-0836,1,2848.55,2026-08-31 12:00:00,shipped,2026-08-31 16:00:00
OL-000100821,ORD-00033607,CUST-002615,PROD-0804,4,3331.97,2026-08-31 13:00:00,delivered,2026-08-31 17:00:00
OL-000100822,ORD-00033607,CUST-003463,PROD-0175,6,2494.23,2026-08-31 14:00:00,delivered,2026-08-31 18:00:00
OL-000100823,ORD-00033607,CUST-000400,PROD-0483,9,967.72,2026-08-31 15:00:00,shipped,2026-08-31 19:00:00
OL-000100824,ORD-00033608,CUST-002290,PROD-0782,5,3513.87,2026-08-31 16:00:00,delivered,2026-08-31 12:00:00
OL-000100825,ORD-00033608,CUST-000911,PROD-0364,6,3182.75,2026-08-31 17:00:00,shipped,2026-08-31 13:00:00
OL-000100826,ORD-00033608,CUST-003633,PROD-0340,5,2087.81,2026-08-31 18:00:00,delivered,2026-08-31 14:00:00
OL-000100827,ORD-00033609,CUST-000483,PROD-0482,5,2290.4,2026-08-31 19:00:00,placed,2026-08-31 15:00:00
OL-000100828,ORD-00033609,CUST-000797,PROD-0513,2,2329.99,2026-08-31 08:00:00,shipped,2026-08-31 16:00:00
OL-000100829,ORD-00033609,CUST-001693,PROD-0056,7,2599.64,2026-08-31 09:00:00,delivered,2026-08-31 17:00:00
OL-000100830,ORD-00033610,CUST-000821,PROD-0351,3,762.87,2026-08-31 10:00:00,delivered,2026-08-31 18:00:00
OL-000100831,ORD-00033610,CUST-003533,PROD-0733,8,790.29,2026-08-31 11:00:00,shipped,2026-08-31 19:00:00
OL-000100832,ORD-00033610,CUST-002585,PROD-0182,2,2401.88,2026-08-31 12:00:00,delivered,2026-08-31 12:00:00
OL-000100833,ORD-00033611,CUST-001121,PROD-0215,1,142.06,2026-08-31 13:00:00,delivered,2026-08-31 13:00:00
OL-000100834,ORD-00033611,CUST-000649,PROD-0502,3,2816.99,2026-08-31 14:00:00,delivered,2026-08-31 14:00:00
OL-000100835,ORD-00033611,CUST-001777,PROD-0649,2,725.62,2026-08-31 15:00:00,delivered,2026-08-31 15:00:00
OL-000100836,ORD-00033612,CUST-001571,PROD-0005,7,4637.73,2026-08-31 16:00:00,placed,2026-08-31 16:00:00
OL-000100837,ORD-00033612,CUST-003892,PROD-0015,4,3539.48,2026-08-31 17:00:00,delivered,2026-08-31 17:00:00
OL-000100838,ORD-00033612,CUST-002772,PROD-0005,9,1011.9,2026-08-31 18:00:00,delivered,2026-08-31 18:00:00
OL-000100839,ORD-00033613,CUST-003593,PROD-0353,4,1178.92,2026-08-31 19:00:00,delivered,2026-08-31 19:00:00
OL-000100840,ORD-00033613,CUST-002412,PROD-0314,2,1915.02,2026-08-31 08:00:00,shipped,2026-08-31 12:00:00
OL-000100841,ORD-00033613,CUST-001192,PROD-0467,1,1515.59,2026-08-31 09:00:00,delivered,2026-08-31 13:00:00
OL-000100842,ORD-00033614,CUST-003638,PROD-0704,9,1701.07,2026-08-31 10:00:00,cancelled,2026-08-31 14:00:00
OL-000100843,ORD-00033614,CUST-002008,PROD-0368,6,4781.93,2026-08-31 11:00:00,delivered,2026-08-31 15:00:00
OL-000100844,ORD-00033614,CUST-003761,PROD-0832,3,4557.03,2026-08-31 12:00:00,delivered,2026-08-31 16:00:00
OL-000100845,ORD-00033615,CUST-000538,PROD-0217,4,1169.82,2026-08-31 13:00:00,delivered,2026-08-31 17:00:00
OL-000100846,ORD-00033615,CUST-001502,PROD-0729,9,910.85,2026-08-31 14:00:00,delivered,2026-08-31 18:00:00
OL-000100847,ORD-00033615,CUST-002623,PROD-0262,1,1875.9,2026-08-31 15:00:00,delivered,2026-08-31 19:00:00
OL-000100848,ORD-00033616,CUST-000197,PROD-0678,1,2899.56,2026-08-31 16:00:00,shipped,2026-08-31 12:00:00
OL-000100849,ORD-00033616,CUST-000475,PROD-0427,1,345.74,2026-08-31 17:00:00,delivered,2026-08-31 13:00:00
OL-000100850,ORD-00033616,CUST-001944,PROD-0719,2,2681.28,2026-08-31 18:00:00,shipped,2026-08-31 14:00:00
OL-000100851,ORD-00033617,CUST-002711,PROD-0104,1,1529.23,2026-08-31 19:00:00,delivered,2026-08-31 15:00:00
OL-000100852,ORD-00033617,CUST-002871,PROD-0141,5,3034.69,2026-08-31 08:00:00,delivered,2026-08-31 16:00:00
OL-000100853,ORD-00033617,CUST-002531,PROD-0121,2,2514.22,2026-08-31 09:00:00,shipped,2026-08-31 17:00:00
OL-000100854,ORD-00033618,CUST-002495,PROD-0205,2,2449.42,2026-08-31 10:00:00,delivered,2026-08-31 18:00:00
OL-000100855,ORD-00033618,CUST-001467,PROD-0721,9,4674.2,2026-08-31 11:00:00,delivered,2026-08-31 19:00:00
OL-000100856,ORD-00033618,CUST-002034,PROD-0213,3,304.42,2026-08-31 12:00:00,delivered,2026-08-31 12:00:00
OL-000100857,ORD-00033619,CUST-000012,PROD-0014,8,1667.22,2026-08-31 13:00:00,delivered,2026-08-31 13:00:00
OL-000100858,ORD-00033619,CUST-002741,PROD-0506,2,4028.89,2026-08-31 14:00:00,shipped,2026-08-31 14:00:00
OL-000100859,ORD-00033619,CUST-000308,PROD-0741,2,3768.18,2026-08-31 15:00:00,delivered,2026-08-31 15:00:00
OL-000100860,ORD-00033620,CUST-001871,PROD-0304,5,3135.5,2026-08-31 16:00:00,shipped,2026-08-31 16:00:00
OL-000100861,ORD-00033620,CUST-000716,PROD-0896,1,587.11,2026-08-31 17:00:00,placed,2026-08-31 17:00:00
OL-000100862,ORD-00033620,CUST-002773,PROD-0321,5,1805.8,2026-08-31 18:00:00,delivered,2026-08-31 18:00:00
OL-000100863,ORD-00033621,CUST-003106,PROD-0047,2,564.59,2026-08-31 19:00:00,placed,2026-08-31 19:00:00
OL-000100864,ORD-00033621,CUST-000699,PROD-0337,3,3224.5,2026-08-31 08:00:00,delivered,2026-08-31 12:00:00
OL-000100865,ORD-00033621,CUST-001099,PROD-0900,8,4589.82,2026-08-31 09:00:00,delivered,2026-08-31 13:00:00
OL-000100866,ORD-00033622,CUST-000750,PROD-0117,6,3934.03,2026-08-31 10:00:00,delivered,2026-08-31 14:00:00
OL-000100867,ORD-00033622,CUST-001580,PROD-0707,8,1392.18,2026-08-31 11:00:00,delivered,2026-08-31 15:00:00
OL-000100868,ORD-00033622,CUST-003265,PROD-0171,7,3156.6,2026-08-31 12:00:00,shipped,2026-08-31 16:00:00
OL-000100869,ORD-00033623,CUST-003459,PROD-0164,1,4713.74,2026-08-31 13:00:00,shipped,2026-08-31 17:00:00
OL-000100870,ORD-00033623,CUST-002779,PROD-0449,8,3874.6,2026-08-31 14:00:00,shipped,2026-08-31 18:00:00
OL-000100871,ORD-00033623,CUST-002505,PROD-0030,7,3766.49,2026-08-31 15:00:00,delivered,2026-08-31 19:00:00
OL-000100872,ORD-00033624,CUST-002000,PROD-0116,3,2380.81,2026-08-31 16:00:00,delivered,2026-08-31 12:00:00
OL-000100873,ORD-00033624,CUST-001072,PROD-0671,8,335.15,2026-08-31 17:00:00,delivered,2026-08-31 13:00:00
OL-000100874,ORD-00033624,CUST-002362,PROD-0742,9,3712.03,2026-08-31 18:00:00,delivered,2026-08-31 14:00:00
OL-000100875,ORD-00033625,CUST-002820,PROD-0718,6,2549.39,2026-08-31 19:00:00,delivered,2026-08-31 15:00:00
OL-000100876,ORD-00033625,CUST-001019,PROD-0494,7,3216.82,2026-08-31 08:00:00,delivered,2026-08-31 16:00:00
OL-000100877,ORD-00033625,CUST-003386,PROD-0572,7,815.7,2026-08-31 09:00:00,delivered,2026-08-31 17:00:00
OL-000100878,ORD-00033626,CUST-003828,PROD-0161,1,174.5,2026-08-31 10:00:00,delivered,2026-08-31 18:00:00
OL-000100879,ORD-00033626,CUST-003562,PROD-0170,8,4106.76,2026-08-31 11:00:00,placed,2026-08-31 19:00:00
OL-000100880,ORD-00033626,CUST-001356,PROD-0285,8,1620.57,2026-08-31 12:00:00,placed,2026-08-31 12:00:00
OL-000100881,ORD-00033627,CUST-001551,PROD-0413,4,2696.32,2026-08-31 13:00:00,delivered,2026-08-31 13:00:00
OL-000100882,ORD-00033627,CUST-003282,PROD-0587,2,2268.56,2026-08-31 14:00:00,delivered,2026-08-31 14:00:00
OL-000100883,ORD-00033627,CUST-000487,PROD-0510,8,2212.28,2026-08-31 15:00:00,delivered,2026-08-31 15:00:00
OL-000100884,ORD-00033628,CUST-001689,PROD-0037,1,600.37,2026-08-31 16:00:00,delivered,2026-08-31 16:00:00
OL-000100885,ORD-00033628,CUST-003244,PROD-0619,1,3985.25,2026-08-31 17:00:00,cancelled,2026-08-31 17:00:00
OL-000100886,ORD-00033628,CUST-002304,PROD-0212,5,4285.72,2026-08-31 18:00:00,delivered,2026-08-31 18:00:00
OL-000100887,ORD-00033629,CUST-001489,PROD-0846,8,4567.66,2026-08-31 19:00:00,placed,2026-08-31 19:00:00
OL-000100888,ORD-00033629,CUST-001360,PROD-0574,4,4071.41,2026-08-31 08:00:00,delivered,2026-08-31 12:00:00
OL-000100889,ORD-00033629,CUST-001489,PROD-0734,8,3473.96,2026-08-31 09:00:00,delivered,2026-08-31 13:00:00
OL-000100890,ORD-00033630,CUST-000909,PROD-0003,2,3673.62,2026-08-31 10:00:00,delivered,2026-08-31 14:00:00
OL-000100891,ORD-00033630,CUST-001532,PROD-0719,5,2683.19,2026-08-31 11:00:00,shipped,2026-08-31 15:00:00
OL-000100892,ORD-00033630,CUST-003367,PROD-0735,3,2424.54,2026-08-31 12:00:00,delivered,2026-08-31 16:00:00
OL-000100893,ORD-00033631,CUST-002503,PROD-0201,7,620.58,2026-08-31 13:00:00,shipped,2026-08-31 17:00:00
OL-000100894,ORD-00033631,CUST-003378,PROD-0801,7,1128.96,2026-08-31 14:00:00,shipped,2026-08-31 18:00:00
OL-000100895,ORD-00033631,CUST-001698,PROD-0048,6,624.34,2026-08-31 15:00:00,delivered,2026-08-31 19:00:00
OL-000100896,ORD-00033632,CUST-001846,PROD-0469,2,3733.64,2026-08-31 16:00:00,delivered,2026-08-31 12:00:00
OL-000100897,ORD-00033632,CUST-002044,PROD-0005,9,750.1,2026-08-31 17:00:00,delivered,2026-08-31 13:00:00
OL-000100898,ORD-00033632,CUST-001773,PROD-0859,1,2709.1,2026-08-31 18:00:00,delivered,2026-08-31 14:00:00
OL-000100899,ORD-00033633,CUST-003729,PROD-0182,9,3775.46,2026-08-31 19:00:00,delivered,2026-08-31 15:00:00
OL-000100900,ORD-00033633,CUST-000526,PROD-0107,3,3538.72,2026-08-31 08:00:00,delivered,2026-08-31 16:00:00
OL-000100901,ORD-00033633,CUST-001576,PROD-0429,6,2479.24,2026-08-31 09:00:00,cancelled,2026-08-31 17:00:00
OL-000100902,ORD-00033634,CUST-003947,PROD-0352,4,1400.43,2026-08-31 10:00:00,cancelled,2026-08-31 18:00:00
OL-000100903,ORD-00033634,CUST-000566,PROD-0423,8,3886.45,2026-08-31 11:00:00,delivered,2026-08-31 19:00:00
OL-000100904,ORD-00033634,CUST-002874,PROD-0561,9,1518.91,2026-08-31 12:00:00,delivered,2026-08-31 12:00:00
OL-000100905,ORD-00033635,CUST-000823,PROD-0215,9,3080.49,2026-08-31 13:00:00,delivered,2026-08-31 13:00:00
OL-000100906,ORD-00033635,CUST-003774,PROD-0689,5,3333.34,2026-08-31 14:00:00,shipped,2026-08-31 14:00:00
OL-000100907,ORD-00033635,CUST-002844,PROD-0653,3,2478.22,2026-08-31 15:00:00,delivered,2026-08-31 15:00:00
OL-000100908,ORD-00033636,CUST-002304,PROD-0492,2,3680.43,2026-08-31 16:00:00,delivered,2026-08-31 16:00:00
OL-000100909,ORD-00033636,CUST-003662,PROD-0862,7,3275.46,2026-08-31 17:00:00,delivered,2026-08-31 17:00:00
OL-000100910,ORD-00033636,CUST-002142,PROD-0110,7,3902.87,2026-08-31 18:00:00,placed,2026-08-31 18:00:00
OL-000100911,ORD-00033637,CUST-000232,PROD-0205,3,368.34,2026-08-31 19:00:00,shipped,2026-08-31 19:00:00
OL-000100912,ORD-00033637,CUST-002800,PROD-0257,3,4722.93,2026-08-31 08:00:00,shipped,2026-08-31 12:00:00
OL-000100913,ORD-00033637,CUST-001209,PROD-0209,1,3351.98,2026-08-31 09:00:00,delivered,2026-08-31 13:00:00
OL-000100914,ORD-00033638,CUST-001854,PROD-0105,1,1798.63,2026-08-31 10:00:00,delivered,2026-08-31 14:00:00
OL-000100915,ORD-00033638,CUST-003041,PROD-0663,9,4167.46,2026-08-31 11:00:00,delivered,2026-08-31 15:00:00
OL-000100916,ORD-00033638,CUST-003264,PROD-0818,4,2511.12,2026-08-31 12:00:00,delivered,2026-08-31 16:00:00
OL-000100917,ORD-00033639,CUST-001588,PROD-0427,1,4455.95,2026-08-31 13:00:00,delivered,2026-08-31 17:00:00
OL-000100918,ORD-00033639,CUST-000221,PROD-0014,6,4640.1,2026-08-31 14:00:00,delivered,2026-08-31 18:00:00
OL-000100919,ORD-00033639,CUST-003199,PROD-0882,4,3024.23,2026-08-31 15:00:00,delivered,2026-08-31 19:00:00
OL-000100920,ORD-00033640,CUST-002887,PROD-0727,4,4385.76,2026-08-31 16:00:00,delivered,2026-08-31 12:00:00
OL-000100921,ORD-00033640,CUST-000805,PROD-0795,9,3575.95,2026-08-31 17:00:00,delivered,2026-08-31 13:00:00
OL-000100922,ORD-00033640,CUST-000727,PROD-0700,4,1496.75,2026-08-31 18:00:00,placed,2026-08-31 14:00:00
OL-000100923,ORD-00033641,CUST-000489,PROD-0387,3,3560.17,2026-08-31 19:00:00,placed,2026-08-31 15:00:00
OL-000100924,ORD-00033641,CUST-000533,PROD-0165,5,2724.88,2026-08-31 08:00:00,delivered,2026-08-31 16:00:00
OL-000100925,ORD-00033641,CUST-001911,PROD-0727,5,146.42,2026-08-31 09:00:00,delivered,2026-08-31 17:00:00
OL-000100926,ORD-00033642,CUST-001322,PROD-0612,1,839.33,2026-08-31 10:00:00,placed,2026-08-31 18:00:00
OL-000100927,ORD-00033642,CUST-002346,PROD-0564,5,2415.78,2026-08-31 11:00:00,delivered,2026-08-31 19:00:00
OL-000100928,ORD-00033642,CUST-003920,PROD-0189,6,2578.85,2026-08-31 12:00:00,delivered,2026-08-31 12:00:00
OL-000100929,ORD-00033643,CUST-002225,PROD-0550,9,865.85,2026-08-31 13:00:00,delivered,2026-08-31 13:00:00
OL-000100930,ORD-00033643,CUST-000874,PROD-0680,6,1155.21,2026-08-31 14:00:00,delivered,2026-08-31 14:00:00
OL-000100931,ORD-00033643,CUST-003893,PROD-0771,6,1493.93,2026-08-31 15:00:00,delivered,2026-08-31 15:00:00
OL-000100932,ORD-00033644,CUST-003374,PROD-0771,8,4784.23,2026-08-31 16:00:00,cancelled,2026-08-31 16:00:00
OL-000100933,ORD-00033644,CUST-001418,PROD-0457,1,656.9,2026-08-31 17:00:00,shipped,2026-08-31 17:00:00
OL-000100934,ORD-00033644,CUST-002796,PROD-0329,4,4607.64,2026-08-31 18:00:00,delivered,2026-08-31 18:00:00
OL-000100935,ORD-00033645,CUST-002213,PROD-0742,2,1925.9,2026-08-31 19:00:00,shipped,2026-08-31 19:00:00
OL-000100936,ORD-00033645,CUST-001536,PROD-0527,9,3967.47,2026-08-31 08:00:00,delivered,2026-08-31 12:00:00
OL-000100937,ORD-00033645,CUST-001215,PROD-0668,8,2398.25,2026-08-31 09:00:00,shipped,2026-08-31 13:00:00
OL-000100938,ORD-00033646,CUST-000394,PROD-0172,9,505.38,2026-08-31 10:00:00,cancelled,2026-08-31 14:00:00
OL-000100939,ORD-00033646,CUST-002568,PROD-0068,9,2615.4,2026-08-31 11:00:00,shipped,2026-08-31 15:00:00
OL-000100940,ORD-00033646,CUST-001738,PROD-0856,4,4167.97,2026-08-31 12:00:00,shipped,2026-08-31 16:00:00
OL-000100941,ORD-00033647,CUST-003599,PROD-0760,9,3998.54,2026-08-31 13:00:00,delivered,2026-08-31 17:00:00
OL-000100942,ORD-00033647,CUST-000630,PROD-0025,2,3615.45,2026-08-31 14:00:00,delivered,2026-08-31 18:00:00
OL-000100943,ORD-00033647,CUST-000301,PROD-0056,6,297.31,2026-08-31 15:00:00,shipped,2026-08-31 19:00:00
OL-000100944,ORD-00033648,CUST-002356,PROD-0842,5,2731.83,2026-08-31 16:00:00,shipped,2026-08-31 12:00:00
OL-000100945,ORD-00033648,CUST-001848,PROD-0646,5,2027.72,2026-08-31 17:00:00,delivered,2026-08-31 13:00:00
OL-000100946,ORD-00033648,CUST-002758,PROD-0122,6,199.05,2026-08-31 18:00:00,delivered,2026-08-31 14:00:00
OL-000100947,ORD-00033649,CUST-002399,PROD-0047,2,3657.9,2026-08-31 19:00:00,delivered,2026-08-31 15:00:00
OL-000100948,ORD-00033649,CUST-002060,PROD-0109,2,1794.04,2026-08-31 08:00:00,shipped,2026-08-31 16:00:00
OL-000100949,ORD-00033649,CUST-001154,PROD-0784,5,2958.73,2026-08-31 09:00:00,delivered,2026-08-31 17:00:00
OL-000100950,ORD-00033650,CUST-002707,PROD-0032,7,1969.13,2026-08-31 10:00:00,delivered,2026-08-31 18:00:00
OL-000100951,ORD-00033650,CUST-003059,PROD-0401,9,1148.97,2026-08-31 11:00:00,delivered,2026-08-31 19:00:00
OL-000100952,ORD-00033650,CUST-002598,PROD-0148,9,1500.5,2026-08-31 12:00:00,shipped,2026-08-31 12:00:00
OL-000100953,ORD-00033651,CUST-000046,PROD-0567,6,4600.59,2026-08-31 13:00:00,delivered,2026-08-31 13:00:00
OL-000100954,ORD-00033651,CUST-000021,PROD-0587,3,696.74,2026-08-31 14:00:00,delivered,2026-08-31 14:00:00
OL-000100955,ORD-00033651,CUST-000349,PROD-0313,9,2682.42,2026-08-31 15:00:00,shipped,2026-08-31 15:00:00
OL-000100956,ORD-00033652,CUST-003710,PROD-0662,6,1110.93,2026-08-31 16:00:00,delivered,2026-08-31 16:00:00
OL-000100957,ORD-00033652,CUST-000905,PROD-0632,3,873.27,2026-08-31 17:00:00,delivered,2026-08-31 17:00:00
OL-000100958,ORD-00033652,CUST-002749,PROD-0819,4,656.43,2026-08-31 18:00:00,delivered,2026-08-31 18:00:00
OL-000100959,ORD-00033653,CUST-003819,PROD-0563,1,4104.49,2026-08-31 19:00:00,delivered,2026-08-31 19:00:00
OL-000100960,ORD-00033653,CUST-002752,PROD-0069,9,462.32,2026-08-31 08:00:00,shipped,2026-08-31 12:00:00
OL-000100961,ORD-00033653,CUST-001996,PROD-0339,4,3515.76,2026-08-31 09:00:00,delivered,2026-08-31 13:00:00
OL-000100962,ORD-00033654,CUST-002538,PROD-0072,4,588.21,2026-08-31 10:00:00,delivered,2026-08-31 14:00:00
OL-000100963,ORD-00033654,CUST-001345,PROD-0632,6,2393.83,2026-08-31 11:00:00,delivered,2026-08-31 15:00:00
OL-000100964,ORD-00033654,CUST-001493,PROD-0828,3,2766.78,2026-08-31 12:00:00,delivered,2026-08-31 16:00:00
OL-000100965,ORD-00033655,CUST-001283,PROD-0253,7,909.23,2026-08-31 13:00:00,delivered,2026-08-31 17:00:00
OL-000100966,ORD-00033655,CUST-001473,PROD-0138,7,1414.86,2026-08-31 14:00:00,delivered,2026-08-31 18:00:00
OL-000100967,ORD-00033655,CUST-001896,PROD-0457,6,4228.51,2026-08-31 15:00:00,delivered,2026-08-31 19:00:00
OL-000100968,ORD-00033656,CUST-000446,PROD-0180,5,2399.03,2026-08-31 16:00:00,delivered,2026-08-31 12:00:00
OL-000100969,ORD-00033656,CUST-003518,PROD-0847,2,4059.59,2026-08-31 17:00:00,shipped,2026-08-31 13:00:00
OL-000100970,ORD-00033656,CUST-003005,PROD-0642,9,1039.3,2026-08-31 18:00:00,placed,2026-08-31 14:00:00
OL-000100971,ORD-00033657,CUST-003480,PROD-0520,2,4295.05,2026-08-31 19:00:00,delivered,2026-08-31 15:00:00
OL-000100972,ORD-00033657,CUST-000872,PROD-0038,7,3719.86,2026-08-31 08:00:00,delivered,2026-08-31 16:00:00
OL-000100973,ORD-00033657,CUST-002211,PROD-0484,9,4303.85,2026-08-31 09:00:00,delivered,2026-08-31 17:00:00
OL-000100974,ORD-00033658,CUST-000915,PROD-0791,3,1832.03,2026-08-31 10:00:00,delivered,2026-08-31 18:00:00
OL-000100975,ORD-00033658,CUST-002053,PROD-0523,5,746.56,2026-08-31 11:00:00,placed,2026-08-31 19:00:00
OL-000100976,ORD-00033658,CUST-002715,PROD-0245,6,2470.14,2026-08-31 12:00:00,delivered,2026-08-31 12:00:00
OL-000100977,ORD-00033659,CUST-000575,PROD-0457,3,3663.72,2026-08-31 13:00:00,shipped,2026-08-31 13:00:00
OL-000100978,ORD-00033659,CUST-001981,PROD-0368,3,3564.1,2026-08-31 14:00:00,placed,2026-08-31 14:00:00
OL-000100979,ORD-00033659,CUST-001083,PROD-0379,8,1204.59,2026-08-31 15:00:00,shipped,2026-08-31 15:00:00
OL-000100980,ORD-00033660,CUST-003242,PROD-0370,4,2543.7,2026-08-31 16:00:00,delivered,2026-08-31 16:00:00
OL-000100981,ORD-00033660,CUST-000164,PROD-0665,8,4245.66,2026-08-31 17:00:00,delivered,2026-08-31 17:00:00
OL-000100982,ORD-00033660,CUST-001121,PROD-0855,9,3085.09,2026-08-31 18:00:00,delivered,2026-08-31 18:00:00
OL-000100983,ORD-00033661,CUST-001543,PROD-0670,9,2788.35,2026-08-31 19:00:00,delivered,2026-08-31 19:00:00
OL-000100984,ORD-00033661,CUST-001542,PROD-0229,2,2537.98,2026-08-31 08:00:00,delivered,2026-08-31 12:00:00
OL-000100985,ORD-00033661,CUST-001414,PROD-0499,6,3944.67,2026-08-31 09:00:00,delivered,2026-08-31 13:00:00
OL-000100986,ORD-00033662,CUST-000570,PROD-0451,1,2468.6,2026-08-31 10:00:00,shipped,2026-08-31 14:00:00
OL-000100987,ORD-00033662,CUST-001151,PROD-0217,2,2528.05,2026-08-31 11:00:00,shipped,2026-08-31 15:00:00
OL-000100988,ORD-00033662,CUST-002939,PROD-0837,3,1815.2,2026-08-31 12:00:00,shipped,2026-08-31 16:00:00
OL-000100989,ORD-00033663,CUST-001353,PROD-0738,4,2060.39,2026-08-31 13:00:00,shipped,2026-08-31 17:00:00
OL-000100990,ORD-00033663,CUST-002420,PROD-0166,8,2361.82,2026-08-31 14:00:00,delivered,2026-08-31 18:00:00
OL-000100991,ORD-00033663,CUST-000177,PROD-0131,7,225.05,2026-08-31 15:00:00,delivered,2026-08-31 19:00:00
OL-000100992,ORD-00033664,CUST-002100,PROD-0041,3,750.51,2026-08-31 16:00:00,delivered,2026-08-31 12:00:00
OL-000100993,ORD-00033664,CUST-001058,PROD-0185,3,381.67,2026-08-31 17:00:00,delivered,2026-08-31 13:00:00
OL-000100994,ORD-00033664,CUST-002309,PROD-0653,7,2924.99,2026-08-31 18:00:00,placed,2026-08-31 14:00:00
OL-000100995,ORD-00033665,CUST-000888,PROD-0460,5,4553.15,2026-08-31 19:00:00,delivered,2026-08-31 15:00:00
OL-000100996,ORD-00033665,CUST-000699,PROD-0225,8,4178.98,2026-08-31 08:00:00,delivered,2026-08-31 16:00:00
OL-000100997,ORD-00033665,CUST-003361,PROD-0786,3,3838.8,2026-08-31 09:00:00,shipped,2026-08-31 17:00:00
OL-000100998,ORD-00033666,CUST-002967,PROD-0703,9,1357.96,2026-08-31 10:00:00,delivered,2026-08-31 18:00:00
OL-000100999,ORD-00033666,CUST-000282,PROD-0236,8,2911.78,2026-08-31 11:00:00,delivered,2026-08-31 19:00:00
OL-000101000,ORD-00033666,CUST-000829,PROD-0536,3,628.11,2026-08-31 12:00:00,delivered,2026-08-31 12:00:00
OL-000101001,ORD-00033667,CUST-003386,PROD-0154,9,3322.84,2026-08-31 13:00:00,delivered,2026-08-31 13:00:00
OL-000101002,ORD-00033667,CUST-002519,PROD-0615,3,2347.07,2026-08-31 14:00:00,placed,2026-08-31 14:00:00
OL-000101003,ORD-00033667,CUST-000482,PROD-0096,9,2475.58,2026-08-31 15:00:00,delivered,2026-08-31 15:00:00
OL-000101004,ORD-00033668,CUST-002209,PROD-0848,3,4341.29,2026-08-31 16:00:00,placed,2026-08-31 16:00:00
OL-000101005,ORD-00033668,CUST-001518,PROD-0896,7,2563.17,2026-08-31 17:00:00,placed,2026-08-31 17:00:00
OL-000101006,ORD-00033668,CUST-003844,PROD-0822,9,2127.52,2026-08-31 18:00:00,delivered,2026-08-31 18:00:00
OL-000101007,ORD-00033669,CUST-003296,PROD-0760,7,1760.42,2026-08-31 19:00:00,delivered,2026-08-31 19:00:00
OL-000101008,ORD-00033669,CUST-001043,PROD-0489,2,2111.29,2026-08-31 08:00:00,delivered,2026-08-31 12:00:00
OL-000101009,ORD-00033669,CUST-003592,PROD-0557,2,1445.69,2026-08-31 09:00:00,delivered,2026-08-31 13:00:00
OL-000101010,ORD-00033670,CUST-003046,PROD-0809,4,145.6,2026-08-31 10:00:00,placed,2026-08-31 14:00:00
OL-000101011,ORD-00033670,CUST-000030,PROD-0385,9,671.44,2026-08-31 11:00:00,delivered,2026-08-31 15:00:00
OL-000101012,ORD-00033670,CUST-000437,PROD-0159,6,2033.39,2026-08-31 12:00:00,delivered,2026-08-31 16:00:00
OL-000101013,ORD-00033671,CUST-002196,PROD-0434,5,1342.9,2026-08-31 13:00:00,delivered,2026-08-31 17:00:00
OL-000101014,ORD-00033671,CUST-001628,PROD-0774,5,4761.62,2026-08-31 14:00:00,shipped,2026-08-31 18:00:00
OL-000101015,ORD-00033671,CUST-001977,PROD-0184,9,3788.13,2026-08-31 15:00:00,delivered,2026-08-31 19:00:00
OL-000101016,ORD-00033672,CUST-001257,PROD-0592,9,2384.0,2026-08-31 16:00:00,delivered,2026-08-31 12:00:00
OL-000101017,ORD-00033672,CUST-003503,PROD-0885,7,3563.46,2026-08-31 17:00:00,delivered,2026-08-31 13:00:00
OL-000101018,ORD-00033672,CUST-002865,PROD-0166,4,2210.06,2026-08-31 18:00:00,shipped,2026-08-31 14:00:00
OL-000101019,ORD-00033673,CUST-001387,PROD-0821,9,1994.63,2026-08-31 19:00:00,delivered,2026-08-31 15:00:00
OL-000101020,ORD-00033673,CUST-003951,PROD-0652,1,872.25,2026-08-31 08:00:00,placed,2026-08-31 16:00:00
OL-000101021,ORD-00033673,CUST-001932,PROD-0615,2,3972.84,2026-08-31 09:00:00,delivered,2026-08-31 17:00:00
OL-000101022,ORD-00033674,CUST-001519,PROD-0082,2,1351.27,2026-08-31 10:00:00,delivered,2026-08-31 18:00:00
OL-000101023,ORD-00033674,CUST-001642,PROD-0629,7,4475.61,2026-08-31 11:00:00,delivered,2026-08-31 19:00:00
OL-000101024,ORD-00033674,CUST-002448,PROD-0059,5,3450.32,2026-08-31 12:00:00,delivered,2026-08-31 12:00:00
OL-000101025,ORD-00033675,CUST-001799,PROD-0011,3,3116.56,2026-08-31 13:00:00,shipped,2026-08-31 13:00:00
OL-000101026,ORD-00033675,CUST-000138,PROD-0803,9,1458.51,2026-08-31 14:00:00,delivered,2026-08-31 14:00:00
OL-000101027,ORD-00033675,CUST-002520,PROD-0174,9,3388.74,2026-08-31 15:00:00,delivered,2026-08-31 15:00:00
OL-000101028,ORD-00033676,CUST-000002,PROD-0162,6,1239.72,2026-08-31 16:00:00,placed,2026-08-31 16:00:00
OL-000101029,ORD-00033676,CUST-001447,PROD-0686,5,3768.87,2026-08-31 17:00:00,delivered,2026-08-31 17:00:00
OL-000101030,ORD-00033676,CUST-003019,PROD-0721,4,2543.04,2026-08-31 18:00:00,placed,2026-08-31 18:00:00
OL-000101031,ORD-00033677,CUST-002975,PROD-0850,2,2692.09,2026-08-31 19:00:00,delivered,2026-08-31 19:00:00
OL-000101032,ORD-00033677,CUST-003341,PROD-0284,6,1746.18,2026-08-31 08:00:00,shipped,2026-08-31 12:00:00
OL-000101033,ORD-00033677,CUST-001655,PROD-0589,4,2248.27,2026-08-31 09:00:00,placed,2026-08-31 13:00:00
OL-000101034,ORD-00033678,CUST-000437,PROD-0573,3,2025.39,2026-08-31 10:00:00,placed,2026-08-31 14:00:00
OL-000101035,ORD-00033678,CUST-000480,PROD-0823,5,1711.04,2026-08-31 11:00:00,delivered,2026-08-31 15:00:00
OL-000101036,ORD-00033678,CUST-003331,PROD-0813,5,4220.21,2026-08-31 12:00:00,delivered,2026-08-31 16:00:00
OL-000101037,ORD-00033679,CUST-002307,PROD-0496,8,4641.14,2026-08-31 13:00:00,delivered,2026-08-31 17:00:00
OL-000101038,ORD-00033679,CUST-001880,PROD-0698,6,4618.6,2026-08-31 14:00:00,delivered,2026-08-31 18:00:00
OL-000101039,ORD-00033679,CUST-001057,PROD-0070,1,2375.62,2026-08-31 15:00:00,delivered,2026-08-31 19:00:00
OL-000101040,ORD-00033680,CUST-000942,PROD-0820,4,3287.95,2026-08-31 16:00:00,delivered,2026-08-31 12:00:00
OL-000101041,ORD-00033680,CUST-000040,PROD-0718,6,2537.24,2026-08-31 17:00:00,delivered,2026-08-31 13:00:00
OL-000101042,ORD-00033680,CUST-001635,PROD-0690,4,1464.52,2026-08-31 18:00:00,delivered,2026-08-31 14:00:00
OL-000101043,ORD-00033681,CUST-003815,PROD-0183,6,475.81,2026-08-31 19:00:00,delivered,2026-08-31 15:00:00
OL-000101044,ORD-00033681,CUST-002350,PROD-0276,6,1142.89,2026-08-31 08:00:00,shipped,2026-08-31 16:00:00
OL-000101045,ORD-00033681,CUST-000818,PROD-0241,4,2455.32,2026-08-31 09:00:00,delivered,2026-08-31 17:00:00
OL-000101046,ORD-00033682,CUST-000831,PROD-0855,5,1087.72,2026-08-31 10:00:00,shipped,2026-08-31 18:00:00
OL-000101047,ORD-00033682,CUST-000437,PROD-0123,6,850.06,2026-08-31 11:00:00,delivered,2026-08-31 19:00:00
OL-000101048,ORD-00033682,CUST-003131,PROD-0878,8,2992.71,2026-08-31 12:00:00,delivered,2026-08-31 12:00:00
OL-000101049,ORD-00033683,CUST-001521,PROD-0636,1,4088.69,2026-08-31 13:00:00,delivered,2026-08-31 13:00:00
OL-000101050,ORD-00033683,CUST-003131,PROD-0524,5,2416.97,2026-08-31 14:00:00,shipped,2026-08-31 14:00:00
OL-000101051,ORD-00033683,CUST-000526,PROD-0056,4,3630.79,2026-08-31 15:00:00,delivered,2026-08-31 15:00:00
OL-000101052,ORD-00033684,CUST-002215,PROD-0034,7,2358.54,2026-08-31 16:00:00,delivered,2026-08-31 16:00:00
OL-000101053,ORD-00033684,CUST-003179,PROD-0179,7,4146.67,2026-08-31 17:00:00,delivered,2026-08-31 17:00:00
OL-000101054,ORD-00033684,CUST-001885,PROD-0324,2,3387.78,2026-08-31 18:00:00,delivered,2026-08-31 18:00:00
OL-000101055,ORD-00033685,CUST-001555,PROD-0595,1,3274.8,2026-08-31 19:00:00,shipped,2026-08-31 19:00:00
OL-000101056,ORD-00033685,CUST-001064,PROD-0192,6,2987.8,2026-08-31 08:00:00,delivered,2026-08-31 12:00:00
OL-000101057,ORD-00033685,CUST-003927,PROD-0628,4,1380.83,2026-08-31 09:00:00,delivered,2026-08-31 13:00:00
OL-000101058,ORD-00033686,CUST-000863,PROD-0430,3,2454.24,2026-08-31 10:00:00,delivered,2026-08-31 14:00:00
OL-000101059,ORD-00033686,CUST-001641,PROD-0287,6,1828.56,2026-08-31 11:00:00,delivered,2026-08-31 15:00:00
OL-000101060,ORD-00033686,CUST-002810,PROD-0235,3,4703.0,2026-08-31 12:00:00,delivered,2026-08-31 16:00:00
OL-000101061,ORD-00033687,CUST-002275,PROD-0443,5,3883.13,2026-08-31 13:00:00,delivered,2026-08-31 17:00:00
OL-000101062,ORD-00033687,CUST-003929,PROD-0757,4,802.55,2026-08-31 14:00:00,shipped,2026-08-31 18:00:00
OL-000101063,ORD-00033687,CUST-002047,PROD-0138,1,946.52,2026-08-31 15:00:00,cancelled,2026-08-31 19:00:00
OL-000101064,ORD-00033688,CUST-001294,PROD-0805,9,2619.04,2026-08-31 16:00:00,delivered,2026-08-31 12:00:00
OL-000101065,ORD-00033688,CUST-002326,PROD-0049,5,2750.81,2026-08-31 17:00:00,delivered,2026-08-31 13:00:00
OL-000101066,ORD-00033688,CUST-003334,PROD-0261,3,400.97,2026-08-31 18:00:00,delivered,2026-08-31 14:00:00
OL-000101067,ORD-00033689,CUST-001371,PROD-0267,2,2225.32,2026-08-31 19:00:00,delivered,2026-08-31 15:00:00
OL-000101068,ORD-00033689,CUST-003318,PROD-0264,9,2729.06,2026-08-31 08:00:00,delivered,2026-08-31 16:00:00
OL-000101069,ORD-00033689,CUST-003553,PROD-0696,7,687.39,2026-08-31 09:00:00,cancelled,2026-08-31 17:00:00
OL-000101070,ORD-00033690,CUST-002662,PROD-0665,4,2819.68,2026-08-31 10:00:00,delivered,2026-08-31 18:00:00
OL-000101071,ORD-00033690,CUST-002758,PROD-0523,5,1781.91,2026-08-31 11:00:00,delivered,2026-08-31 19:00:00
OL-000101072,ORD-00033690,CUST-001561,PROD-0629,8,4283.48,2026-08-31 12:00:00,shipped,2026-08-31 12:00:00
OL-000101073,ORD-00033691,CUST-002624,PROD-0828,3,4183.45,2026-08-31 13:00:00,delivered,2026-08-31 13:00:00
OL-000101074,ORD-00033691,CUST-002342,PROD-0415,7,3074.36,2026-08-31 14:00:00,delivered,2026-08-31 14:00:00
OL-000101075,ORD-00033691,CUST-001408,PROD-0234,2,490.24,2026-08-31 15:00:00,delivered,2026-08-31 15:00:00
OL-000101076,ORD-00033692,CUST-002480,PROD-0661,5,3444.83,2026-08-31 16:00:00,delivered,2026-08-31 16:00:00
OL-000101077,ORD-00033692,CUST-003846,PROD-0372,8,3774.96,2026-08-31 17:00:00,delivered,2026-08-31 17:00:00
OL-000101078,ORD-00033692,CUST-001696,PROD-0172,9,4638.66,2026-08-31 18:00:00,shipped,2026-08-31 18:00:00
OL-000101079,ORD-00033693,CUST-000962,PROD-0678,1,705.19,2026-08-31 19:00:00,shipped,2026-08-31 19:00:00
OL-000101080,ORD-00033693,CUST-001627,PROD-0106,2,1105.47,2026-08-31 08:00:00,placed,2026-08-31 12:00:00
OL-000101081,ORD-00033693,CUST-000108,PROD-0790,8,2686.67,2026-08-31 09:00:00,delivered,2026-08-31 13:00:00
OL-000101082,ORD-00033694,CUST-002532,PROD-0160,2,606.38,2026-08-31 10:00:00,placed,2026-08-31 14:00:00
OL-000101083,ORD-00033694,CUST-001014,PROD-0756,7,1567.85,2026-08-31 11:00:00,shipped,2026-08-31 15:00:00
OL-000101084,ORD-00033694,CUST-003435,PROD-0175,3,734.38,2026-08-31 12:00:00,placed,2026-08-31 16:00:00
OL-000101085,ORD-00033695,CUST-001333,PROD-0885,6,4146.53,2026-08-31 13:00:00,delivered,2026-08-31 17:00:00
OL-000101086,ORD-00033695,CUST-002247,PROD-0456,9,4495.13,2026-08-31 14:00:00,shipped,2026-08-31 18:00:00
OL-000101087,ORD-00033695,CUST-002448,PROD-0468,9,948.53,2026-08-31 15:00:00,delivered,2026-08-31 19:00:00
OL-000101088,ORD-00033696,CUST-002620,PROD-0547,7,2569.79,2026-08-31 16:00:00,delivered,2026-08-31 12:00:00
OL-000101089,ORD-00033696,CUST-000931,PROD-0825,6,2374.13,2026-08-31 17:00:00,placed,2026-08-31 13:00:00
OL-000101090,ORD-00033696,CUST-001065,PROD-0160,5,1831.87,2026-08-31 18:00:00,delivered,2026-08-31 14:00:00
OL-000101091,ORD-00033697,CUST-003106,PROD-0869,1,2569.12,2026-08-31 19:00:00,shipped,2026-08-31 15:00:00
OL-000101092,ORD-00033697,CUST-000035,PROD-0705,5,2315.85,2026-08-31 08:00:00,delivered,2026-08-31 16:00:00
OL-000101093,ORD-00033697,CUST-003138,PROD-0441,8,1522.18,2026-08-31 09:00:00,delivered,2026-08-31 17:00:00
OL-000101094,ORD-00033698,CUST-002246,PROD-0383,4,3848.87,2026-08-31 10:00:00,shipped,2026-08-31 18:00:00
OL-000101095,ORD-00033698,CUST-001024,PROD-0168,9,2165.66,2026-08-31 11:00:00,delivered,2026-08-31 19:00:00
OL-000101096,ORD-00033698,CUST-000904,PROD-0270,7,3997.04,2026-08-31 12:00:00,placed,2026-08-31 12:00:00
OL-000101097,ORD-00033699,CUST-003277,PROD-0628,4,2537.74,2026-08-31 13:00:00,delivered,2026-08-31 13:00:00
OL-000101098,ORD-00033699,CUST-003044,PROD-0545,5,1452.29,2026-08-31 14:00:00,delivered,2026-08-31 14:00:00
OL-000101099,ORD-00033699,CUST-000281,PROD-0187,7,999.84,2026-08-31 15:00:00,shipped,2026-08-31 15:00:00
OL-000101100,ORD-00033700,CUST-002531,PROD-0464,2,3100.66,2026-08-31 16:00:00,shipped,2026-08-31 16:00:00
OL-000101101,ORD-00033700,CUST-000080,PROD-0156,8,998.85,2026-08-31 17:00:00,placed,2026-08-31 17:00:00
OL-000101102,ORD-00033700,CUST-003983,PROD-0105,9,223.57,2026-08-31 18:00:00,shipped,2026-08-31 18:00:00
OL-000101103,ORD-00033701,CUST-002979,PROD-0009,3,3467.12,2026-08-31 19:00:00,shipped,2026-08-31 19:00:00
OL-000101104,ORD-00033701,CUST-000890,PROD-0351,3,188.91,2026-08-31 08:00:00,delivered,2026-08-31 12:00:00
OL-000101105,ORD-00033701,CUST-001900,PROD-0714,8,4790.47,2026-08-31 09:00:00,delivered,2026-08-31 13:00:00
OL-000101106,ORD-00033702,CUST-003075,PROD-0150,6,495.44,2026-08-31 10:00:00,placed,2026-08-31 14:00:00
OL-000101107,ORD-00033702,CUST-001926,PROD-0186,7,454.08,2026-08-31 11:00:00,shipped,2026-08-31 15:00:00
OL-000101108,ORD-00033702,CUST-003393,PROD-0013,5,3944.73,2026-08-31 12:00:00,shipped,2026-08-31 16:00:00
OL-000101109,ORD-00033703,CUST-003994,PROD-0454,4,1920.85,2026-08-31 13:00:00,shipped,2026-08-31 17:00:00
OL-000101110,ORD-00033703,CUST-003012,PROD-0790,1,1052.16,2026-08-31 14:00:00,placed,2026-08-31 18:00:00
OL-000101111,ORD-00033703,CUST-002792,PROD-0320,4,2332.82,2026-08-31 15:00:00,delivered,2026-08-31 19:00:00
OL-000101112,ORD-00033704,CUST-000173,PROD-0763,3,3064.49,2026-08-31 16:00:00,delivered,2026-08-31 12:00:00
OL-000101113,ORD-00033704,CUST-001972,PROD-0654,9,691.62,2026-08-31 17:00:00,shipped,2026-08-31 13:00:00
OL-000101114,ORD-00033704,CUST-003538,PROD-0683,6,4273.59,2026-08-31 18:00:00,shipped,2026-08-31 14:00:00
OL-000101115,ORD-00033705,CUST-001779,PROD-0333,2,1224.32,2026-08-31 19:00:00,placed,2026-08-31 15:00:00
OL-000101116,ORD-00033705,CUST-001622,PROD-0809,5,2856.38,2026-08-31 08:00:00,shipped,2026-08-31 16:00:00
OL-000101117,ORD-00033705,CUST-002830,PROD-0487,1,2839.44,2026-08-31 09:00:00,delivered,2026-08-31 17:00:00
OL-000101118,ORD-00033706,CUST-000367,PROD-0255,3,1858.15,2026-08-31 10:00:00,shipped,2026-08-31 18:00:00
OL-000101119,ORD-00033706,CUST-001387,PROD-0778,2,3330.22,2026-08-31 11:00:00,delivered,2026-08-31 19:00:00
OL-000101120,ORD-00033706,CUST-000631,PROD-0719,1,1783.82,2026-08-31 12:00:00,delivered,2026-08-31 12:00:00
OL-000101121,ORD-00033707,CUST-000954,PROD-0325,2,708.87,2026-08-31 13:00:00,cancelled,2026-08-31 13:00:00
OL-000101122,ORD-00033707,CUST-001797,PROD-0751,6,3889.86,2026-08-31 14:00:00,shipped,2026-08-31 14:00:00
OL-000101123,ORD-00033707,CUST-000552,PROD-0257,7,1796.22,2026-08-31 15:00:00,delivered,2026-08-31 15:00:00
OL-000101124,ORD-00033708,CUST-002290,PROD-0302,8,3427.01,2026-08-31 16:00:00,delivered,2026-08-31 16:00:00
OL-000101125,ORD-00033708,CUST-000765,PROD-0557,8,1008.15,2026-08-31 17:00:00,delivered,2026-08-31 17:00:00
OL-000101126,ORD-00033708,CUST-003406,PROD-0614,8,1408.52,2026-08-31 18:00:00,delivered,2026-08-31 18:00:00
OL-000101127,ORD-00033709,CUST-002176,PROD-0159,9,870.41,2026-08-31 19:00:00,delivered,2026-08-31 19:00:00
OL-000101128,ORD-00033709,CUST-001860,PROD-0001,5,2654.72,2026-08-31 08:00:00,delivered,2026-08-31 12:00:00
OL-000101129,ORD-00033709,CUST-000760,PROD-0020,9,1893.92,2026-08-31 09:00:00,delivered,2026-08-31 13:00:00
OL-000101130,ORD-00033710,CUST-000979,PROD-0329,6,3751.76,2026-08-31 10:00:00,delivered,2026-08-31 14:00:00
OL-000101131,ORD-00033710,CUST-000778,PROD-0537,9,3953.15,2026-08-31 11:00:00,delivered,2026-08-31 15:00:00
OL-000101132,ORD-00033710,CUST-001160,PROD-0331,9,841.34,2026-08-31 12:00:00,delivered,2026-08-31 16:00:00
OL-000101133,ORD-00033711,CUST-002144,PROD-0675,6,636.97,2026-08-31 13:00:00,placed,2026-08-31 17:00:00
OL-000101134,ORD-00033711,CUST-000129,PROD-0207,3,956.03,2026-08-31 14:00:00,shipped,2026-08-31 18:00:00
OL-000101135,ORD-00033711,CUST-002339,PROD-0658,4,582.17,2026-08-31 15:00:00,delivered,2026-08-31 19:00:00
OL-000101136,ORD-00033712,CUST-002873,PROD-0605,8,2580.84,2026-08-31 16:00:00,shipped,2026-08-31 12:00:00
OL-000101137,ORD-00033712,CUST-002941,PROD-0073,6,1152.98,2026-08-31 17:00:00,placed,2026-08-31 13:00:00
OL-000101138,ORD-00033712,CUST-003803,PROD-0853,4,3188.91,2026-08-31 18:00:00,placed,2026-08-31 14:00:00
OL-000101139,ORD-00033713,CUST-003046,PROD-0426,1,1809.13,2026-08-31 19:00:00,delivered,2026-08-31 15:00:00
OL-000101140,ORD-00033713,CUST-001089,PROD-0542,1,3974.65,2026-08-31 08:00:00,placed,2026-08-31 16:00:00
OL-000101141,ORD-00033713,CUST-000320,PROD-0222,2,4025.26,2026-08-31 09:00:00,cancelled,2026-08-31 17:00:00
OL-000101142,ORD-00033714,CUST-000947,PROD-0545,2,593.73,2026-08-31 10:00:00,delivered,2026-08-31 18:00:00
OL-000101143,ORD-00033714,CUST-001019,PROD-0584,4,2582.58,2026-08-31 11:00:00,delivered,2026-08-31 19:00:00
OL-000101144,ORD-00033714,CUST-002287,PROD-0426,3,2733.42,2026-08-31 12:00:00,delivered,2026-08-31 12:00:00
OL-000101145,ORD-00033715,CUST-002878,PROD-0682,6,3276.63,2026-08-31 13:00:00,delivered,2026-08-31 13:00:00
OL-000101146,ORD-00033715,CUST-000739,PROD-0564,2,900.67,2026-08-31 14:00:00,delivered,2026-08-31 14:00:00
OL-000101147,ORD-00033715,CUST-002187,PROD-0615,6,3197.25,2026-08-31 15:00:00,delivered,2026-08-31 15:00:00
OL-000101148,ORD-00033716,CUST-002254,PROD-0333,6,4343.63,2026-08-31 16:00:00,delivered,2026-08-31 16:00:00
OL-000101149,ORD-00033716,CUST-001764,PROD-0846,7,3696.38,2026-08-31 17:00:00,delivered,2026-08-31 17:00:00
OL-000101150,ORD-00033716,CUST-000877,PROD-0385,4,2755.52,2026-08-31 18:00:00,delivered,2026-08-31 18:00:00
OL-000101151,ORD-00033717,CUST-001854,PROD-0459,5,1804.84,2026-08-31 19:00:00,delivered,2026-08-31 19:00:00
OL-000101152,ORD-00033717,CUST-001166,PROD-0611,1,3519.15,2026-08-31 08:00:00,placed,2026-08-31 12:00:00
OL-000101153,ORD-00033717,CUST-001237,PROD-0007,3,4769.17,2026-08-31 09:00:00,delivered,2026-08-31 13:00:00
OL-000101154,ORD-00033718,CUST-001290,PROD-0023,4,1125.37,2026-08-31 10:00:00,delivered,2026-08-31 14:00:00
OL-000101155,ORD-00033718,CUST-002095,PROD-0570,5,4421.44,2026-08-31 11:00:00,delivered,2026-08-31 15:00:00
OL-000101156,ORD-00033718,CUST-001886,PROD-0365,3,561.26,2026-08-31 12:00:00,shipped,2026-08-31 16:00:00
OL-000101157,ORD-00033719,CUST-002385,PROD-0256,5,1837.95,2026-08-31 13:00:00,shipped,2026-08-31 17:00:00
OL-000101158,ORD-00033719,CUST-001638,PROD-0583,5,550.12,2026-08-31 14:00:00,delivered,2026-08-31 18:00:00
OL-000101159,ORD-00033719,CUST-003248,PROD-0495,2,3506.36,2026-08-31 15:00:00,shipped,2026-08-31 19:00:00
OL-000101160,ORD-00033720,CUST-001231,PROD-0039,2,2905.68,2026-08-31 16:00:00,delivered,2026-08-31 12:00:00
OL-000101161,ORD-00033720,CUST-000230,PROD-0790,7,487.27,2026-08-31 17:00:00,delivered,2026-08-31 13:00:00
OL-000101162,ORD-00033720,CUST-003555,PROD-0124,7,2069.32,2026-08-31 18:00:00,delivered,2026-08-31 14:00:00
OL-000101163,ORD-00033721,CUST-003480,PROD-0617,4,3619.14,2026-08-31 19:00:00,delivered,2026-08-31 15:00:00
OL-000101164,ORD-00033721,CUST-002148,PROD-0043,7,373.32,2026-08-31 08:00:00,delivered,2026-08-31 16:00:00
OL-000101165,ORD-00033721,CUST-002859,PROD-0227,3,1649.57,2026-08-31 09:00:00,shipped,2026-08-31 17:00:00
OL-000101166,ORD-00033722,CUST-003084,PROD-0610,7,4664.47,2026-08-31 10:00:00,delivered,2026-08-31 18:00:00
OL-000101167,ORD-00033722,CUST-001187,PROD-0806,2,1159.36,2026-08-31 11:00:00,delivered,2026-08-31 19:00:00
OL-000101168,ORD-00033722,CUST-001950,PROD-0586,3,1693.27,2026-08-31 12:00:00,delivered,2026-08-31 12:00:00
OL-000101169,ORD-00033723,CUST-000349,PROD-0409,9,1988.22,2026-08-31 13:00:00,delivered,2026-08-31 13:00:00
OL-000101170,ORD-00033723,CUST-001970,PROD-0573,3,3686.31,2026-08-31 14:00:00,shipped,2026-08-31 14:00:00
OL-000101171,ORD-00033723,CUST-000804,PROD-0575,7,3172.52,2026-08-31 15:00:00,delivered,2026-08-31 15:00:00
OL-000101172,ORD-00033724,CUST-000294,PROD-0273,9,1272.43,2026-08-31 16:00:00,delivered,2026-08-31 16:00:00
OL-000101173,ORD-00033724,CUST-002360,PROD-0092,6,3324.57,2026-08-31 17:00:00,shipped,2026-08-31 17:00:00
OL-000101174,ORD-00033724,CUST-001427,PROD-0196,7,2102.17,2026-08-31 18:00:00,delivered,2026-08-31 18:00:00
OL-000101175,ORD-00033725,CUST-000694,PROD-0359,1,3722.11,2026-08-31 19:00:00,delivered,2026-08-31 19:00:00
OL-000101176,ORD-00033725,CUST-001805,PROD-0046,8,3036.49,2026-08-31 08:00:00,delivered,2026-08-31 12:00:00
OL-000101177,ORD-00033725,CUST-001532,PROD-0160,4,1054.53,2026-08-31 09:00:00,delivered,2026-08-31 13:00:00
OL-000101178,ORD-00033726,CUST-000224,PROD-0249,2,645.9,2026-08-31 10:00:00,delivered,2026-08-31 14:00:00
OL-000101179,ORD-00033726,CUST-003360,PROD-0295,3,4185.76,2026-08-31 11:00:00,placed,2026-08-31 15:00:00
OL-000101180,ORD-00033726,CUST-001930,PROD-0024,2,1547.95,2026-08-31 12:00:00,delivered,2026-08-31 16:00:00
OL-000101181,ORD-00033727,CUST-002239,PROD-0536,9,1111.58,2026-08-31 13:00:00,delivered,2026-08-31 17:00:00
OL-000101182,ORD-00033727,CUST-002990,PROD-0145,9,2380.56,2026-08-31 14:00:00,delivered,2026-08-31 18:00:00
OL-000101183,ORD-00033727,CUST-003712,PROD-0680,1,1882.52,2026-08-31 15:00:00,delivered,2026-08-31 19:00:00
OL-000101184,ORD-00033728,CUST-001164,PROD-0206,5,917.1,2026-08-31 16:00:00,delivered,2026-08-31 12:00:00
OL-000101185,ORD-00033728,CUST-002682,PROD-0009,5,368.44,2026-08-31 17:00:00,placed,2026-08-31 13:00:00
OL-000101186,ORD-00033728,CUST-003740,PROD-0676,5,3222.75,2026-08-31 18:00:00,delivered,2026-08-31 14:00:00
OL-000101187,ORD-00033729,CUST-003553,PROD-0665,2,209.29,2026-08-31 19:00:00,delivered,2026-08-31 15:00:00
OL-000101188,ORD-00033729,CUST-002907,PROD-0102,7,2499.97,2026-08-31 08:00:00,delivered,2026-08-31 16:00:00
OL-000101189,ORD-00033729,CUST-002178,PROD-0091,8,4176.5,2026-08-31 09:00:00,shipped,2026-08-31 17:00:00
OL-000101190,ORD-00033730,CUST-002297,PROD-0730,9,4644.58,2026-08-31 10:00:00,placed,2026-08-31 18:00:00
OL-000101191,ORD-00033730,CUST-001249,PROD-0342,4,4436.22,2026-08-31 11:00:00,delivered,2026-08-31 19:00:00
OL-000101192,ORD-00033730,CUST-002803,PROD-0361,3,205.98,2026-08-31 12:00:00,delivered,2026-08-31 12:00:00
OL-000101193,ORD-00033731,CUST-002054,PROD-0283,5,1225.44,2026-08-31 13:00:00,delivered,2026-08-31 13:00:00
OL-000101194,ORD-00033731,CUST-003648,PROD-0835,5,4232.21,2026-08-31 14:00:00,cancelled,2026-08-31 14:00:00
OL-000101195,ORD-00033731,CUST-000924,PROD-0156,9,4561.86,2026-08-31 15:00:00,delivered,2026-08-31 15:00:00
OL-000101196,ORD-00033732,CUST-000360,PROD-0748,7,3194.44,2026-08-31 16:00:00,delivered,2026-08-31 16:00:00
OL-000101197,ORD-00033732,CUST-002347,PROD-0157,4,2073.12,2026-08-31 17:00:00,delivered,2026-08-31 17:00:00
OL-000101198,ORD-00033732,CUST-001349,PROD-0460,5,4377.56,2026-08-31 18:00:00,delivered,2026-08-31 18:00:00
OL-000101199,ORD-00033733,CUST-002380,PROD-0555,4,3173.57,2026-08-31 19:00:00,delivered,2026-08-31 19:00:00
OL-000101200,ORD-00033733,CUST-001266,PROD-0706,4,4156.91,2026-08-31 08:00:00,delivered,2026-08-31 12:00:00
OL-000101201,ORD-00033733,CUST-001762,PROD-0789,9,4376.75,2026-08-31 09:00:00,shipped,2026-08-31 13:00:00
OL-000101202,ORD-00033734,CUST-002283,PROD-0546,3,1605.88,2026-08-31 10:00:00,delivered,2026-08-31 14:00:00
OL-000101203,ORD-00033734,CUST-003439,PROD-0150,2,981.75,2026-08-31 11:00:00,delivered,2026-08-31 15:00:00
OL-000101204,ORD-00033734,CUST-001696,PROD-0422,6,4239.02,2026-08-31 12:00:00,delivered,2026-08-31 16:00:00
OL-000101205,ORD-00033735,CUST-000770,PROD-0110,5,831.16,2026-08-31 13:00:00,shipped,2026-08-31 17:00:00
OL-000101206,ORD-00033735,CUST-002507,PROD-0632,1,3688.25,2026-08-31 14:00:00,shipped,2026-08-31 18:00:00
OL-000101207,ORD-00033735,CUST-000946,PROD-0704,4,2910.97,2026-08-31 15:00:00,placed,2026-08-31 19:00:00
OL-000101208,ORD-00033736,CUST-001953,PROD-0138,2,3340.5,2026-08-31 16:00:00,delivered,2026-08-31 12:00:00
OL-000101209,ORD-00033736,CUST-001532,PROD-0189,8,3452.25,2026-08-31 17:00:00,delivered,2026-08-31 13:00:00
OL-000101210,ORD-00033736,CUST-000671,PROD-0198,8,2337.6,2026-08-31 18:00:00,shipped,2026-08-31 14:00:00
OL-000101211,ORD-00033737,CUST-000062,PROD-0277,7,3698.04,2026-08-31 19:00:00,delivered,2026-08-31 15:00:00
OL-000101212,ORD-00033737,CUST-000831,PROD-0776,4,3594.28,2026-08-31 08:00:00,shipped,2026-08-31 16:00:00
OL-000101213,ORD-00033737,CUST-001800,PROD-0888,3,4458.84,2026-08-31 09:00:00,delivered,2026-08-31 17:00:00
OL-000101214,ORD-00033738,CUST-003636,PROD-0253,6,4176.51,2026-08-31 10:00:00,delivered,2026-08-31 18:00:00
OL-000101215,ORD-00033738,CUST-003377,PROD-0390,1,2965.11,2026-08-31 11:00:00,delivered,2026-08-31 19:00:00
OL-000101216,ORD-00033738,CUST-003042,PROD-0586,7,2981.84,2026-08-31 12:00:00,delivered,2026-08-31 12:00:00
OL-000101217,ORD-00033739,CUST-002885,PROD-0806,9,3121.72,2026-08-31 13:00:00,placed,2026-08-31 13:00:00
OL-000101218,ORD-00033739,CUST-003388,PROD-0899,2,2233.53,2026-08-31 14:00:00,placed,2026-08-31 14:00:00
OL-000101219,ORD-00033739,CUST-001621,PROD-0753,4,2547.53,2026-08-31 15:00:00,placed,2026-08-31 15:00:00
OL-000101220,ORD-00033740,CUST-002584,PROD-0051,7,2535.47,2026-08-31 16:00:00,shipped,2026-08-31 16:00:00
OL-000101221,ORD-00033740,CUST-001248,PROD-0793,8,1982.83,2026-08-31 17:00:00,delivered,2026-08-31 17:00:00
OL-000101222,ORD-00033740,CUST-001206,PROD-0628,8,899.16,2026-08-31 18:00:00,delivered,2026-08-31 18:00:00
OL-000101223,ORD-00033741,CUST-001899,PROD-0850,9,4349.2,2026-08-31 19:00:00,delivered,2026-08-31 19:00:00
OL-000101224,ORD-00033741,CUST-000464,PROD-0185,2,3501.99,2026-08-31 08:00:00,delivered,2026-08-31 12:00:00
OL-000101225,ORD-00033741,CUST-001694,PROD-0332,9,753.24,2026-08-31 09:00:00,delivered,2026-08-31 13:00:00
OL-000101226,ORD-00033742,CUST-003673,PROD-0730,3,2243.23,2026-08-31 10:00:00,delivered,2026-08-31 14:00:00
OL-000101227,ORD-00033742,CUST-001328,PROD-0709,8,542.04,2026-08-31 11:00:00,delivered,2026-08-31 15:00:00
OL-000101228,ORD-00033742,CUST-000507,PROD-0094,3,3481.99,2026-08-31 12:00:00,shipped,2026-08-31 16:00:00
OL-000101229,ORD-00033743,CUST-000350,PROD-0537,8,3087.46,2026-08-31 13:00:00,delivered,2026-08-31 17:00:00
OL-000101230,ORD-00033743,CUST-000655,PROD-0388,9,2984.5,2026-08-31 14:00:00,delivered,2026-08-31 18:00:00
OL-000101231,ORD-00033743,CUST-003737,PROD-0344,1,3715.46,2026-08-31 15:00:00,delivered,2026-08-31 19:00:00
OL-000101232,ORD-00033744,CUST-000593,PROD-0184,3,878.74,2026-08-31 16:00:00,delivered,2026-08-31 12:00:00
OL-000101233,ORD-00033744,CUST-001268,PROD-0748,1,2083.64,2026-08-31 17:00:00,delivered,2026-08-31 13:00:00
OL-000101234,ORD-00033744,CUST-000741,PROD-0121,8,1471.49,2026-08-31 18:00:00,delivered,2026-08-31 14:00:00
OL-000101235,ORD-00033745,CUST-003136,PROD-0260,4,136.53,2026-08-31 19:00:00,placed,2026-08-31 15:00:00
OL-000101236,ORD-00033745,CUST-002227,PROD-0827,8,4123.32,2026-08-31 08:00:00,placed,2026-08-31 16:00:00
OL-000101237,ORD-00033745,CUST-002412,PROD-0676,8,1233.27,2026-08-31 09:00:00,delivered,2026-08-31 17:00:00
OL-000101238,ORD-00033746,CUST-002463,PROD-0615,7,2187.98,2026-08-31 10:00:00,placed,2026-08-31 18:00:00
OL-000101239,ORD-00033746,CUST-002575,PROD-0571,9,1421.57,2026-08-31 11:00:00,delivered,2026-08-31 19:00:00
OL-000101240,ORD-00033746,CUST-000608,PROD-0057,4,348.94,2026-08-31 12:00:00,delivered,2026-08-31 12:00:00
OL-000101241,ORD-00033747,CUST-000133,PROD-0684,1,800.35,2026-08-31 13:00:00,delivered,2026-08-31 13:00:00
OL-000101242,ORD-00033747,CUST-000360,PROD-0051,5,1669.6,2026-08-31 14:00:00,shipped,2026-08-31 14:00:00
OL-000101243,ORD-00033747,CUST-001165,PROD-0626,3,875.05,2026-08-31 15:00:00,delivered,2026-08-31 15:00:00
OL-000101244,ORD-00033748,CUST-001866,PROD-0768,9,950.32,2026-08-31 16:00:00,delivered,2026-08-31 16:00:00
OL-000101245,ORD-00033748,CUST-001226,PROD-0331,1,555.83,2026-08-31 17:00:00,delivered,2026-08-31 17:00:00
OL-000101246,ORD-00033748,CUST-003107,PROD-0438,7,3958.84,2026-08-31 18:00:00,delivered,2026-08-31 18:00:00
OL-000101247,ORD-00033749,CUST-000552,PROD-0125,2,1490.46,2026-08-31 19:00:00,delivered,2026-08-31 19:00:00
OL-000101248,ORD-00033749,CUST-001695,PROD-0538,5,1660.7,2026-08-31 08:00:00,shipped,2026-08-31 12:00:00
OL-000101249,ORD-00033749,CUST-000448,PROD-0586,4,2984.41,2026-08-31 09:00:00,delivered,2026-08-31 13:00:00
OL-000101250,ORD-00033750,CUST-001982,PROD-0742,9,4740.05,2026-08-31 10:00:00,delivered,2026-08-31 14:00:00
OL-000101251,ORD-00033750,CUST-003473,PROD-0325,5,2118.61,2026-08-31 11:00:00,shipped,2026-08-31 15:00:00
OL-000101252,ORD-00033750,CUST-002517,PROD-0577,6,4458.85,2026-08-31 12:00:00,delivered,2026-08-31 16:00:00
OL-000101253,ORD-00033751,CUST-000737,PROD-0625,8,2424.92,2026-08-31 13:00:00,shipped,2026-08-31 17:00:00
OL-000101254,ORD-00033751,CUST-000007,PROD-0122,5,4702.93,2026-08-31 14:00:00,placed,2026-08-31 18:00:00
OL-000101255,ORD-00033751,CUST-000850,PROD-0819,2,3571.35,2026-08-31 15:00:00,delivered,2026-08-31 19:00:00
OL-000101256,ORD-00033752,CUST-001368,PROD-0359,7,2057.71,2026-08-31 16:00:00,delivered,2026-08-31 12:00:00
OL-000101257,ORD-00033752,CUST-000825,PROD-0707,4,172.87,2026-08-31 17:00:00,shipped,2026-08-31 13:00:00
OL-000101258,ORD-00033752,CUST-002076,PROD-0564,2,1560.38,2026-08-31 18:00:00,delivered,2026-08-31 14:00:00
OL-000101259,ORD-00033753,CUST-001366,PROD-0350,1,652.76,2026-08-31 19:00:00,delivered,2026-08-31 15:00:00
OL-000101260,ORD-00033753,CUST-000795,PROD-0339,1,4013.96,2026-08-31 08:00:00,delivered,2026-08-31 16:00:00
OL-000101261,ORD-00033753,CUST-003266,PROD-0037,8,4407.64,2026-08-31 09:00:00,delivered,2026-08-31 17:00:00
OL-000101262,ORD-00033754,CUST-001887,PROD-0886,8,847.21,2026-08-31 10:00:00,delivered,2026-08-31 18:00:00
OL-000101263,ORD-00033754,CUST-003335,PROD-0424,6,2284.36,2026-08-31 11:00:00,delivered,2026-08-31 19:00:00
OL-000101264,ORD-00033754,CUST-001227,PROD-0579,1,4028.29,2026-08-31 12:00:00,delivered,2026-08-31 12:00:00
OL-000101265,ORD-00033755,CUST-000077,PROD-0214,6,2718.23,2026-08-31 13:00:00,delivered,2026-08-31 13:00:00
OL-000101266,ORD-00033755,CUST-003638,PROD-0815,6,3861.83,2026-08-31 14:00:00,delivered,2026-08-31 14:00:00
OL-000101267,ORD-00033755,CUST-000128,PROD-0348,3,1432.55,2026-08-31 15:00:00,cancelled,2026-08-31 15:00:00
OL-000101268,ORD-00033756,CUST-002339,PROD-0621,9,4062.46,2026-08-31 16:00:00,delivered,2026-08-31 16:00:00
OL-000101269,ORD-00033756,CUST-003079,PROD-0316,2,4166.3,2026-08-31 17:00:00,delivered,2026-08-31 17:00:00
OL-000101270,ORD-00033756,CUST-001113,PROD-0424,6,3442.05,2026-08-31 18:00:00,placed,2026-08-31 18:00:00
OL-000101271,ORD-00033757,CUST-003398,PROD-0310,4,1859.01,2026-08-31 19:00:00,shipped,2026-08-31 19:00:00
OL-000101272,ORD-00033757,CUST-001533,PROD-0804,5,939.06,2026-08-31 08:00:00,placed,2026-08-31 12:00:00
OL-000101273,ORD-00033757,CUST-001818,PROD-0519,4,4394.5,2026-08-31 09:00:00,placed,2026-08-31 13:00:00
OL-000101274,ORD-00033758,CUST-000632,PROD-0195,8,4355.19,2026-08-31 10:00:00,delivered,2026-08-31 14:00:00
OL-000101275,ORD-00033758,CUST-002145,PROD-0318,8,3547.82,2026-08-31 11:00:00,delivered,2026-08-31 15:00:00
OL-000101276,ORD-00033758,CUST-000403,PROD-0842,3,3721.17,2026-08-31 12:00:00,cancelled,2026-08-31 16:00:00
OL-000101277,ORD-00033759,CUST-000544,PROD-0211,9,3287.04,2026-08-31 13:00:00,delivered,2026-08-31 17:00:00
OL-000101278,ORD-00033759,CUST-003543,PROD-0535,8,1933.91,2026-08-31 14:00:00,shipped,2026-08-31 18:00:00
OL-000101279,ORD-00033759,CUST-002815,PROD-0869,5,4483.34,2026-08-31 15:00:00,delivered,2026-08-31 19:00:00
OL-000101280,ORD-00033760,CUST-003643,PROD-0048,2,1679.8,2026-08-31 16:00:00,shipped,2026-08-31 12:00:00
OL-000101281,ORD-00033760,CUST-003107,PROD-0320,5,225.21,2026-08-31 17:00:00,delivered,2026-08-31 13:00:00
OL-000101282,ORD-00033760,CUST-000789,PROD-0294,4,1621.72,2026-08-31 18:00:00,shipped,2026-08-31 14:00:00
OL-000101283,ORD-00033761,CUST-002749,PROD-0121,6,3736.64,2026-08-31 19:00:00,shipped,2026-08-31 15:00:00
OL-000101284,ORD-00033761,CUST-000063,PROD-0638,3,1400.62,2026-08-31 08:00:00,delivered,2026-08-31 16:00:00
OL-000101285,ORD-00033761,CUST-001435,PROD-0563,2,1086.78,2026-08-31 09:00:00,delivered,2026-08-31 17:00:00
OL-000101286,ORD-00033762,CUST-003294,PROD-0291,3,4534.54,2026-08-31 10:00:00,delivered,2026-08-31 18:00:00
OL-000101287,ORD-00033762,CUST-002512,PROD-0347,3,453.42,2026-08-31 11:00:00,delivered,2026-08-31 19:00:00
OL-000101288,ORD-00033762,CUST-001929,PROD-0692,1,728.75,2026-08-31 12:00:00,placed,2026-08-31 12:00:00
OL-000101289,ORD-00033763,CUST-001747,PROD-0402,7,371.78,2026-08-31 13:00:00,shipped,2026-08-31 13:00:00
OL-000101290,ORD-00033763,CUST-001280,PROD-0341,8,3004.36,2026-08-31 14:00:00,delivered,2026-08-31 14:00:00
OL-000101291,ORD-00033763,CUST-003780,PROD-0774,9,487.59,2026-08-31 15:00:00,delivered,2026-08-31 15:00:00
OL-000101292,ORD-00033764,CUST-003287,PROD-0716,3,554.85,2026-08-31 16:00:00,delivered,2026-08-31 16:00:00
OL-000101293,ORD-00033764,CUST-002640,PROD-0728,8,1572.63,2026-08-31 17:00:00,delivered,2026-08-31 17:00:00
OL-000101294,ORD-00033764,CUST-000917,PROD-0148,8,1204.33,2026-08-31 18:00:00,delivered,2026-08-31 18:00:00
OL-000101295,ORD-00033765,CUST-001606,PROD-0188,5,4392.19,2026-08-31 19:00:00,delivered,2026-08-31 19:00:00
OL-000101296,ORD-00033765,CUST-003615,PROD-0333,6,3811.48,2026-08-31 08:00:00,delivered,2026-08-31 12:00:00
OL-000101297,ORD-00033765,CUST-000463,PROD-0360,1,425.91,2026-08-31 09:00:00,delivered,2026-08-31 13:00:00
OL-000101298,ORD-00033766,CUST-001428,PROD-0619,3,1440.96,2026-08-31 10:00:00,delivered,2026-08-31 14:00:00
OL-000101299,ORD-00033766,CUST-003349,PROD-0732,9,601.72,2026-08-31 11:00:00,delivered,2026-08-31 15:00:00
OL-000101300,ORD-00033766,CUST-000291,PROD-0812,6,2722.78,2026-08-31 12:00:00,delivered,2026-08-31 16:00:00
OL-000101301,ORD-00033767,CUST-001694,PROD-0245,8,1995.82,2026-08-31 13:00:00,delivered,2026-08-31 17:00:00
OL-000101302,ORD-00033767,CUST-001976,PROD-0394,9,864.21,2026-08-31 14:00:00,placed,2026-08-31 18:00:00
OL-000101303,ORD-00033767,CUST-002421,PROD-0442,4,3929.13,2026-08-31 15:00:00,delivered,2026-08-31 19:00:00
OL-000101304,ORD-00033768,CUST-001402,PROD-0558,7,2774.55,2026-08-31 16:00:00,delivered,2026-08-31 12:00:00
OL-000101305,ORD-00033768,CUST-000320,PROD-0758,3,3221.03,2026-08-31 17:00:00,delivered,2026-08-31 13:00:00
OL-000101306,ORD-00033768,CUST-002442,PROD-0475,8,655.03,2026-08-31 18:00:00,delivered,2026-08-31 14:00:00
OL-000101307,ORD-00033769,CUST-000722,PROD-0316,2,3967.07,2026-08-31 19:00:00,delivered,2026-08-31 15:00:00
OL-000101308,ORD-00033769,CUST-002808,PROD-0834,2,2919.85,2026-08-31 08:00:00,delivered,2026-08-31 16:00:00
OL-000101309,ORD-00033769,CUST-002642,PROD-0677,7,1652.27,2026-08-31 09:00:00,placed,2026-08-31 17:00:00
OL-000101310,ORD-00033770,CUST-003635,PROD-0595,4,3943.72,2026-08-31 10:00:00,delivered,2026-08-31 18:00:00
OL-000101311,ORD-00033770,CUST-002707,PROD-0153,1,3663.12,2026-08-31 11:00:00,delivered,2026-08-31 19:00:00
OL-000101312,ORD-00033770,CUST-002368,PROD-0458,5,1945.12,2026-08-31 12:00:00,shipped,2026-08-31 12:00:00
OL-000101313,ORD-00033771,CUST-003254,PROD-0696,6,1522.76,2026-08-31 13:00:00,delivered,2026-08-31 13:00:00
OL-000101314,ORD-00033771,CUST-003749,PROD-0353,7,3479.26,2026-08-31 14:00:00,cancelled,2026-08-31 14:00:00
OL-000101315,ORD-00033771,CUST-002091,PROD-0414,1,2981.78,2026-08-31 15:00:00,delivered,2026-08-31 15:00:00
OL-000101316,ORD-00033772,CUST-003691,PROD-0563,5,412.08,2026-08-31 16:00:00,cancelled,2026-08-31 16:00:00
OL-000101317,ORD-00033772,CUST-003362,PROD-0368,1,3411.7,2026-08-31 17:00:00,shipped,2026-08-31 17:00:00
OL-000101318,ORD-00033772,CUST-000964,PROD-0443,5,4171.38,2026-08-31 18:00:00,delivered,2026-08-31 18:00:00
OL-000101319,ORD-00033773,CUST-002916,PROD-0392,7,3046.0,2026-08-31 19:00:00,delivered,2026-08-31 19:00:00
OL-000101320,ORD-00033773,CUST-002714,PROD-0178,7,2671.16,2026-08-31 08:00:00,delivered,2026-08-31 12:00:00
OL-000101321,ORD-00033773,CUST-003455,PROD-0369,4,2719.37,2026-08-31 09:00:00,delivered,2026-08-31 13:00:00
OL-000101322,ORD-00033774,CUST-003575,PROD-0687,3,1470.04,2026-08-31 10:00:00,shipped,2026-08-31 14:00:00
OL-000101323,ORD-00033774,CUST-000065,PROD-0148,1,455.77,2026-08-31 11:00:00,delivered,2026-08-31 15:00:00
OL-000101324,ORD-00033774,CUST-003994,PROD-0140,8,3199.1,2026-08-31 12:00:00,placed,2026-08-31 16:00:00
OL-000101325,ORD-00033775,CUST-003661,PROD-0808,7,4145.51,2026-08-31 13:00:00,delivered,2026-08-31 17:00:00
OL-000101326,ORD-00033775,CUST-001862,PROD-0522,7,3036.8,2026-08-31 14:00:00,delivered,2026-08-31 18:00:00
OL-000101327,ORD-00033775,CUST-000925,PROD-0191,8,1920.46,2026-08-31 15:00:00,delivered,2026-08-31 19:00:00
OL-000101328,ORD-00033776,CUST-003469,PROD-0749,1,2824.75,2026-08-31 16:00:00,shipped,2026-08-31 12:00:00
OL-000101329,ORD-00033776,CUST-003796,PROD-0560,9,1380.09,2026-08-31 17:00:00,delivered,2026-08-31 13:00:00
OL-000101330,ORD-00033776,CUST-002328,PROD-0495,1,4698.13,2026-08-31 18:00:00,delivered,2026-08-31 14:00:00
OL-000101331,ORD-00033777,CUST-003940,PROD-0708,2,2835.66,2026-08-31 19:00:00,placed,2026-08-31 15:00:00
OL-000101332,ORD-00033777,CUST-003075,PROD-0798,9,4723.15,2026-08-31 08:00:00,shipped,2026-08-31 16:00:00
OL-000101333,ORD-00033777,CUST-003646,PROD-0625,9,486.14,2026-08-31 09:00:00,placed,2026-08-31 17:00:00
OL-000101334,ORD-00033778,CUST-002719,PROD-0685,8,3071.5,2026-08-31 10:00:00,placed,2026-08-31 18:00:00
OL-000101335,ORD-00033778,CUST-001280,PROD-0628,9,3855.1,2026-08-31 11:00:00,placed,2026-08-31 19:00:00
OL-000101336,ORD-00033778,CUST-000045,PROD-0481,6,2623.96,2026-08-31 12:00:00,delivered,2026-08-31 12:00:00
OL-000101337,ORD-00033779,CUST-001358,PROD-0432,8,2806.16,2026-08-31 13:00:00,delivered,2026-08-31 13:00:00
OL-000101338,ORD-00033779,CUST-000145,PROD-0712,5,1473.5,2026-08-31 14:00:00,delivered,2026-08-31 14:00:00
OL-000101339,ORD-00033779,CUST-002309,PROD-0267,5,3522.23,2026-08-31 15:00:00,placed,2026-08-31 15:00:00
OL-000101340,ORD-00033780,CUST-002347,PROD-0053,8,2825.7,2026-08-31 16:00:00,delivered,2026-08-31 16:00:00
OL-000101341,ORD-00033780,CUST-002558,PROD-0028,5,3905.63,2026-08-31 17:00:00,shipped,2026-08-31 17:00:00
OL-000101342,ORD-00033780,CUST-000315,PROD-0872,2,713.52,2026-08-31 18:00:00,delivered,2026-08-31 18:00:00
OL-000101343,ORD-00033781,CUST-001151,PROD-0282,5,740.28,2026-08-31 19:00:00,delivered,2026-08-31 19:00:00
OL-000101344,ORD-00033781,CUST-002474,PROD-0179,1,3589.89,2026-08-31 08:00:00,delivered,2026-08-31 12:00:00
OL-000101345,ORD-00033781,CUST-001515,PROD-0828,3,3204.85,2026-08-31 09:00:00,shipped,2026-08-31 13:00:00
OL-000101346,ORD-00033782,CUST-003275,PROD-0541,4,2389.42,2026-08-31 10:00:00,delivered,2026-08-31 14:00:00
OL-000101347,ORD-00033782,CUST-003963,PROD-0149,6,4725.46,2026-08-31 11:00:00,delivered,2026-08-31 15:00:00
OL-000101348,ORD-00033782,CUST-003084,PROD-0423,3,4040.03,2026-08-31 12:00:00,delivered,2026-08-31 16:00:00
OL-000101349,ORD-00033783,CUST-002974,PROD-0653,4,3211.92,2026-08-31 13:00:00,shipped,2026-08-31 17:00:00
OL-000101350,ORD-00033783,CUST-001083,PROD-0774,6,374.24,2026-08-31 14:00:00,delivered,2026-08-31 18:00:00
OL-000101351,ORD-00033783,CUST-001634,PROD-0488,1,904.37,2026-08-31 15:00:00,delivered,2026-08-31 19:00:00
OL-000101352,ORD-00033784,CUST-002800,PROD-0723,9,1213.53,2026-08-31 16:00:00,delivered,2026-08-31 12:00:00
OL-000101353,ORD-00033784,CUST-003565,PROD-0446,5,799.3,2026-08-31 17:00:00,placed,2026-08-31 13:00:00
OL-000101354,ORD-00033784,CUST-001294,PROD-0543,8,1907.78,2026-08-31 18:00:00,delivered,2026-08-31 14:00:00
OL-000101355,ORD-00033785,CUST-002177,PROD-0653,1,575.67,2026-08-31 19:00:00,delivered,2026-08-31 15:00:00
OL-000101356,ORD-00033785,CUST-002671,PROD-0879,7,2977.07,2026-08-31 08:00:00,shipped,2026-08-31 16:00:00
OL-000101357,ORD-00033785,CUST-000403,PROD-0262,5,1369.97,2026-08-31 09:00:00,delivered,2026-08-31 17:00:00
OL-000101358,ORD-00033786,CUST-002766,PROD-0768,7,2277.99,2026-08-31 10:00:00,shipped,2026-08-31 18:00:00
OL-000101359,ORD-00033786,CUST-002776,PROD-0707,4,2553.38,2026-08-31 11:00:00,cancelled,2026-08-31 19:00:00
OL-000101360,ORD-00033786,CUST-002756,PROD-0009,6,2682.83,2026-08-31 12:00:00,delivered,2026-08-31 12:00:00
OL-000101361,ORD-00033787,CUST-002152,PROD-0107,1,2044.64,2026-08-31 13:00:00,delivered,2026-08-31 13:00:00
OL-000101362,ORD-00033787,CUST-001161,PROD-0258,6,1146.87,2026-08-31 14:00:00,shipped,2026-08-31 14:00:00
OL-000101363,ORD-00033787,CUST-000233,PROD-0609,1,3018.78,2026-08-31 15:00:00,delivered,2026-08-31 15:00:00
OL-000101364,ORD-00033788,CUST-002614,PROD-0125,4,4568.29,2026-08-31 16:00:00,delivered,2026-08-31 16:00:00
OL-000101365,ORD-00033788,CUST-002477,PROD-0134,2,524.29,2026-08-31 17:00:00,delivered,2026-08-31 17:00:00
OL-000101366,ORD-00033788,CUST-002850,PROD-0189,3,4313.29,2026-08-31 18:00:00,shipped,2026-08-31 18:00:00
OL-000101367,ORD-00033789,CUST-000311,PROD-0655,8,3211.04,2026-08-31 19:00:00,delivered,2026-08-31 19:00:00
OL-000101368,ORD-00033789,CUST-002836,PROD-0684,5,3720.6,2026-08-31 08:00:00,delivered,2026-08-31 12:00:00
OL-000101369,ORD-00033789,CUST-003198,PROD-0076,6,1324.34,2026-08-31 09:00:00,shipped,2026-08-31 13:00:00
OL-000101370,ORD-00033790,CUST-001363,PROD-0062,1,1911.5,2026-08-31 10:00:00,shipped,2026-08-31 14:00:00
OL-000101371,ORD-00033790,CUST-000285,PROD-0504,5,952.71,2026-08-31 11:00:00,cancelled,2026-08-31 15:00:00
OL-000101372,ORD-00033790,CUST-000731,PROD-0661,4,2976.21,2026-08-31 12:00:00,delivered,2026-08-31 16:00:00
OL-000101373,ORD-00033791,CUST-001767,PROD-0224,3,2650.16,2026-08-31 13:00:00,delivered,2026-08-31 17:00:00
OL-000101374,ORD-00033791,CUST-002931,PROD-0266,2,4391.01,2026-08-31 14:00:00,shipped,2026-08-31 18:00:00
OL-000101375,ORD-00033791,CUST-002981,PROD-0257,2,449.53,2026-08-31 15:00:00,delivered,2026-08-31 19:00:00
OL-000101376,ORD-00033792,CUST-000610,PROD-0669,1,4315.68,2026-08-31 16:00:00,delivered,2026-08-31 12:00:00
OL-000101377,ORD-00033792,CUST-001092,PROD-0156,1,3230.36,2026-08-31 17:00:00,delivered,2026-08-31 13:00:00
OL-000101378,ORD-00033792,CUST-002112,PROD-0725,7,2809.32,2026-08-31 18:00:00,delivered,2026-08-31 14:00:00
OL-000101379,ORD-00033793,CUST-001655,PROD-0865,8,2357.69,2026-08-31 19:00:00,delivered,2026-08-31 15:00:00
OL-000101380,ORD-00033793,CUST-000014,PROD-0394,2,2647.8,2026-08-31 08:00:00,delivered,2026-08-31 16:00:00
OL-000101381,ORD-00033793,CUST-002193,PROD-0368,8,687.23,2026-08-31 09:00:00,delivered,2026-08-31 17:00:00
OL-000101382,ORD-00033794,CUST-002590,PROD-0663,5,1994.88,2026-08-31 10:00:00,placed,2026-08-31 18:00:00
OL-000101383,ORD-00033794,CUST-001393,PROD-0083,9,4113.64,2026-08-31 11:00:00,delivered,2026-08-31 19:00:00
OL-000101384,ORD-00033794,CUST-000724,PROD-0568,5,3151.67,2026-08-31 12:00:00,placed,2026-08-31 12:00:00
OL-000101385,ORD-00033795,CUST-001225,PROD-0713,7,3212.24,2026-08-31 13:00:00,delivered,2026-08-31 13:00:00
OL-000101386,ORD-00033795,CUST-001472,PROD-0499,2,3071.29,2026-08-31 14:00:00,placed,2026-08-31 14:00:00
OL-000101387,ORD-00033795,CUST-000574,PROD-0037,8,3561.32,2026-08-31 15:00:00,shipped,2026-08-31 15:00:00
OL-000101388,ORD-00033796,CUST-000259,PROD-0812,4,2409.61,2026-08-31 16:00:00,delivered,2026-08-31 16:00:00
OL-000101389,ORD-00033796,CUST-003953,PROD-0855,5,2458.52,2026-08-31 17:00:00,delivered,2026-08-31 17:00:00
OL-000101390,ORD-00033796,CUST-000230,PROD-0346,1,293.36,2026-08-31 18:00:00,delivered,2026-08-31 18:00:00
OL-000101391,ORD-00033797,CUST-000868,PROD-0827,1,2017.78,2026-08-31 19:00:00,delivered,2026-08-31 19:00:00
OL-000101392,ORD-00033797,CUST-002778,PROD-0892,9,2265.17,2026-08-31 08:00:00,delivered,2026-08-31 12:00:00
OL-000101393,ORD-00033797,CUST-000955,PROD-0074,3,3588.12,2026-08-31 09:00:00,placed,2026-08-31 13:00:00
OL-000101394,ORD-00033798,CUST-000079,PROD-0483,3,2408.03,2026-08-31 10:00:00,delivered,2026-08-31 14:00:00
OL-000101395,ORD-00033798,CUST-002658,PROD-0134,1,1255.75,2026-08-31 11:00:00,placed,2026-08-31 15:00:00
OL-000101396,ORD-00033798,CUST-003362,PROD-0813,1,4353.82,2026-08-31 12:00:00,placed,2026-08-31 16:00:00
OL-000101397,ORD-00033799,CUST-000262,PROD-0838,3,4029.45,2026-08-31 13:00:00,delivered,2026-08-31 17:00:00
OL-000101398,ORD-00033799,CUST-003274,PROD-0631,2,2446.63,2026-08-31 14:00:00,shipped,2026-08-31 18:00:00
OL-000101399,ORD-00033799,CUST-003324,PROD-0856,4,2114.67,2026-08-31 15:00:00,cancelled,2026-08-31 19:00:00
OL-000101400,ORD-00033800,CUST-003998,PROD-0701,7,1637.42,2026-08-31 16:00:00,delivered,2026-08-31 12:00:00
OL-000101401,ORD-00033800,CUST-003952,PROD-0813,3,1625.04,2026-08-31 17:00:00,shipped,2026-08-31 13:00:00
OL-000101402,ORD-00033800,CUST-001375,PROD-0065,1,2895.64,2026-08-31 18:00:00,shipped,2026-08-31 14:00:00
OL-000101403,ORD-00033801,CUST-000689,PROD-0714,3,3665.33,2026-08-31 19:00:00,delivered,2026-08-31 15:00:00
OL-000101404,ORD-00033801,CUST-003792,PROD-0596,3,2172.93,2026-08-31 08:00:00,placed,2026-08-31 16:00:00
OL-000101405,ORD-00033801,CUST-002590,PROD-0628,2,3822.12,2026-08-31 09:00:00,delivered,2026-08-31 17:00:00
OL-000101406,ORD-00033802,CUST-001995,PROD-0083,3,193.15,2026-08-31 10:00:00,placed,2026-08-31 18:00:00
OL-000101407,ORD-00033802,CUST-002895,PROD-0668,3,4454.32,2026-08-31 11:00:00,delivered,2026-08-31 19:00:00
OL-000101408,ORD-00033802,CUST-003308,PROD-0812,5,2067.92,2026-08-31 12:00:00,delivered,2026-08-31 12:00:00
OL-000101409,ORD-00033803,CUST-002621,PROD-0278,3,1084.83,2026-08-31 13:00:00,delivered,2026-08-31 13:00:00
OL-000101410,ORD-00033803,CUST-000715,PROD-0626,7,1239.71,2026-08-31 14:00:00,delivered,2026-08-31 14:00:00
OL-000101411,ORD-00033803,CUST-002507,PROD-0091,3,3476.49,2026-08-31 15:00:00,delivered,2026-08-31 15:00:00
OL-000101412,ORD-00033804,CUST-000019,PROD-0572,5,1747.95,2026-08-31 16:00:00,shipped,2026-08-31 16:00:00
OL-000101413,ORD-00033804,CUST-000392,PROD-0634,2,4737.3,2026-08-31 17:00:00,delivered,2026-08-31 17:00:00
OL-000101414,ORD-00033804,CUST-001902,PROD-0789,9,2495.29,2026-08-31 18:00:00,delivered,2026-08-31 18:00:00
OL-000101415,ORD-00033805,CUST-000794,PROD-0116,4,1413.68,2026-08-31 19:00:00,delivered,2026-08-31 19:00:00
OL-000101416,ORD-00033805,CUST-000655,PROD-0687,8,2448.37,2026-08-31 08:00:00,delivered,2026-08-31 12:00:00
OL-000101417,ORD-00033805,CUST-001168,PROD-0215,1,3137.95,2026-08-31 09:00:00,delivered,2026-08-31 13:00:00
OL-000101418,ORD-00033806,CUST-003646,PROD-0777,6,3006.71,2026-08-31 10:00:00,delivered,2026-08-31 14:00:00
OL-000101419,ORD-00033806,CUST-003789,PROD-0551,2,3585.15,2026-08-31 11:00:00,shipped,2026-08-31 15:00:00
OL-000101420,ORD-00033806,CUST-000476,PROD-0073,1,2390.09,2026-08-31 12:00:00,delivered,2026-08-31 16:00:00
OL-000101421,ORD-00033807,CUST-001336,PROD-0430,8,2893.87,2026-08-31 13:00:00,shipped,2026-08-31 17:00:00
OL-000101422,ORD-00033807,CUST-000452,PROD-0334,6,1196.7,2026-08-31 14:00:00,shipped,2026-08-31 18:00:00
OL-000101423,ORD-00033807,CUST-003564,PROD-0205,4,3572.66,2026-08-31 15:00:00,delivered,2026-08-31 19:00:00
OL-000101424,ORD-00033808,CUST-002397,PROD-0497,4,464.12,2026-08-31 16:00:00,placed,2026-08-31 12:00:00
OL-000101425,ORD-00033808,CUST-003801,PROD-0625,7,798.33,2026-08-31 17:00:00,delivered,2026-08-31 13:00:00
OL-000101426,ORD-00033808,CUST-001875,PROD-0738,7,1867.91,2026-08-31 18:00:00,shipped,2026-08-31 14:00:00
OL-000101427,ORD-00033809,CUST-000829,PROD-0344,6,4685.6,2026-08-31 19:00:00,shipped,2026-08-31 15:00:00
OL-000101428,ORD-00033809,CUST-000456,PROD-0873,1,1433.23,2026-08-31 08:00:00,delivered,2026-08-31 16:00:00
OL-000101429,ORD-00033809,CUST-001408,PROD-0226,7,921.22,2026-08-31 09:00:00,delivered,2026-08-31 17:00:00
OL-000101430,ORD-00033810,CUST-002614,PROD-0627,3,3815.08,2026-08-31 10:00:00,delivered,2026-08-31 18:00:00
OL-000101431,ORD-00033810,CUST-000355,PROD-0422,9,4121.42,2026-08-31 11:00:00,delivered,2026-08-31 19:00:00
OL-000101432,ORD-00033810,CUST-000887,PROD-0606,8,4155.09,2026-08-31 12:00:00,delivered,2026-08-31 12:00:00
OL-000101433,ORD-00033811,CUST-002991,PROD-0439,8,1426.52,2026-08-31 13:00:00,delivered,2026-08-31 13:00:00
OL-000101434,ORD-00033811,CUST-001779,PROD-0594,4,1279.85,2026-08-31 14:00:00,shipped,2026-08-31 14:00:00
OL-000101435,ORD-00033811,CUST-003680,PROD-0006,3,4396.37,2026-08-31 15:00:00,delivered,2026-08-31 15:00:00
OL-000101436,ORD-00033812,CUST-001928,PROD-0752,1,307.47,2026-08-31 16:00:00,delivered,2026-08-31 16:00:00
OL-000101437,ORD-00033812,CUST-001616,PROD-0491,1,2112.26,2026-08-31 17:00:00,delivered,2026-08-31 17:00:00
OL-000101438,ORD-00033812,CUST-000986,PROD-0086,2,2237.43,2026-08-31 18:00:00,delivered,2026-08-31 18:00:00
OL-000101439,ORD-00033813,CUST-001666,PROD-0224,1,3363.99,2026-08-31 19:00:00,shipped,2026-08-31 19:00:00
OL-000101440,ORD-00033813,CUST-000372,PROD-0017,5,1238.81,2026-08-31 08:00:00,delivered,2026-08-31 12:00:00
OL-000101441,ORD-00033813,CUST-001882,PROD-0879,5,877.24,2026-08-31 09:00:00,delivered,2026-08-31 13:00:00
OL-000101442,ORD-00033814,CUST-001900,PROD-0791,1,4689.65,2026-08-31 10:00:00,shipped,2026-08-31 14:00:00
OL-000101443,ORD-00033814,CUST-003570,PROD-0380,7,985.55,2026-08-31 11:00:00,delivered,2026-08-31 15:00:00
OL-000101444,ORD-00033814,CUST-000290,PROD-0395,1,4146.59,2026-08-31 12:00:00,delivered,2026-08-31 16:00:00
OL-000101445,ORD-00033815,CUST-001215,PROD-0437,6,2604.71,2026-08-31 13:00:00,delivered,2026-08-31 17:00:00
OL-000101446,ORD-00033815,CUST-000849,PROD-0807,9,2812.07,2026-08-31 14:00:00,delivered,2026-08-31 18:00:00
OL-000101447,ORD-00033815,CUST-000225,PROD-0528,6,3563.36,2026-08-31 15:00:00,delivered,2026-08-31 19:00:00
OL-000101448,ORD-00033816,CUST-000455,PROD-0393,6,4275.74,2026-08-31 16:00:00,delivered,2026-08-31 12:00:00
OL-000101449,ORD-00033816,CUST-000718,PROD-0664,1,1830.87,2026-08-31 17:00:00,delivered,2026-08-31 13:00:00
OL-000101450,ORD-00033816,CUST-003169,PROD-0210,2,2744.35,2026-08-31 18:00:00,shipped,2026-08-31 14:00:00
OL-000101451,ORD-00033817,CUST-000466,PROD-0665,6,1236.8,2026-08-31 19:00:00,delivered,2026-08-31 15:00:00
OL-000101452,ORD-00033817,CUST-003117,PROD-0231,4,3644.85,2026-08-31 08:00:00,delivered,2026-08-31 16:00:00
OL-000101453,ORD-00033817,CUST-001733,PROD-0284,5,2476.69,2026-08-31 09:00:00,placed,2026-08-31 17:00:00
OL-000101454,ORD-00033818,CUST-001992,PROD-0514,6,1735.66,2026-08-31 10:00:00,delivered,2026-08-31 18:00:00
OL-000101455,ORD-00033818,CUST-002179,PROD-0695,2,2320.37,2026-08-31 11:00:00,delivered,2026-08-31 19:00:00
OL-000101456,ORD-00033818,CUST-001508,PROD-0820,5,2235.26,2026-08-31 12:00:00,delivered,2026-08-31 12:00:00
OL-000101457,ORD-00033819,CUST-003621,PROD-0469,2,1001.49,2026-08-31 13:00:00,placed,2026-08-31 13:00:00
OL-000101458,ORD-00033819,CUST-001182,PROD-0079,7,4322.39,2026-08-31 14:00:00,shipped,2026-08-31 14:00:00
OL-000101459,ORD-00033819,CUST-000607,PROD-0509,5,644.28,2026-08-31 15:00:00,shipped,2026-08-31 15:00:00
OL-000101460,ORD-00033820,CUST-002570,PROD-0024,4,2556.82,2026-08-31 16:00:00,shipped,2026-08-31 16:00:00
OL-000101461,ORD-00033820,CUST-001942,PROD-0356,9,4480.46,2026-08-31 17:00:00,delivered,2026-08-31 17:00:00
OL-000101462,ORD-00033820,CUST-000258,PROD-0023,1,1484.3,2026-08-31 18:00:00,delivered,2026-08-31 18:00:00
OL-000101463,ORD-00033821,CUST-002129,PROD-0661,4,4027.55,2026-08-31 19:00:00,delivered,2026-08-31 19:00:00
OL-000101464,ORD-00033821,CUST-003223,PROD-0335,6,3188.96,2026-08-31 08:00:00,delivered,2026-08-31 12:00:00
OL-000101465,ORD-00033821,CUST-001824,PROD-0469,9,4060.13,2026-08-31 09:00:00,delivered,2026-08-31 13:00:00
OL-000101466,ORD-00033822,CUST-001256,PROD-0176,3,4323.96,2026-08-31 10:00:00,delivered,2026-08-31 14:00:00
OL-000101467,ORD-00033822,CUST-003977,PROD-0296,4,2386.26,2026-08-31 11:00:00,delivered,2026-08-31 15:00:00
OL-000101468,ORD-00033822,CUST-001165,PROD-0467,1,814.22,2026-08-31 12:00:00,delivered,2026-08-31 16:00:00
OL-000101469,ORD-00033823,CUST-001169,PROD-0187,3,3451.28,2026-08-31 13:00:00,cancelled,2026-08-31 17:00:00
OL-000101470,ORD-00033823,CUST-000479,PROD-0043,3,874.67,2026-08-31 14:00:00,cancelled,2026-08-31 18:00:00
OL-000101471,ORD-00033823,CUST-001515,PROD-0189,3,2183.36,2026-08-31 15:00:00,shipped,2026-08-31 19:00:00
OL-000101472,ORD-00033824,CUST-001409,PROD-0152,1,3234.79,2026-08-31 16:00:00,delivered,2026-08-31 12:00:00
OL-000101473,ORD-00033824,CUST-002186,PROD-0309,9,4685.18,2026-08-31 17:00:00,shipped,2026-08-31 13:00:00
OL-000101474,ORD-00033824,CUST-002046,PROD-0787,1,2013.35,2026-08-31 18:00:00,shipped,2026-08-31 14:00:00
OL-000101475,ORD-00033825,CUST-000640,PROD-0005,8,4462.16,2026-08-31 19:00:00,cancelled,2026-08-31 15:00:00
OL-000101476,ORD-00033825,CUST-001357,PROD-0663,9,4685.81,2026-08-31 08:00:00,delivered,2026-08-31 16:00:00
OL-000101477,ORD-00033825,CUST-003972,PROD-0773,8,4313.17,2026-08-31 09:00:00,cancelled,2026-08-31 17:00:00
OL-000101478,ORD-00033826,CUST-002985,PROD-0453,3,3862.02,2026-08-31 10:00:00,delivered,2026-08-31 18:00:00
OL-000101479,ORD-00033826,CUST-003688,PROD-0042,2,3544.08,2026-08-31 11:00:00,shipped,2026-08-31 19:00:00
OL-000101480,ORD-00033826,CUST-000102,PROD-0412,9,666.98,2026-08-31 12:00:00,delivered,2026-08-31 12:00:00
OL-000101481,ORD-00033827,CUST-000379,PROD-0335,4,2207.15,2026-08-31 13:00:00,placed,2026-08-31 13:00:00
OL-000101482,ORD-00033827,CUST-000910,PROD-0801,4,2850.46,2026-08-31 14:00:00,delivered,2026-08-31 14:00:00
OL-000101483,ORD-00033827,CUST-000343,PROD-0552,5,1035.95,2026-08-31 15:00:00,delivered,2026-08-31 15:00:00
OL-000101484,ORD-00033828,CUST-001616,PROD-0200,2,4686.93,2026-08-31 16:00:00,delivered,2026-08-31 16:00:00
OL-000101485,ORD-00033828,CUST-003721,PROD-0683,9,4535.12,2026-08-31 17:00:00,delivered,2026-08-31 17:00:00
OL-000101486,ORD-00033828,CUST-001752,PROD-0379,3,3470.71,2026-08-31 18:00:00,delivered,2026-08-31 18:00:00
OL-000101487,ORD-00033829,CUST-001440,PROD-0316,1,1452.16,2026-08-31 19:00:00,cancelled,2026-08-31 19:00:00
OL-000101488,ORD-00033829,CUST-002982,PROD-0455,9,529.96,2026-08-31 08:00:00,delivered,2026-08-31 12:00:00
OL-000101489,ORD-00033829,CUST-001183,PROD-0168,7,3881.25,2026-08-31 09:00:00,delivered,2026-08-31 13:00:00
OL-000101490,ORD-00033830,CUST-001697,PROD-0143,7,3529.87,2026-08-31 10:00:00,delivered,2026-08-31 14:00:00
OL-000101491,ORD-00033830,CUST-001243,PROD-0487,2,792.23,2026-08-31 11:00:00,cancelled,2026-08-31 15:00:00
OL-000101492,ORD-00033830,CUST-000271,PROD-0605,9,4737.47,2026-08-31 12:00:00,delivered,2026-08-31 16:00:00
OL-000101493,ORD-00033831,CUST-002617,PROD-0280,2,150.98,2026-08-31 13:00:00,delivered,2026-08-31 17:00:00
OL-000101494,ORD-00033831,CUST-002327,PROD-0774,9,2282.72,2026-08-31 14:00:00,delivered,2026-08-31 18:00:00
OL-000101495,ORD-00033831,CUST-001564,PROD-0297,4,990.51,2026-08-31 15:00:00,delivered,2026-08-31 19:00:00
OL-000101496,ORD-00033832,CUST-001237,PROD-0855,1,3970.7,2026-08-31 16:00:00,delivered,2026-08-31 12:00:00
OL-000101497,ORD-00033832,CUST-001899,PROD-0230,8,2737.44,2026-08-31 17:00:00,placed,2026-08-31 13:00:00
OL-000101498,ORD-00033832,CUST-001230,PROD-0656,1,840.83,2026-08-31 18:00:00,delivered,2026-08-31 14:00:00
OL-000101499,ORD-00033833,CUST-002728,PROD-0295,8,701.15,2026-08-31 19:00:00,delivered,2026-08-31 15:00:00
OL-000101500,ORD-00033833,CUST-002642,PROD-0251,8,4363.79,2026-08-31 08:00:00,placed,2026-08-31 16:00:00
OL-000101501,ORD-00033833,CUST-003976,PROD-0069,5,2427.48,2026-08-31 09:00:00,delivered,2026-08-31 17:00:00
OL-000101502,ORD-00033834,CUST-002317,PROD-0447,6,2839.39,2026-08-31 10:00:00,delivered,2026-08-31 18:00:00
OL-000101503,ORD-00033834,CUST-003352,PROD-0123,8,4679.53,2026-08-31 11:00:00,delivered,2026-08-31 19:00:00
OL-000101504,ORD-00033834,CUST-000668,PROD-0596,1,4075.91,2026-08-31 12:00:00,placed,2026-08-31 12:00:00
OL-000101505,ORD-00033835,CUST-002840,PROD-0139,6,2277.69,2026-08-31 13:00:00,delivered,2026-08-31 13:00:00
OL-000101506,ORD-00033835,CUST-001719,PROD-0652,1,1396.1,2026-08-31 14:00:00,delivered,2026-08-31 14:00:00
OL-000101507,ORD-00033835,CUST-001195,PROD-0543,6,347.99,2026-08-31 15:00:00,delivered,2026-08-31 15:00:00
OL-000101508,ORD-00033836,CUST-003140,PROD-0644,2,2524.9,2026-08-31 16:00:00,shipped,2026-08-31 16:00:00
OL-000101509,ORD-00033836,CUST-000685,PROD-0557,2,2922.21,2026-08-31 17:00:00,delivered,2026-08-31 17:00:00
OL-000101510,ORD-00033836,CUST-002806,PROD-0820,6,3989.53,2026-08-31 18:00:00,delivered,2026-08-31 18:00:00
OL-000101511,ORD-00033837,CUST-002376,PROD-0361,6,568.5,2026-08-31 19:00:00,delivered,2026-08-31 19:00:00
OL-000101512,ORD-00033837,CUST-001153,PROD-0382,1,760.92,2026-08-31 08:00:00,delivered,2026-08-31 12:00:00
OL-000101513,ORD-00033837,CUST-003731,PROD-0167,7,1712.67,2026-08-31 09:00:00,shipped,2026-08-31 13:00:00
OL-000101514,ORD-00033838,CUST-003407,PROD-0193,3,2475.83,2026-08-31 10:00:00,delivered,2026-08-31 14:00:00
OL-000101515,ORD-00033838,CUST-003406,PROD-0539,9,2990.84,2026-08-31 11:00:00,delivered,2026-08-31 15:00:00
OL-000101516,ORD-00033838,CUST-003288,PROD-0117,9,3406.6,2026-08-31 12:00:00,delivered,2026-08-31 16:00:00
OL-000101517,ORD-00033839,CUST-000538,PROD-0018,2,665.53,2026-08-31 13:00:00,delivered,2026-08-31 17:00:00
OL-000101518,ORD-00033839,CUST-000570,PROD-0837,5,3354.12,2026-08-31 14:00:00,delivered,2026-08-31 18:00:00
OL-000101519,ORD-00033839,CUST-001402,PROD-0177,9,3693.6,2026-08-31 15:00:00,delivered,2026-08-31 19:00:00
OL-000101520,ORD-00033840,CUST-000486,PROD-0228,1,3604.07,2026-08-31 16:00:00,shipped,2026-08-31 12:00:00
OL-000101521,ORD-00033840,CUST-001260,PROD-0129,3,3340.06,2026-08-31 17:00:00,shipped,2026-08-31 13:00:00
OL-000101522,ORD-00033840,CUST-003126,PROD-0803,2,2108.09,2026-08-31 18:00:00,shipped,2026-08-31 14:00:00
OL-000101523,ORD-00033841,CUST-003103,PROD-0442,1,3745.56,2026-08-31 19:00:00,placed,2026-08-31 15:00:00
OL-000101524,ORD-00033841,CUST-002703,PROD-0526,2,273.47,2026-08-31 08:00:00,delivered,2026-08-31 16:00:00
OL-000101525,ORD-00033841,CUST-001037,PROD-0045,8,676.56,2026-08-31 09:00:00,placed,2026-08-31 17:00:00
OL-000101526,ORD-00033842,CUST-003205,PROD-0127,1,3651.3,2026-08-31 10:00:00,delivered,2026-08-31 18:00:00
OL-000101527,ORD-00033842,CUST-000820,PROD-0190,4,2869.98,2026-08-31 11:00:00,delivered,2026-08-31 19:00:00
OL-000101528,ORD-00033842,CUST-003465,PROD-0765,1,544.85,2026-08-31 12:00:00,delivered,2026-08-31 12:00:00
OL-000101529,ORD-00033843,CUST-003503,PROD-0513,6,1768.31,2026-08-31 13:00:00,delivered,2026-08-31 13:00:00
OL-000101530,ORD-00033843,CUST-000280,PROD-0102,4,2482.98,2026-08-31 14:00:00,delivered,2026-08-31 14:00:00
OL-000101531,ORD-00033843,CUST-002932,PROD-0197,1,2594.97,2026-08-31 15:00:00,cancelled,2026-08-31 15:00:00
OL-000101532,ORD-00033844,CUST-002201,PROD-0005,3,4339.77,2026-08-31 16:00:00,cancelled,2026-08-31 16:00:00
OL-000101533,ORD-00033844,CUST-003771,PROD-0517,2,4445.41,2026-08-31 17:00:00,delivered,2026-08-31 17:00:00
OL-000101534,ORD-00033844,CUST-002415,PROD-0190,8,1835.05,2026-08-31 18:00:00,delivered,2026-08-31 18:00:00
OL-000101535,ORD-00033845,CUST-001454,PROD-0389,2,966.37,2026-08-31 19:00:00,delivered,2026-08-31 19:00:00
OL-000101536,ORD-00033845,CUST-000463,PROD-0780,9,1184.95,2026-08-31 08:00:00,cancelled,2026-08-31 12:00:00
OL-000101537,ORD-00033845,CUST-002129,PROD-0140,2,2300.42,2026-08-31 09:00:00,delivered,2026-08-31 13:00:00
OL-000101538,ORD-00033846,CUST-002283,PROD-0740,6,3418.14,2026-08-31 10:00:00,placed,2026-08-31 14:00:00
OL-000101539,ORD-00033846,CUST-001577,PROD-0291,6,2430.58,2026-08-31 11:00:00,delivered,2026-08-31 15:00:00
OL-000101540,ORD-00033846,CUST-003446,PROD-0455,5,3335.38,2026-08-31 12:00:00,shipped,2026-08-31 16:00:00
OL-000101541,ORD-00033847,CUST-003504,PROD-0439,7,1479.96,2026-08-31 13:00:00,shipped,2026-08-31 17:00:00
OL-000101542,ORD-00033847,CUST-003287,PROD-0488,2,4307.45,2026-08-31 14:00:00,delivered,2026-08-31 18:00:00
OL-000101543,ORD-00033847,CUST-002762,PROD-0504,6,959.11,2026-08-31 15:00:00,delivered,2026-08-31 19:00:00
OL-000101544,ORD-00033848,CUST-002698,PROD-0693,7,2170.11,2026-08-31 16:00:00,placed,2026-08-31 12:00:00
OL-000101545,ORD-00033848,CUST-002847,PROD-0605,3,1967.72,2026-08-31 17:00:00,cancelled,2026-08-31 13:00:00
OL-000101546,ORD-00033848,CUST-003995,PROD-0204,3,422.84,2026-08-31 18:00:00,delivered,2026-08-31 14:00:00
OL-000101547,ORD-00033849,CUST-003433,PROD-0435,7,694.53,2026-08-31 19:00:00,delivered,2026-08-31 15:00:00
OL-000101548,ORD-00033849,CUST-003138,PROD-0596,5,3699.34,2026-08-31 08:00:00,delivered,2026-08-31 16:00:00
OL-000101549,ORD-00033849,CUST-002731,PROD-0618,7,1786.54,2026-08-31 09:00:00,delivered,2026-08-31 17:00:00
OL-000101550,ORD-00033850,CUST-000604,PROD-0787,8,2513.42,2026-08-31 10:00:00,delivered,2026-08-31 18:00:00
OL-000101551,ORD-00033850,CUST-002037,PROD-0237,2,1293.23,2026-08-31 11:00:00,delivered,2026-08-31 19:00:00
OL-000101552,ORD-00033850,CUST-003023,PROD-0055,3,259.11,2026-08-31 12:00:00,delivered,2026-08-31 12:00:00
OL-000101553,ORD-00033851,CUST-003982,PROD-0184,8,3293.54,2026-08-31 13:00:00,delivered,2026-08-31 13:00:00
OL-000101554,ORD-00033851,CUST-002548,PROD-0639,6,834.81,2026-08-31 14:00:00,placed,2026-08-31 14:00:00
OL-000101555,ORD-00033851,CUST-002130,PROD-0786,2,3213.86,2026-08-31 15:00:00,delivered,2026-08-31 15:00:00
OL-000101556,ORD-00033852,CUST-002712,PROD-0510,8,1065.04,2026-08-31 16:00:00,delivered,2026-08-31 16:00:00
OL-000101557,ORD-00033852,CUST-003316,PROD-0881,5,2658.61,2026-08-31 17:00:00,delivered,2026-08-31 17:00:00
OL-000101558,ORD-00033852,CUST-000130,PROD-0441,1,4578.08,2026-08-31 18:00:00,delivered,2026-08-31 18:00:00
OL-000101559,ORD-00033853,CUST-001289,PROD-0874,2,1915.39,2026-08-31 19:00:00,delivered,2026-08-31 19:00:00
OL-000101560,ORD-00033853,CUST-000725,PROD-0571,8,288.39,2026-08-31 08:00:00,delivered,2026-08-31 12:00:00
OL-000101561,ORD-00033853,CUST-000673,PROD-0504,5,4260.4,2026-08-31 09:00:00,delivered,2026-08-31 13:00:00
OL-000101562,ORD-00033854,CUST-001997,PROD-0783,5,3469.58,2026-08-31 10:00:00,shipped,2026-08-31 14:00:00
OL-000101563,ORD-00033854,CUST-002808,PROD-0553,8,3209.17,2026-08-31 11:00:00,delivered,2026-08-31 15:00:00
OL-000101564,ORD-00033854,CUST-000641,PROD-0519,8,2751.36,2026-08-31 12:00:00,placed,2026-08-31 16:00:00
OL-000101565,ORD-00033855,CUST-003977,PROD-0387,5,2435.15,2026-08-31 13:00:00,delivered,2026-08-31 17:00:00
OL-000101566,ORD-00033855,CUST-001166,PROD-0329,6,3707.08,2026-08-31 14:00:00,placed,2026-08-31 18:00:00
OL-000101567,ORD-00033855,CUST-001501,PROD-0358,1,719.97,2026-08-31 15:00:00,delivered,2026-08-31 19:00:00
OL-000101568,ORD-00033856,CUST-002561,PROD-0350,1,3701.11,2026-08-31 16:00:00,delivered,2026-08-31 12:00:00
OL-000101569,ORD-00033856,CUST-001464,PROD-0422,7,1735.27,2026-08-31 17:00:00,delivered,2026-08-31 13:00:00
OL-000101570,ORD-00033856,CUST-002655,PROD-0320,4,1278.83,2026-08-31 18:00:00,delivered,2026-08-31 14:00:00
OL-000101571,ORD-00033857,CUST-000469,PROD-0346,2,4186.64,2026-08-31 19:00:00,shipped,2026-08-31 15:00:00
OL-000101572,ORD-00033857,CUST-001888,PROD-0674,9,1646.23,2026-08-31 08:00:00,delivered,2026-08-31 16:00:00
OL-000101573,ORD-00033857,CUST-001093,PROD-0021,9,4338.6,2026-08-31 09:00:00,delivered,2026-08-31 17:00:00
OL-000101574,ORD-00033858,CUST-001548,PROD-0585,1,4733.38,2026-08-31 10:00:00,delivered,2026-08-31 18:00:00
OL-000101575,ORD-00033858,CUST-000410,PROD-0708,2,3902.97,2026-08-31 11:00:00,delivered,2026-08-31 19:00:00
OL-000101576,ORD-00033858,CUST-003324,PROD-0784,6,2444.7,2026-08-31 12:00:00,delivered,2026-08-31 12:00:00
OL-000101577,ORD-00033859,CUST-001489,PROD-0447,3,2997.39,2026-08-31 13:00:00,shipped,2026-08-31 13:00:00
OL-000101578,ORD-00033859,CUST-002195,PROD-0220,2,4052.98,2026-08-31 14:00:00,shipped,2026-08-31 14:00:00
OL-000101579,ORD-00033859,CUST-002350,PROD-0412,1,1511.46,2026-08-31 15:00:00,delivered,2026-08-31 15:00:00
OL-000101580,ORD-00033860,CUST-002369,PROD-0098,2,3478.87,2026-08-31 16:00:00,delivered,2026-08-31 16:00:00
OL-000101581,ORD-00033860,CUST-003282,PROD-0544,5,434.82,2026-08-31 17:00:00,delivered,2026-08-31 17:00:00
OL-000101582,ORD-00033860,CUST-000315,PROD-0668,4,1745.44,2026-08-31 18:00:00,delivered,2026-08-31 18:00:00
OL-000101583,ORD-00033861,CUST-001774,PROD-0680,9,3883.31,2026-08-31 19:00:00,delivered,2026-08-31 19:00:00
OL-000101584,ORD-00033861,CUST-001030,PROD-0640,4,2058.99,2026-08-31 08:00:00,delivered,2026-08-31 12:00:00
OL-000101585,ORD-00033861,CUST-000077,PROD-0643,9,965.21,2026-08-31 09:00:00,delivered,2026-08-31 13:00:00
OL-000101586,ORD-00033862,CUST-000873,PROD-0677,3,2819.63,2026-08-31 10:00:00,cancelled,2026-08-31 14:00:00
OL-000101587,ORD-00033862,CUST-002613,PROD-0546,8,1373.94,2026-08-31 11:00:00,delivered,2026-08-31 15:00:00
OL-000101588,ORD-00033862,CUST-002977,PROD-0642,7,4494.1,2026-08-31 12:00:00,placed,2026-08-31 16:00:00
OL-000101589,ORD-00033863,CUST-000606,PROD-0247,4,1824.81,2026-08-31 13:00:00,shipped,2026-08-31 17:00:00
OL-000101590,ORD-00033863,CUST-001681,PROD-0327,5,4070.49,2026-08-31 14:00:00,delivered,2026-08-31 18:00:00
OL-000101591,ORD-00033863,CUST-003466,PROD-0423,2,3086.78,2026-08-31 15:00:00,shipped,2026-08-31 19:00:00
OL-000101592,ORD-00033864,CUST-001051,PROD-0704,5,3143.48,2026-08-31 16:00:00,delivered,2026-08-31 12:00:00
OL-000101593,ORD-00033864,CUST-000615,PROD-0197,7,1236.1,2026-08-31 17:00:00,placed,2026-08-31 13:00:00
OL-000101594,ORD-00033864,CUST-002294,PROD-0447,5,2292.27,2026-08-31 18:00:00,delivered,2026-08-31 14:00:00
OL-000101595,ORD-00033865,CUST-001118,PROD-0140,1,1065.32,2026-08-31 19:00:00,placed,2026-08-31 15:00:00
OL-000101596,ORD-00033865,CUST-000721,PROD-0660,5,3202.58,2026-08-31 08:00:00,delivered,2026-08-31 16:00:00
OL-000101597,ORD-00033865,CUST-000227,PROD-0881,8,3780.85,2026-08-31 09:00:00,delivered,2026-08-31 17:00:00
OL-000101598,ORD-00033866,CUST-003552,PROD-0066,6,2935.49,2026-08-31 10:00:00,delivered,2026-08-31 18:00:00
OL-000101599,ORD-00033866,CUST-002752,PROD-0674,7,4316.9,2026-08-31 11:00:00,delivered,2026-08-31 19:00:00
OL-000101600,ORD-00033866,CUST-002967,PROD-0863,7,4534.0,2026-08-31 12:00:00,shipped,2026-08-31 12:00:00
OL-000101601,ORD-00033867,CUST-002050,PROD-0124,2,2792.16,2026-08-31 13:00:00,delivered,2026-08-31 13:00:00
OL-000101602,ORD-00033867,CUST-003624,PROD-0093,9,1298.46,2026-08-31 14:00:00,shipped,2026-08-31 14:00:00
OL-000101603,ORD-00033867,CUST-001284,PROD-0338,2,3738.53,2026-08-31 15:00:00,delivered,2026-08-31 15:00:00
OL-000101604,ORD-00033868,CUST-003048,PROD-0242,7,3891.34,2026-08-31 16:00:00,delivered,2026-08-31 16:00:00
OL-000101605,ORD-00033868,CUST-000718,PROD-0220,4,795.22,2026-08-31 17:00:00,cancelled,2026-08-31 17:00:00
OL-000101606,ORD-00033868,CUST-003535,PROD-0604,8,2031.2,2026-08-31 18:00:00,placed,2026-08-31 18:00:00
OL-000101607,ORD-00033869,CUST-003886,PROD-0116,9,1873.62,2026-08-31 19:00:00,delivered,2026-08-31 19:00:00
OL-000101608,ORD-00033869,CUST-001010,PROD-0285,7,2342.32,2026-08-31 08:00:00,delivered,2026-08-31 12:00:00
OL-000101609,ORD-00033869,CUST-002932,PROD-0377,3,1818.83,2026-08-31 09:00:00,delivered,2026-08-31 13:00:00
OL-000101610,ORD-00033870,CUST-003708,PROD-0621,1,3140.46,2026-08-31 10:00:00,placed,2026-08-31 14:00:00
OL-000101611,ORD-00033870,CUST-003231,PROD-0688,1,3352.39,2026-08-31 11:00:00,shipped,2026-08-31 15:00:00
OL-000101612,ORD-00033870,CUST-002618,PROD-0718,9,1920.35,2026-08-31 12:00:00,delivered,2026-08-31 16:00:00
OL-000101613,ORD-00033871,CUST-000969,PROD-0879,2,2623.38,2026-08-31 13:00:00,delivered,2026-08-31 17:00:00
OL-000101614,ORD-00033871,CUST-001610,PROD-0262,1,4377.81,2026-08-31 14:00:00,delivered,2026-08-31 18:00:00
OL-000101615,ORD-00033871,CUST-003521,PROD-0165,4,1511.94,2026-08-31 15:00:00,delivered,2026-08-31 19:00:00
OL-000101616,ORD-00033872,CUST-003141,PROD-0660,6,4235.91,2026-08-31 16:00:00,delivered,2026-08-31 12:00:00
OL-000101617,ORD-00033872,CUST-000329,PROD-0843,1,1402.49,2026-08-31 17:00:00,delivered,2026-08-31 13:00:00
OL-000101618,ORD-00033872,CUST-001692,PROD-0862,8,2324.71,2026-08-31 18:00:00,delivered,2026-08-31 14:00:00
OL-000101619,ORD-00033873,CUST-003360,PROD-0103,7,4223.24,2026-08-31 19:00:00,delivered,2026-08-31 15:00:00
OL-000101620,ORD-00033873,CUST-001442,PROD-0431,5,2489.65,2026-08-31 08:00:00,delivered,2026-08-31 16:00:00
OL-000101621,ORD-00033873,CUST-001857,PROD-0712,9,3572.84,2026-08-31 09:00:00,placed,2026-08-31 17:00:00
OL-000101622,ORD-00033874,CUST-000753,PROD-0646,1,3121.62,2026-08-31 10:00:00,delivered,2026-08-31 18:00:00
OL-000101623,ORD-00033874,CUST-000820,PROD-0644,3,134.39,2026-08-31 11:00:00,delivered,2026-08-31 19:00:00
OL-000101624,ORD-00033874,CUST-001023,PROD-0529,2,638.68,2026-08-31 12:00:00,delivered,2026-08-31 12:00:00
OL-000101625,ORD-00033875,CUST-002809,PROD-0421,3,4083.77,2026-08-31 13:00:00,delivered,2026-08-31 13:00:00
OL-000101626,ORD-00033875,CUST-003578,PROD-0753,6,2232.97,2026-08-31 14:00:00,shipped,2026-08-31 14:00:00
OL-000101627,ORD-00033875,CUST-003387,PROD-0336,3,3337.34,2026-08-31 15:00:00,delivered,2026-08-31 15:00:00
OL-000101628,ORD-00033876,CUST-001506,PROD-0187,4,514.99,2026-08-31 16:00:00,delivered,2026-08-31 16:00:00
OL-000101629,ORD-00033876,CUST-003623,PROD-0585,7,4541.46,2026-08-31 17:00:00,shipped,2026-08-31 17:00:00
OL-000101630,ORD-00033876,CUST-002651,PROD-0627,1,4440.17,2026-08-31 18:00:00,delivered,2026-08-31 18:00:00
OL-000101631,ORD-00033877,CUST-000813,PROD-0269,2,4678.92,2026-08-31 19:00:00,delivered,2026-08-31 19:00:00
OL-000101632,ORD-00033877,CUST-002532,PROD-0440,3,352.98,2026-08-31 08:00:00,delivered,2026-08-31 12:00:00
OL-000101633,ORD-00033877,CUST-001508,PROD-0175,3,536.81,2026-08-31 09:00:00,delivered,2026-08-31 13:00:00
OL-000101634,ORD-00033878,CUST-002154,PROD-0446,2,186.06,2026-08-31 10:00:00,delivered,2026-08-31 14:00:00
OL-000101635,ORD-00033878,CUST-002025,PROD-0122,8,3991.56,2026-08-31 11:00:00,shipped,2026-08-31 15:00:00
OL-000101636,ORD-00033878,CUST-003531,PROD-0833,4,1011.75,2026-08-31 12:00:00,delivered,2026-08-31 16:00:00
OL-000101637,ORD-00033879,CUST-001565,PROD-0134,5,3613.35,2026-08-31 13:00:00,delivered,2026-08-31 17:00:00
OL-000101638,ORD-00033879,CUST-003376,PROD-0290,4,2928.39,2026-08-31 14:00:00,delivered,2026-08-31 18:00:00
OL-000101639,ORD-00033879,CUST-001674,PROD-0812,4,2077.79,2026-08-31 15:00:00,shipped,2026-08-31 19:00:00
OL-000101640,ORD-00033880,CUST-000965,PROD-0633,5,4688.28,2026-08-31 16:00:00,delivered,2026-08-31 12:00:00
OL-000101641,ORD-00033880,CUST-002803,PROD-0663,4,1849.9,2026-08-31 17:00:00,delivered,2026-08-31 13:00:00
OL-000101642,ORD-00033880,CUST-003570,PROD-0332,1,2314.37,2026-08-31 18:00:00,cancelled,2026-08-31 14:00:00
OL-000101643,ORD-00033881,CUST-002922,PROD-0393,7,3334.47,2026-08-31 19:00:00,delivered,2026-08-31 15:00:00
OL-000101644,ORD-00033881,CUST-002282,PROD-0061,5,461.9,2026-08-31 08:00:00,placed,2026-08-31 16:00:00
OL-000101645,ORD-00033881,CUST-001452,PROD-0621,4,2323.96,2026-08-31 09:00:00,delivered,2026-08-31 17:00:00
OL-000101646,ORD-00033882,CUST-002067,PROD-0635,1,145.09,2026-08-31 10:00:00,delivered,2026-08-31 18:00:00
OL-000101647,ORD-00033882,CUST-000542,PROD-0573,7,3261.51,2026-08-31 11:00:00,placed,2026-08-31 19:00:00
OL-000101648,ORD-00033882,CUST-002064,PROD-0505,3,1338.16,2026-08-31 12:00:00,delivered,2026-08-31 12:00:00
OL-000101649,ORD-00033883,CUST-001300,PROD-0728,8,737.38,2026-08-31 13:00:00,delivered,2026-08-31 13:00:00
OL-000101650,ORD-00033883,CUST-001284,PROD-0046,3,1338.7,2026-08-31 14:00:00,cancelled,2026-08-31 14:00:00
OL-000101651,ORD-00033883,CUST-003420,PROD-0288,8,4199.46,2026-08-31 15:00:00,delivered,2026-08-31 15:00:00
OL-000101652,ORD-00033884,CUST-003592,PROD-0270,7,1444.09,2026-08-31 16:00:00,delivered,2026-08-31 16:00:00
OL-000101653,ORD-00033884,CUST-001785,PROD-0169,5,2539.43,2026-08-31 17:00:00,delivered,2026-08-31 17:00:00
OL-000101654,ORD-00033884,CUST-000620,PROD-0570,8,3694.0,2026-08-31 18:00:00,delivered,2026-08-31 18:00:00
OL-000101655,ORD-00033885,CUST-000609,PROD-0056,8,369.08,2026-08-31 19:00:00,shipped,2026-08-31 19:00:00
OL-000101656,ORD-00033885,CUST-000670,PROD-0723,1,2320.76,2026-08-31 08:00:00,delivered,2026-08-31 12:00:00
OL-000101657,ORD-00033885,CUST-003798,PROD-0507,2,4777.54,2026-08-31 09:00:00,placed,2026-08-31 13:00:00
OL-000101658,ORD-00033886,CUST-002298,PROD-0497,6,4747.67,2026-08-31 10:00:00,delivered,2026-08-31 14:00:00
OL-000101659,ORD-00033886,CUST-003551,PROD-0152,2,4078.52,2026-08-31 11:00:00,shipped,2026-08-31 15:00:00
OL-000101660,ORD-00033886,CUST-001164,PROD-0185,2,1073.47,2026-08-31 12:00:00,delivered,2026-08-31 16:00:00
OL-000101661,ORD-00033887,CUST-002308,PROD-0680,9,3969.64,2026-08-31 13:00:00,delivered,2026-08-31 17:00:00
OL-000101662,ORD-00033887,CUST-002338,PROD-0185,1,2581.75,2026-08-31 14:00:00,delivered,2026-08-31 18:00:00
OL-000101663,ORD-00033887,CUST-002041,PROD-0694,2,1272.02,2026-08-31 15:00:00,placed,2026-08-31 19:00:00
OL-000101664,ORD-00033888,CUST-002791,PROD-0697,6,241.5,2026-08-31 16:00:00,shipped,2026-08-31 12:00:00
OL-000101665,ORD-00033888,CUST-003897,PROD-0109,6,2882.78,2026-08-31 17:00:00,delivered,2026-08-31 13:00:00
OL-000101666,ORD-00033888,CUST-001886,PROD-0851,3,255.13,2026-08-31 18:00:00,delivered,2026-08-31 14:00:00
OL-000101667,ORD-00033889,CUST-003913,PROD-0276,8,2244.98,2026-08-31 19:00:00,delivered,2026-08-31 15:00:00
OL-000101668,ORD-00033889,CUST-000180,PROD-0672,1,1661.72,2026-08-31 08:00:00,delivered,2026-08-31 16:00:00
OL-000101669,ORD-00033889,CUST-002997,PROD-0752,8,1640.6,2026-08-31 09:00:00,delivered,2026-08-31 17:00:00
OL-000101670,ORD-00033890,CUST-000200,PROD-0821,3,1109.2,2026-08-31 10:00:00,delivered,2026-08-31 18:00:00
OL-000101671,ORD-00033890,CUST-003047,PROD-0073,6,3855.33,2026-08-31 11:00:00,delivered,2026-08-31 19:00:00
OL-000101672,ORD-00033890,CUST-001046,PROD-0183,7,553.14,2026-08-31 12:00:00,shipped,2026-08-31 12:00:00
OL-000101673,ORD-00033891,CUST-003492,PROD-0214,7,537.4,2026-08-31 13:00:00,shipped,2026-08-31 13:00:00
OL-000101674,ORD-00033891,CUST-003083,PROD-0670,7,1453.5,2026-08-31 14:00:00,shipped,2026-08-31 14:00:00
OL-000101675,ORD-00033891,CUST-001771,PROD-0754,5,2417.16,2026-08-31 15:00:00,delivered,2026-08-31 15:00:00
OL-000101676,ORD-00033892,CUST-002472,PROD-0135,5,4349.48,2026-08-31 16:00:00,delivered,2026-08-31 16:00:00
OL-000101677,ORD-00033892,CUST-002100,PROD-0205,2,4014.01,2026-08-31 17:00:00,delivered,2026-08-31 17:00:00
OL-000101678,ORD-00033892,CUST-002307,PROD-0615,7,2349.74,2026-08-31 18:00:00,delivered,2026-08-31 18:00:00
OL-000101679,ORD-00033893,CUST-002515,PROD-0191,7,3915.45,2026-08-31 19:00:00,delivered,2026-08-31 19:00:00
OL-000101680,ORD-00033893,CUST-002103,PROD-0350,7,554.99,2026-08-31 08:00:00,cancelled,2026-08-31 12:00:00
OL-000101681,ORD-00033893,CUST-002924,PROD-0159,4,3150.82,2026-08-31 09:00:00,delivered,2026-08-31 13:00:00
OL-000101682,ORD-00033894,CUST-002150,PROD-0086,9,3066.34,2026-08-31 10:00:00,shipped,2026-08-31 14:00:00
OL-000101683,ORD-00033894,CUST-003284,PROD-0490,7,490.58,2026-08-31 11:00:00,delivered,2026-08-31 15:00:00
OL-000101684,ORD-00033894,CUST-001231,PROD-0862,3,3322.59,2026-08-31 12:00:00,shipped,2026-08-31 16:00:00
OL-000101685,ORD-00033895,CUST-000196,PROD-0565,7,1502.85,2026-08-31 13:00:00,placed,2026-08-31 17:00:00
OL-000101686,ORD-00033895,CUST-002092,PROD-0436,1,2522.78,2026-08-31 14:00:00,delivered,2026-08-31 18:00:00
OL-000101687,ORD-00033895,CUST-002329,PROD-0833,8,3212.8,2026-08-31 15:00:00,shipped,2026-08-31 19:00:00
OL-000101688,ORD-00033896,CUST-003149,PROD-0516,5,2860.46,2026-08-31 16:00:00,placed,2026-08-31 12:00:00
OL-000101689,ORD-00033896,CUST-000747,PROD-0864,8,960.3,2026-08-31 17:00:00,delivered,2026-08-31 13:00:00
OL-000101690,ORD-00033896,CUST-002886,PROD-0305,2,2068.06,2026-08-31 18:00:00,delivered,2026-08-31 14:00:00
OL-000101691,ORD-00033897,CUST-001843,PROD-0639,8,3664.42,2026-08-31 19:00:00,delivered,2026-08-31 15:00:00
OL-000101692,ORD-00033897,CUST-003570,PROD-0830,6,4644.25,2026-08-31 08:00:00,shipped,2026-08-31 16:00:00
OL-000101693,ORD-00033897,CUST-002475,PROD-0266,3,486.07,2026-08-31 09:00:00,delivered,2026-08-31 17:00:00
OL-000101694,ORD-00033898,CUST-000074,PROD-0006,2,2150.18,2026-08-31 10:00:00,delivered,2026-08-31 18:00:00
OL-000101695,ORD-00033898,CUST-001955,PROD-0472,1,923.72,2026-08-31 11:00:00,delivered,2026-08-31 19:00:00
OL-000101696,ORD-00033898,CUST-003331,PROD-0632,8,1537.1,2026-08-31 12:00:00,delivered,2026-08-31 12:00:00
OL-000101697,ORD-00033899,CUST-000359,PROD-0129,7,3885.72,2026-08-31 13:00:00,shipped,2026-08-31 13:00:00
OL-000101698,ORD-00033899,CUST-000066,PROD-0713,4,643.75,2026-08-31 14:00:00,cancelled,2026-08-31 14:00:00
OL-000101699,ORD-00033899,CUST-002657,PROD-0149,1,1099.19,2026-08-31 15:00:00,delivered,2026-08-31 15:00:00
OL-000101700,ORD-00033900,CUST-003516,PROD-0809,7,4060.98,2026-08-31 16:00:00,delivered,2026-08-31 16:00:00
OL-000101701,ORD-00033900,CUST-001899,PROD-0152,2,1528.3,2026-08-31 17:00:00,delivered,2026-08-31 17:00:00
OL-000101702,ORD-00033900,CUST-003697,PROD-0157,1,665.03,2026-08-31 18:00:00,delivered,2026-08-31 18:00:00
OL-000101703,ORD-00033901,CUST-001932,PROD-0021,8,4630.9,2026-08-31 19:00:00,delivered,2026-08-31 19:00:00
OL-000101704,ORD-00033901,CUST-002333,PROD-0850,4,1062.26,2026-08-31 08:00:00,delivered,2026-08-31 12:00:00
OL-000101705,ORD-00033901,CUST-000421,PROD-0646,1,1682.42,2026-08-31 09:00:00,delivered,2026-08-31 13:00:00
OL-000101706,ORD-00033902,CUST-003476,PROD-0508,7,4704.0,2026-08-31 10:00:00,delivered,2026-08-31 14:00:00
OL-000101707,ORD-00033902,CUST-000152,PROD-0500,9,4795.44,2026-08-31 11:00:00,delivered,2026-08-31 15:00:00
OL-000101708,ORD-00033902,CUST-002505,PROD-0695,9,2886.06,2026-08-31 12:00:00,delivered,2026-08-31 16:00:00
OL-000101709,ORD-00033903,CUST-000249,PROD-0541,8,1205.32,2026-08-31 13:00:00,placed,2026-08-31 17:00:00
OL-000101710,ORD-00033903,CUST-001098,PROD-0664,6,2709.24,2026-08-31 14:00:00,delivered,2026-08-31 18:00:00
OL-000101711,ORD-00033903,CUST-002551,PROD-0662,8,667.28,2026-08-31 15:00:00,delivered,2026-08-31 19:00:00
OL-000101712,ORD-00033904,CUST-001180,PROD-0744,7,217.38,2026-08-31 16:00:00,shipped,2026-08-31 12:00:00
OL-000101713,ORD-00033904,CUST-002080,PROD-0225,6,2170.36,2026-08-31 17:00:00,delivered,2026-08-31 13:00:00
OL-000101714,ORD-00033904,CUST-003496,PROD-0863,6,4433.72,2026-08-31 18:00:00,delivered,2026-08-31 14:00:00
OL-000101715,ORD-00033905,CUST-001202,PROD-0741,8,733.82,2026-08-31 19:00:00,delivered,2026-08-31 15:00:00
OL-000101716,ORD-00033905,CUST-002758,PROD-0669,7,4018.82,2026-08-31 08:00:00,delivered,2026-08-31 16:00:00
OL-000101717,ORD-00033905,CUST-003460,PROD-0166,8,3862.85,2026-08-31 09:00:00,delivered,2026-08-31 17:00:00
OL-000101718,ORD-00033906,CUST-000354,PROD-0684,5,3352.46,2026-08-31 10:00:00,delivered,2026-08-31 18:00:00
OL-000101719,ORD-00033906,CUST-002482,PROD-0504,3,1053.59,2026-08-31 11:00:00,shipped,2026-08-31 19:00:00
OL-000101720,ORD-00033906,CUST-002023,PROD-0311,7,4533.5,2026-08-31 12:00:00,shipped,2026-08-31 12:00:00
OL-000101721,ORD-00033907,CUST-000075,PROD-0368,9,340.19,2026-08-31 13:00:00,delivered,2026-08-31 13:00:00
OL-000101722,ORD-00033907,CUST-000716,PROD-0848,6,3288.02,2026-08-31 14:00:00,delivered,2026-08-31 14:00:00
OL-000101723,ORD-00033907,CUST-000261,PROD-0346,9,269.62,2026-08-31 15:00:00,delivered,2026-08-31 15:00:00
OL-000101724,ORD-00033908,CUST-000918,PROD-0499,4,684.82,2026-08-31 16:00:00,shipped,2026-08-31 16:00:00
OL-000101725,ORD-00033908,CUST-003152,PROD-0048,6,3793.27,2026-08-31 17:00:00,delivered,2026-08-31 17:00:00
OL-000101726,ORD-00033908,CUST-000620,PROD-0874,9,1371.86,2026-08-31 18:00:00,delivered,2026-08-31 18:00:00
OL-000101727,ORD-00033909,CUST-000427,PROD-0724,9,2948.07,2026-08-31 19:00:00,placed,2026-08-31 19:00:00
OL-000101728,ORD-00033909,CUST-003944,PROD-0862,8,3859.26,2026-08-31 08:00:00,delivered,2026-08-31 12:00:00
OL-000101729,ORD-00033909,CUST-002498,PROD-0801,2,3778.13,2026-08-31 09:00:00,delivered,2026-08-31 13:00:00
OL-000101730,ORD-00033910,CUST-000172,PROD-0520,2,3974.5,2026-08-31 10:00:00,shipped,2026-08-31 14:00:00
OL-000101731,ORD-00033910,CUST-003732,PROD-0371,2,4195.67,2026-08-31 11:00:00,shipped,2026-08-31 15:00:00
OL-000101732,ORD-00033910,CUST-003122,PROD-0519,5,3434.2,2026-08-31 12:00:00,delivered,2026-08-31 16:00:00
OL-000101733,ORD-00033911,CUST-001490,PROD-0343,2,842.1,2026-08-31 13:00:00,delivered,2026-08-31 17:00:00
OL-000101734,ORD-00033911,CUST-001799,PROD-0426,2,4091.43,2026-08-31 14:00:00,delivered,2026-08-31 18:00:00
OL-000101735,ORD-00033911,CUST-003315,PROD-0486,1,1268.08,2026-08-31 15:00:00,delivered,2026-08-31 19:00:00
OL-000101736,ORD-00033912,CUST-001090,PROD-0382,9,921.51,2026-08-31 16:00:00,delivered,2026-08-31 12:00:00
OL-000101737,ORD-00033912,CUST-002724,PROD-0252,7,1807.81,2026-08-31 17:00:00,shipped,2026-08-31 13:00:00
OL-000101738,ORD-00033912,CUST-000935,PROD-0142,9,2093.66,2026-08-31 18:00:00,delivered,2026-08-31 14:00:00
OL-000101739,ORD-00033913,CUST-003679,PROD-0470,7,4416.33,2026-08-31 19:00:00,delivered,2026-08-31 15:00:00
OL-000101740,ORD-00033913,CUST-001482,PROD-0031,9,3838.76,2026-08-31 08:00:00,delivered,2026-08-31 16:00:00
OL-000101741,ORD-00033913,CUST-002120,PROD-0072,1,3478.49,2026-08-31 09:00:00,placed,2026-08-31 17:00:00
OL-000101742,ORD-00033914,CUST-003164,PROD-0169,6,1999.73,2026-08-31 10:00:00,delivered,2026-08-31 18:00:00
OL-000101743,ORD-00033914,CUST-002705,PROD-0657,7,3673.02,2026-08-31 11:00:00,shipped,2026-08-31 19:00:00
OL-000101744,ORD-00033914,CUST-002922,PROD-0819,1,4695.79,2026-08-31 12:00:00,delivered,2026-08-31 12:00:00
OL-000101745,ORD-00033915,CUST-001718,PROD-0412,9,4672.05,2026-08-31 13:00:00,delivered,2026-08-31 13:00:00
OL-000101746,ORD-00033915,CUST-002956,PROD-0761,9,4208.2,2026-08-31 14:00:00,delivered,2026-08-31 14:00:00
OL-000101747,ORD-00033915,CUST-001146,PROD-0541,6,156.98,2026-08-31 15:00:00,delivered,2026-08-31 15:00:00
OL-000101748,ORD-00033916,CUST-001828,PROD-0660,3,3397.38,2026-08-31 16:00:00,shipped,2026-08-31 16:00:00
OL-000101749,ORD-00033916,CUST-002533,PROD-0668,9,3042.0,2026-08-31 17:00:00,delivered,2026-08-31 17:00:00
OL-000101750,ORD-00033916,CUST-003202,PROD-0665,6,4274.32,2026-08-31 18:00:00,delivered,2026-08-31 18:00:00
OL-000101751,ORD-00033917,CUST-000346,PROD-0038,4,4242.96,2026-08-31 19:00:00,delivered,2026-08-31 19:00:00
OL-000101752,ORD-00033917,CUST-003032,PROD-0130,7,3513.46,2026-08-31 08:00:00,delivered,2026-08-31 12:00:00
OL-000101753,ORD-00033917,CUST-000381,PROD-0524,9,1448.78,2026-08-31 09:00:00,delivered,2026-08-31 13:00:00
OL-000101754,ORD-00033918,CUST-002604,PROD-0164,9,1714.52,2026-08-31 10:00:00,placed,2026-08-31 14:00:00
OL-000101755,ORD-00033918,CUST-000989,PROD-0853,9,2892.92,2026-08-31 11:00:00,delivered,2026-08-31 15:00:00
OL-000101756,ORD-00033918,CUST-000453,PROD-0750,7,4738.95,2026-08-31 12:00:00,placed,2026-08-31 16:00:00
OL-000101757,ORD-00033919,CUST-002079,PROD-0363,6,1335.66,2026-08-31 13:00:00,shipped,2026-08-31 17:00:00
OL-000101758,ORD-00033919,CUST-002345,PROD-0755,2,2220.09,2026-08-31 14:00:00,placed,2026-08-31 18:00:00
OL-000101759,ORD-00033919,CUST-003299,PROD-0764,6,4720.21,2026-08-31 15:00:00,cancelled,2026-08-31 19:00:00
OL-000101760,ORD-00033920,CUST-000958,PROD-0359,9,4072.24,2026-08-31 16:00:00,shipped,2026-08-31 12:00:00
OL-000101761,ORD-00033920,CUST-002129,PROD-0756,3,3463.16,2026-08-31 17:00:00,shipped,2026-08-31 13:00:00
OL-000101762,ORD-00033920,CUST-000789,PROD-0843,6,2536.99,2026-08-31 18:00:00,delivered,2026-08-31 14:00:00
OL-000101763,ORD-00033921,CUST-002915,PROD-0436,8,578.58,2026-08-31 19:00:00,delivered,2026-08-31 15:00:00
OL-000101764,ORD-00033921,CUST-001741,PROD-0134,2,551.72,2026-08-31 08:00:00,delivered,2026-08-31 16:00:00
OL-000101765,ORD-00033921,CUST-002773,PROD-0539,8,485.38,2026-08-31 09:00:00,delivered,2026-08-31 17:00:00
OL-000101766,ORD-00033922,CUST-001618,PROD-0893,9,2548.66,2026-08-31 10:00:00,shipped,2026-08-31 18:00:00
OL-000101767,ORD-00033922,CUST-001803,PROD-0706,8,3098.64,2026-08-31 11:00:00,delivered,2026-08-31 19:00:00
OL-000101768,ORD-00033922,CUST-001708,PROD-0844,8,3544.44,2026-08-31 12:00:00,shipped,2026-08-31 12:00:00
OL-000101769,ORD-00033923,CUST-002913,PROD-0469,9,714.94,2026-08-31 13:00:00,shipped,2026-08-31 13:00:00
OL-000101770,ORD-00033923,CUST-000484,PROD-0712,9,4160.11,2026-08-31 14:00:00,shipped,2026-08-31 14:00:00
OL-000101771,ORD-00033923,CUST-000643,PROD-0573,8,272.6,2026-08-31 15:00:00,delivered,2026-08-31 15:00:00
OL-000101772,ORD-00033924,CUST-001674,PROD-0113,2,2935.49,2026-08-31 16:00:00,shipped,2026-08-31 16:00:00
OL-000101773,ORD-00033924,CUST-000628,PROD-0121,5,308.52,2026-08-31 17:00:00,delivered,2026-08-31 17:00:00
OL-000101774,ORD-00033924,CUST-001991,PROD-0029,6,1539.26,2026-08-31 18:00:00,delivered,2026-08-31 18:00:00
OL-000101775,ORD-00033925,CUST-001728,PROD-0050,3,3788.15,2026-08-31 19:00:00,delivered,2026-08-31 19:00:00
OL-000101776,ORD-00033925,CUST-000884,PROD-0188,5,4280.79,2026-08-31 08:00:00,delivered,2026-08-31 12:00:00
OL-000101777,ORD-00033925,CUST-002243,PROD-0358,8,129.76,2026-08-31 09:00:00,placed,2026-08-31 13:00:00
OL-000101778,ORD-00033926,CUST-002348,PROD-0318,1,2074.25,2026-08-31 10:00:00,delivered,2026-08-31 14:00:00
OL-000101779,ORD-00033926,CUST-001947,PROD-0855,6,3776.71,2026-08-31 11:00:00,delivered,2026-08-31 15:00:00
OL-000101780,ORD-00033926,CUST-002068,PROD-0652,3,3685.93,2026-08-31 12:00:00,delivered,2026-08-31 16:00:00
OL-000101781,ORD-00033927,CUST-000611,PROD-0888,8,3242.59,2026-08-31 13:00:00,delivered,2026-08-31 17:00:00
OL-000101782,ORD-00033927,CUST-002722,PROD-0639,2,3863.12,2026-08-31 14:00:00,delivered,2026-08-31 18:00:00
OL-000101783,ORD-00033927,CUST-001389,PROD-0554,4,4333.14,2026-08-31 15:00:00,placed,2026-08-31 19:00:00
OL-000101784,ORD-00033928,CUST-002646,PROD-0091,8,3564.07,2026-08-31 16:00:00,delivered,2026-08-31 12:00:00
OL-000101785,ORD-00033928,CUST-003262,PROD-0791,1,2796.94,2026-08-31 17:00:00,delivered,2026-08-31 13:00:00
OL-000101786,ORD-00033928,CUST-002638,PROD-0573,9,3139.35,2026-08-31 18:00:00,placed,2026-08-31 14:00:00
OL-000101787,ORD-00033929,CUST-000217,PROD-0584,9,2819.68,2026-08-31 19:00:00,delivered,2026-08-31 15:00:00
OL-000101788,ORD-00033929,CUST-000077,PROD-0124,8,2472.35,2026-08-31 08:00:00,delivered,2026-08-31 16:00:00
OL-000101789,ORD-00033929,CUST-000078,PROD-0282,9,961.2,2026-08-31 09:00:00,delivered,2026-08-31 17:00:00
OL-000101790,ORD-00033930,CUST-003437,PROD-0594,4,4002.95,2026-08-31 10:00:00,delivered,2026-08-31 18:00:00
OL-000101791,ORD-00033930,CUST-001646,PROD-0604,9,2960.08,2026-08-31 11:00:00,placed,2026-08-31 19:00:00
OL-000101792,ORD-00033930,CUST-000740,PROD-0425,1,1711.0,2026-08-31 12:00:00,placed,2026-08-31 12:00:00
OL-000101793,ORD-00033931,CUST-001054,PROD-0094,9,1605.35,2026-08-31 13:00:00,shipped,2026-08-31 13:00:00
OL-000101794,ORD-00033931,CUST-001169,PROD-0148,2,2655.53,2026-08-31 14:00:00,shipped,2026-08-31 14:00:00
OL-000101795,ORD-00033931,CUST-003901,PROD-0418,2,841.78,2026-08-31 15:00:00,delivered,2026-08-31 15:00:00
OL-000101796,ORD-00033932,CUST-001333,PROD-0186,1,2995.75,2026-08-31 16:00:00,placed,2026-08-31 16:00:00
OL-000101797,ORD-00033932,CUST-000405,PROD-0328,1,1514.75,2026-08-31 17:00:00,shipped,2026-08-31 17:00:00
OL-000101798,ORD-00033932,CUST-003857,PROD-0848,6,1327.13,2026-08-31 18:00:00,delivered,2026-08-31 18:00:00
OL-000101799,ORD-00033933,CUST-003081,PROD-0612,1,1067.98,2026-08-31 19:00:00,delivered,2026-08-31 19:00:00
OL-000101800,ORD-00033933,CUST-002067,PROD-0395,8,2500.35,2026-08-31 08:00:00,delivered,2026-08-31 12:00:00
OL-000101801,ORD-00033933,CUST-001904,PROD-0567,5,403.76,2026-08-31 09:00:00,delivered,2026-08-31 13:00:00
OL-000101802,ORD-00033934,CUST-002595,PROD-0240,8,255.28,2026-08-31 10:00:00,delivered,2026-08-31 14:00:00
OL-000101803,ORD-00033934,CUST-003947,PROD-0601,1,1379.67,2026-08-31 11:00:00,delivered,2026-08-31 15:00:00
OL-000101804,ORD-00033934,CUST-002669,PROD-0805,4,3690.74,2026-08-31 12:00:00,shipped,2026-08-31 16:00:00
OL-000101805,ORD-00033935,CUST-003467,PROD-0652,7,2207.2,2026-08-31 13:00:00,delivered,2026-08-31 17:00:00
OL-000101806,ORD-00033935,CUST-000689,PROD-0801,3,1867.07,2026-08-31 14:00:00,shipped,2026-08-31 18:00:00
OL-000101807,ORD-00033935,CUST-002274,PROD-0463,7,4619.13,2026-08-31 15:00:00,placed,2026-08-31 19:00:00
OL-000101808,ORD-00033936,CUST-002543,PROD-0297,8,4618.02,2026-08-31 16:00:00,delivered,2026-08-31 12:00:00
OL-000101809,ORD-00033936,CUST-003824,PROD-0494,3,122.54,2026-08-31 17:00:00,shipped,2026-08-31 13:00:00
OL-000101810,ORD-00033936,CUST-001558,PROD-0360,5,4048.8,2026-08-31 18:00:00,delivered,2026-08-31 14:00:00
OL-000101811,ORD-00033937,CUST-002091,PROD-0289,4,2858.54,2026-08-31 19:00:00,placed,2026-08-31 15:00:00
OL-000101812,ORD-00033937,CUST-001232,PROD-0092,9,2755.22,2026-08-31 08:00:00,delivered,2026-08-31 16:00:00
OL-000101813,ORD-00033937,CUST-002970,PROD-0570,2,4006.73,2026-08-31 09:00:00,cancelled,2026-08-31 17:00:00
OL-000101814,ORD-00033938,CUST-002068,PROD-0822,7,1106.78,2026-08-31 10:00:00,delivered,2026-08-31 18:00:00
OL-000101815,ORD-00033938,CUST-003084,PROD-0725,6,3092.6,2026-08-31 11:00:00,delivered,2026-08-31 19:00:00
OL-000101816,ORD-00033938,CUST-001318,PROD-0350,4,3219.46,2026-08-31 12:00:00,shipped,2026-08-31 12:00:00
OL-000101817,ORD-00033939,CUST-002834,PROD-0137,6,194.29,2026-08-31 13:00:00,delivered,2026-08-31 13:00:00
OL-000101818,ORD-00033939,CUST-000018,PROD-0010,1,2969.12,2026-08-31 14:00:00,delivered,2026-08-31 14:00:00
OL-000101819,ORD-00033939,CUST-002853,PROD-0721,7,2721.1,2026-08-31 15:00:00,delivered,2026-08-31 15:00:00
OL-000101820,ORD-00033940,CUST-003225,PROD-0898,7,2638.46,2026-08-31 16:00:00,delivered,2026-08-31 16:00:00
OL-000101821,ORD-00033940,CUST-003656,PROD-0853,2,2640.88,2026-08-31 17:00:00,delivered,2026-08-31 17:00:00
OL-000101822,ORD-00033940,CUST-001446,PROD-0833,8,3266.11,2026-08-31 18:00:00,delivered,2026-08-31 18:00:00
OL-000101823,ORD-00033941,CUST-003438,PROD-0787,6,1929.99,2026-08-31 19:00:00,delivered,2026-08-31 19:00:00
OL-000101824,ORD-00033941,CUST-001518,PROD-0198,1,703.89,2026-08-31 08:00:00,delivered,2026-08-31 12:00:00
OL-000101825,ORD-00033941,CUST-003107,PROD-0288,4,3597.92,2026-08-31 09:00:00,delivered,2026-08-31 13:00:00
OL-000101826,ORD-00033942,CUST-003344,PROD-0629,6,1016.27,2026-08-31 10:00:00,delivered,2026-08-31 14:00:00
OL-000101827,ORD-00033942,CUST-002023,PROD-0372,4,1216.33,2026-08-31 11:00:00,placed,2026-08-31 15:00:00
OL-000101828,ORD-00033942,CUST-002896,PROD-0621,8,4353.1,2026-08-31 12:00:00,shipped,2026-08-31 16:00:00
OL-000101829,ORD-00033943,CUST-002616,PROD-0406,4,4726.35,2026-08-31 13:00:00,shipped,2026-08-31 17:00:00
OL-000101830,ORD-00033943,CUST-002024,PROD-0175,5,2783.4,2026-08-31 14:00:00,delivered,2026-08-31 18:00:00
OL-000101831,ORD-00033943,CUST-000526,PROD-0764,3,425.89,2026-08-31 15:00:00,placed,2026-08-31 19:00:00
OL-000101832,ORD-00033944,CUST-003505,PROD-0234,5,4489.08,2026-08-31 16:00:00,delivered,2026-08-31 12:00:00
OL-000101833,ORD-00033944,CUST-002778,PROD-0024,5,1017.87,2026-08-31 17:00:00,cancelled,2026-08-31 13:00:00
OL-000101834,ORD-00033944,CUST-002789,PROD-0574,9,2995.66,2026-08-31 18:00:00,delivered,2026-08-31 14:00:00
OL-000101835,ORD-00033945,CUST-002626,PROD-0690,1,4509.33,2026-08-31 19:00:00,delivered,2026-08-31 15:00:00
OL-000101836,ORD-00033945,CUST-001324,PROD-0443,1,4116.06,2026-08-31 08:00:00,delivered,2026-08-31 16:00:00
OL-000101837,ORD-00033945,CUST-002786,PROD-0531,7,1402.49,2026-08-31 09:00:00,delivered,2026-08-31 17:00:00
OL-000101838,ORD-00033946,CUST-000179,PROD-0739,6,2540.76,2026-08-31 10:00:00,shipped,2026-08-31 18:00:00
OL-000101839,ORD-00033946,CUST-002181,PROD-0460,5,4418.07,2026-08-31 11:00:00,delivered,2026-08-31 19:00:00
OL-000101840,ORD-00033946,CUST-000336,PROD-0586,7,1030.77,2026-08-31 12:00:00,delivered,2026-08-31 12:00:00
OL-000101841,ORD-00033947,CUST-001736,PROD-0077,4,4697.49,2026-08-31 13:00:00,delivered,2026-08-31 13:00:00
OL-000101842,ORD-00033947,CUST-001274,PROD-0065,4,889.77,2026-08-31 14:00:00,delivered,2026-08-31 14:00:00
OL-000101843,ORD-00033947,CUST-001770,PROD-0828,2,250.44,2026-08-31 15:00:00,placed,2026-08-31 15:00:00
OL-000101844,ORD-00033948,CUST-001013,PROD-0111,6,4053.58,2026-08-31 16:00:00,delivered,2026-08-31 16:00:00
OL-000101845,ORD-00033948,CUST-003366,PROD-0342,6,4016.18,2026-08-31 17:00:00,delivered,2026-08-31 17:00:00
OL-000101846,ORD-00033948,CUST-003178,PROD-0615,4,4535.8,2026-08-31 18:00:00,delivered,2026-08-31 18:00:00
OL-000101847,ORD-00033949,CUST-002372,PROD-0128,2,3046.63,2026-08-31 19:00:00,placed,2026-08-31 19:00:00
OL-000101848,ORD-00033949,CUST-001546,PROD-0321,1,4410.22,2026-08-31 08:00:00,delivered,2026-08-31 12:00:00
OL-000101849,ORD-00033949,CUST-000254,PROD-0822,2,3782.78,2026-08-31 09:00:00,delivered,2026-08-31 13:00:00
OL-000101850,ORD-00033950,CUST-001769,PROD-0068,5,2978.26,2026-08-31 10:00:00,shipped,2026-08-31 14:00:00
OL-000101851,ORD-00033950,CUST-001208,PROD-0871,1,2737.33,2026-08-31 11:00:00,delivered,2026-08-31 15:00:00
OL-000101852,ORD-00033950,CUST-001684,PROD-0239,2,3008.97,2026-08-31 12:00:00,delivered,2026-08-31 16:00:00
OL-000101853,ORD-00033951,CUST-001902,PROD-0815,1,2241.96,2026-08-31 13:00:00,delivered,2026-08-31 17:00:00
OL-000101854,ORD-00033951,CUST-003841,PROD-0692,2,1709.41,2026-08-31 14:00:00,delivered,2026-08-31 18:00:00
OL-000101855,ORD-00033951,CUST-002408,PROD-0198,8,2540.56,2026-08-31 15:00:00,shipped,2026-08-31 19:00:00
OL-000101856,ORD-00033952,CUST-000277,PROD-0608,1,2905.42,2026-08-31 16:00:00,delivered,2026-08-31 12:00:00
OL-000101857,ORD-00033952,CUST-000517,PROD-0653,4,4352.45,2026-08-31 17:00:00,delivered,2026-08-31 13:00:00
OL-000101858,ORD-00033952,CUST-002969,PROD-0636,6,2090.31,2026-08-31 18:00:00,delivered,2026-08-31 14:00:00
OL-000101859,ORD-00033953,CUST-000181,PROD-0062,4,764.31,2026-08-31 19:00:00,shipped,2026-08-31 15:00:00
OL-000101860,ORD-00033953,CUST-002670,PROD-0773,7,2521.43,2026-08-31 08:00:00,delivered,2026-08-31 16:00:00
OL-000101861,ORD-00033953,CUST-000604,PROD-0481,9,3749.32,2026-08-31 09:00:00,delivered,2026-08-31 17:00:00
OL-000101862,ORD-00033954,CUST-003975,PROD-0009,6,1482.18,2026-08-31 10:00:00,delivered,2026-08-31 18:00:00
OL-000101863,ORD-00033954,CUST-002078,PROD-0839,3,388.25,2026-08-31 11:00:00,delivered,2026-08-31 19:00:00
OL-000101864,ORD-00033954,CUST-000801,PROD-0206,1,2095.25,2026-08-31 12:00:00,delivered,2026-08-31 12:00:00
OL-000101865,ORD-00033955,CUST-001399,PROD-0194,4,3795.03,2026-08-31 13:00:00,delivered,2026-08-31 13:00:00
OL-000101866,ORD-00033955,CUST-001357,PROD-0873,8,2926.89,2026-08-31 14:00:00,delivered,2026-08-31 14:00:00
OL-000101867,ORD-00033955,CUST-001715,PROD-0337,6,3003.36,2026-08-31 15:00:00,shipped,2026-08-31 15:00:00
OL-000101868,ORD-00033956,CUST-003730,PROD-0044,8,4220.17,2026-08-31 16:00:00,delivered,2026-08-31 16:00:00
OL-000101869,ORD-00033956,CUST-002840,PROD-0236,1,3109.43,2026-08-31 17:00:00,delivered,2026-08-31 17:00:00
OL-000101870,ORD-00033956,CUST-003009,PROD-0787,4,1238.61,2026-08-31 18:00:00,delivered,2026-08-31 18:00:00
OL-000101871,ORD-00033957,CUST-001540,PROD-0211,6,3898.03,2026-08-31 19:00:00,delivered,2026-08-31 19:00:00
OL-000101872,ORD-00033957,CUST-000303,PROD-0367,1,1817.98,2026-08-31 08:00:00,placed,2026-08-31 12:00:00
OL-000101873,ORD-00033957,CUST-001804,PROD-0200,2,786.44,2026-08-31 09:00:00,delivered,2026-08-31 13:00:00
OL-000101874,ORD-00033958,CUST-000122,PROD-0204,6,325.47,2026-08-31 10:00:00,shipped,2026-08-31 14:00:00
OL-000101875,ORD-00033958,CUST-001074,PROD-0737,3,1144.66,2026-08-31 11:00:00,shipped,2026-08-31 15:00:00
OL-000101876,ORD-00033958,CUST-000803,PROD-0023,9,1271.11,2026-08-31 12:00:00,shipped,2026-08-31 16:00:00
OL-000101877,ORD-00033959,CUST-000086,PROD-0852,5,4381.84,2026-08-31 13:00:00,delivered,2026-08-31 17:00:00
OL-000101878,ORD-00033959,CUST-003626,PROD-0114,7,3184.79,2026-08-31 14:00:00,delivered,2026-08-31 18:00:00
OL-000101879,ORD-00033959,CUST-000984,PROD-0379,4,1547.74,2026-08-31 15:00:00,delivered,2026-08-31 19:00:00
OL-000101880,ORD-00033960,CUST-003273,PROD-0639,3,4524.64,2026-08-31 16:00:00,delivered,2026-08-31 12:00:00
OL-000101881,ORD-00033960,CUST-003616,PROD-0134,2,674.55,2026-08-31 17:00:00,delivered,2026-08-31 13:00:00
OL-000101882,ORD-00033960,CUST-002845,PROD-0384,4,2612.36,2026-08-31 18:00:00,delivered,2026-08-31 14:00:00
OL-000101883,ORD-00033961,CUST-001002,PROD-0048,7,4692.27,2026-08-31 19:00:00,delivered,2026-08-31 15:00:00
OL-000101884,ORD-00033961,CUST-001205,PROD-0809,4,4118.76,2026-08-31 08:00:00,shipped,2026-08-31 16:00:00
OL-000101885,ORD-00033961,CUST-003259,PROD-0287,4,369.25,2026-08-31 09:00:00,delivered,2026-08-31 17:00:00
OL-000101886,ORD-00033962,CUST-003629,PROD-0501,9,4652.04,2026-08-31 10:00:00,shipped,2026-08-31 18:00:00
OL-000101887,ORD-00033962,CUST-003240,PROD-0680,2,3792.23,2026-08-31 11:00:00,delivered,2026-08-31 19:00:00
OL-000101888,ORD-00033962,CUST-003078,PROD-0661,3,2500.31,2026-08-31 12:00:00,delivered,2026-08-31 12:00:00
OL-000101889,ORD-00033963,CUST-001902,PROD-0184,6,2453.39,2026-08-31 13:00:00,delivered,2026-08-31 13:00:00
OL-000101890,ORD-00033963,CUST-001980,PROD-0733,6,2579.23,2026-08-31 14:00:00,delivered,2026-08-31 14:00:00
OL-000101891,ORD-00033963,CUST-001643,PROD-0654,8,1375.81,2026-08-31 15:00:00,delivered,2026-08-31 15:00:00
OL-000101892,ORD-00033964,CUST-003666,PROD-0208,1,1089.69,2026-08-31 16:00:00,delivered,2026-08-31 16:00:00
OL-000101893,ORD-00033964,CUST-001254,PROD-0436,4,1972.81,2026-08-31 17:00:00,delivered,2026-08-31 17:00:00
OL-000101894,ORD-00033964,CUST-001533,PROD-0261,3,4498.13,2026-08-31 18:00:00,delivered,2026-08-31 18:00:00
OL-000101895,ORD-00033965,CUST-001209,PROD-0456,3,3637.59,2026-08-31 19:00:00,delivered,2026-08-31 19:00:00
OL-000101896,ORD-00033965,CUST-001906,PROD-0525,4,2852.94,2026-08-31 08:00:00,delivered,2026-08-31 12:00:00
OL-000101897,ORD-00033965,CUST-001772,PROD-0419,7,2231.39,2026-08-31 09:00:00,delivered,2026-08-31 13:00:00
OL-000101898,ORD-00033966,CUST-001567,PROD-0026,8,1603.66,2026-08-31 10:00:00,shipped,2026-08-31 14:00:00
OL-000101899,ORD-00033966,CUST-000311,PROD-0368,4,1363.12,2026-08-31 11:00:00,delivered,2026-08-31 15:00:00
OL-000101900,ORD-00033966,CUST-002101,PROD-0560,5,4063.38,2026-08-31 12:00:00,delivered,2026-08-31 16:00:00
OL-000101901,ORD-00033967,CUST-000404,PROD-0122,5,4456.52,2026-08-31 13:00:00,placed,2026-08-31 17:00:00
OL-000101902,ORD-00033967,CUST-001368,PROD-0202,1,2675.4,2026-08-31 14:00:00,delivered,2026-08-31 18:00:00
OL-000101903,ORD-00033967,CUST-003341,PROD-0787,5,1536.71,2026-08-31 15:00:00,delivered,2026-08-31 19:00:00
OL-000101904,ORD-00033968,CUST-002475,PROD-0142,5,1012.21,2026-08-31 16:00:00,cancelled,2026-08-31 12:00:00
OL-000101905,ORD-00033968,CUST-000035,PROD-0789,9,4389.95,2026-08-31 17:00:00,shipped,2026-08-31 13:00:00
OL-000101906,ORD-00033968,CUST-001655,PROD-0416,6,3785.04,2026-08-31 18:00:00,delivered,2026-08-31 14:00:00
OL-000101907,ORD-00033969,CUST-002100,PROD-0780,1,2328.98,2026-08-31 19:00:00,delivered,2026-08-31 15:00:00
OL-000101908,ORD-00033969,CUST-002963,PROD-0768,7,1185.07,2026-08-31 08:00:00,shipped,2026-08-31 16:00:00
OL-000101909,ORD-00033969,CUST-003220,PROD-0566,4,2534.06,2026-08-31 09:00:00,delivered,2026-08-31 17:00:00
OL-000101910,ORD-00033970,CUST-000352,PROD-0321,8,1714.29,2026-08-31 10:00:00,delivered,2026-08-31 18:00:00
OL-000101911,ORD-00033970,CUST-002859,PROD-0428,7,3724.21,2026-08-31 11:00:00,shipped,2026-08-31 19:00:00
OL-000101912,ORD-00033970,CUST-000124,PROD-0384,8,4111.78,2026-08-31 12:00:00,shipped,2026-08-31 12:00:00
OL-000101913,ORD-00033971,CUST-003023,PROD-0010,3,1550.08,2026-08-31 13:00:00,delivered,2026-08-31 13:00:00
OL-000101914,ORD-00033971,CUST-001717,PROD-0436,6,1710.37,2026-08-31 14:00:00,delivered,2026-08-31 14:00:00
OL-000101915,ORD-00033971,CUST-002829,PROD-0551,7,3690.1,2026-08-31 15:00:00,shipped,2026-08-31 15:00:00
OL-000101916,ORD-00033972,CUST-000132,PROD-0143,1,2776.26,2026-08-31 16:00:00,shipped,2026-08-31 16:00:00
OL-000101917,ORD-00033972,CUST-003274,PROD-0618,6,2779.13,2026-08-31 17:00:00,delivered,2026-08-31 17:00:00
OL-000101918,ORD-00033972,CUST-000837,PROD-0401,7,4707.21,2026-08-31 18:00:00,placed,2026-08-31 18:00:00
OL-000101919,ORD-00033973,CUST-000445,PROD-0337,7,1001.43,2026-08-31 19:00:00,delivered,2026-08-31 19:00:00
OL-000101920,ORD-00033973,CUST-001248,PROD-0096,8,3110.54,2026-08-31 08:00:00,shipped,2026-08-31 12:00:00
OL-000101921,ORD-00033973,CUST-003386,PROD-0706,9,951.34,2026-08-31 09:00:00,delivered,2026-08-31 13:00:00
OL-000101922,ORD-00033974,CUST-000285,PROD-0396,1,993.72,2026-08-31 10:00:00,shipped,2026-08-31 14:00:00
OL-000101923,ORD-00033974,CUST-002148,PROD-0072,4,1482.37,2026-08-31 11:00:00,delivered,2026-08-31 15:00:00
OL-000101924,ORD-00033974,CUST-000704,PROD-0335,6,2546.73,2026-08-31 12:00:00,delivered,2026-08-31 16:00:00
OL-000101925,ORD-00033975,CUST-000454,PROD-0133,7,1950.37,2026-08-31 13:00:00,delivered,2026-08-31 17:00:00
OL-000101926,ORD-00033975,CUST-001594,PROD-0887,8,3597.91,2026-08-31 14:00:00,shipped,2026-08-31 18:00:00
OL-000101927,ORD-00033975,CUST-003351,PROD-0727,4,1569.66,2026-08-31 15:00:00,delivered,2026-08-31 19:00:00
OL-000101928,ORD-00033976,CUST-003847,PROD-0318,3,2945.36,2026-08-31 16:00:00,delivered,2026-08-31 12:00:00
OL-000101929,ORD-00033976,CUST-001880,PROD-0283,9,3474.49,2026-08-31 17:00:00,shipped,2026-08-31 13:00:00
OL-000101930,ORD-00033976,CUST-003378,PROD-0409,3,2206.02,2026-08-31 18:00:00,delivered,2026-08-31 14:00:00
OL-000101931,ORD-00033977,CUST-003729,PROD-0583,4,2581.01,2026-08-31 19:00:00,delivered,2026-08-31 15:00:00
OL-000101932,ORD-00033977,CUST-000161,PROD-0755,8,2285.41,2026-08-31 08:00:00,placed,2026-08-31 16:00:00
OL-000101933,ORD-00033977,CUST-003452,PROD-0729,8,1742.94,2026-08-31 09:00:00,delivered,2026-08-31 17:00:00
OL-000101934,ORD-00033978,CUST-003318,PROD-0871,7,2988.97,2026-08-31 10:00:00,shipped,2026-08-31 18:00:00
OL-000101935,ORD-00033978,CUST-002531,PROD-0751,4,960.43,2026-08-31 11:00:00,delivered,2026-08-31 19:00:00
OL-000101936,ORD-00033978,CUST-000752,PROD-0716,7,4382.7,2026-08-31 12:00:00,delivered,2026-08-31 12:00:00
OL-000101937,ORD-00033979,CUST-000179,PROD-0246,7,3389.66,2026-08-31 13:00:00,delivered,2026-08-31 13:00:00
OL-000101938,ORD-00033979,CUST-002573,PROD-0551,3,1401.27,2026-08-31 14:00:00,shipped,2026-08-31 14:00:00
OL-000101939,ORD-00033979,CUST-002959,PROD-0223,2,3386.85,2026-08-31 15:00:00,delivered,2026-08-31 15:00:00
OL-000101940,ORD-00033980,CUST-002265,PROD-0125,7,4764.38,2026-08-31 16:00:00,cancelled,2026-08-31 16:00:00
OL-000101941,ORD-00033980,CUST-002067,PROD-0785,2,3655.26,2026-08-31 17:00:00,delivered,2026-08-31 17:00:00
OL-000101942,ORD-00033980,CUST-001036,PROD-0213,7,2230.38,2026-08-31 18:00:00,delivered,2026-08-31 18:00:00
OL-000101943,ORD-00033981,CUST-002617,PROD-0712,8,245.04,2026-08-31 19:00:00,delivered,2026-08-31 19:00:00
OL-000101944,ORD-00033981,CUST-003056,PROD-0409,8,1903.81,2026-08-31 08:00:00,delivered,2026-08-31 12:00:00
OL-000101945,ORD-00033981,CUST-001027,PROD-0118,7,296.79,2026-08-31 09:00:00,delivered,2026-08-31 13:00:00
OL-000101946,ORD-00033982,CUST-003067,PROD-0476,3,1650.88,2026-08-31 10:00:00,delivered,2026-08-31 14:00:00
OL-000101947,ORD-00033982,CUST-002692,PROD-0249,2,506.33,2026-08-31 11:00:00,delivered,2026-08-31 15:00:00
OL-000101948,ORD-00033982,CUST-003361,PROD-0286,8,776.4,2026-08-31 12:00:00,delivered,2026-08-31 16:00:00
OL-000101949,ORD-00033983,CUST-002487,PROD-0103,3,4044.16,2026-08-31 13:00:00,shipped,2026-08-31 17:00:00
OL-000101950,ORD-00033983,CUST-001601,PROD-0173,2,2622.18,2026-08-31 14:00:00,placed,2026-08-31 18:00:00
OL-000101951,ORD-00033983,CUST-000629,PROD-0452,1,3290.15,2026-08-31 15:00:00,delivered,2026-08-31 19:00:00
OL-000101952,ORD-00033984,CUST-003657,PROD-0692,4,3463.45,2026-08-31 16:00:00,delivered,2026-08-31 12:00:00
OL-000101953,ORD-00033984,CUST-003427,PROD-0651,8,3380.75,2026-08-31 17:00:00,delivered,2026-08-31 13:00:00
OL-000101954,ORD-00033984,CUST-001263,PROD-0455,2,1948.09,2026-08-31 18:00:00,placed,2026-08-31 14:00:00
OL-000101955,ORD-00033985,CUST-001546,PROD-0786,1,347.75,2026-08-31 19:00:00,shipped,2026-08-31 15:00:00
OL-000101956,ORD-00033985,CUST-000978,PROD-0205,4,1873.34,2026-08-31 08:00:00,placed,2026-08-31 16:00:00
OL-000101957,ORD-00033985,CUST-000060,PROD-0346,7,250.78,2026-08-31 09:00:00,delivered,2026-08-31 17:00:00
OL-000101958,ORD-00033986,CUST-003614,PROD-0099,2,1152.26,2026-08-31 10:00:00,delivered,2026-08-31 18:00:00
OL-000101959,ORD-00033986,CUST-000181,PROD-0426,3,3508.37,2026-08-31 11:00:00,delivered,2026-08-31 19:00:00
OL-000101960,ORD-00033986,CUST-002568,PROD-0195,6,1630.14,2026-08-31 12:00:00,delivered,2026-08-31 12:00:00
OL-000101961,ORD-00033987,CUST-001753,PROD-0124,9,1968.9,2026-08-31 13:00:00,shipped,2026-08-31 13:00:00
OL-000101962,ORD-00033987,CUST-000712,PROD-0016,2,1788.78,2026-08-31 14:00:00,delivered,2026-08-31 14:00:00
OL-000101963,ORD-00033987,CUST-000872,PROD-0470,6,176.07,2026-08-31 15:00:00,shipped,2026-08-31 15:00:00
OL-000101964,ORD-00033988,CUST-001512,PROD-0045,5,3161.74,2026-08-31 16:00:00,placed,2026-08-31 16:00:00
OL-000101965,ORD-00033988,CUST-003144,PROD-0614,4,2043.93,2026-08-31 17:00:00,delivered,2026-08-31 17:00:00
OL-000101966,ORD-00033988,CUST-003242,PROD-0871,2,3454.65,2026-08-31 18:00:00,delivered,2026-08-31 18:00:00
OL-000101967,ORD-00033989,CUST-002458,PROD-0333,5,4608.28,2026-08-31 19:00:00,cancelled,2026-08-31 19:00:00
OL-000101968,ORD-00033989,CUST-003983,PROD-0790,7,3292.57,2026-08-31 08:00:00,delivered,2026-08-31 12:00:00
OL-000101969,ORD-00033989,CUST-003120,PROD-0705,6,940.55,2026-08-31 09:00:00,delivered,2026-08-31 13:00:00
OL-000101970,ORD-00033990,CUST-000073,PROD-0624,8,435.96,2026-08-31 10:00:00,delivered,2026-08-31 14:00:00
OL-000101971,ORD-00033990,CUST-002624,PROD-0760,8,1909.5,2026-08-31 11:00:00,shipped,2026-08-31 15:00:00
OL-000101972,ORD-00033990,CUST-002525,PROD-0778,1,1208.6,2026-08-31 12:00:00,delivered,2026-08-31 16:00:00
OL-000101973,ORD-00033991,CUST-001756,PROD-0776,5,1226.33,2026-08-31 13:00:00,shipped,2026-08-31 17:00:00
OL-000101974,ORD-00033991,CUST-001535,PROD-0511,2,400.44,2026-08-31 14:00:00,shipped,2026-08-31 18:00:00
OL-000101975,ORD-00033991,CUST-002630,PROD-0039,3,1878.5,2026-08-31 15:00:00,shipped,2026-08-31 19:00:00
OL-000101976,ORD-00033992,CUST-001347,PROD-0138,8,3579.72,2026-08-31 16:00:00,shipped,2026-08-31 12:00:00
OL-000101977,ORD-00033992,CUST-001700,PROD-0664,1,2557.68,2026-08-31 17:00:00,delivered,2026-08-31 13:00:00
OL-000101978,ORD-00033992,CUST-003002,PROD-0340,1,1191.77,2026-08-31 18:00:00,delivered,2026-08-31 14:00:00
OL-000101979,ORD-00033993,CUST-003714,PROD-0681,4,2643.98,2026-08-31 19:00:00,cancelled,2026-08-31 15:00:00
OL-000101980,ORD-00033993,CUST-001563,PROD-0534,4,2965.74,2026-08-31 08:00:00,delivered,2026-08-31 16:00:00
OL-000101981,ORD-00033993,CUST-000265,PROD-0891,8,3067.38,2026-08-31 09:00:00,delivered,2026-08-31 17:00:00
OL-000101982,ORD-00033994,CUST-000580,PROD-0210,4,363.86,2026-08-31 10:00:00,shipped,2026-08-31 18:00:00
OL-000101983,ORD-00033994,CUST-003405,PROD-0815,3,2893.51,2026-08-31 11:00:00,delivered,2026-08-31 19:00:00
OL-000101984,ORD-00033994,CUST-001746,PROD-0743,4,2494.75,2026-08-31 12:00:00,delivered,2026-08-31 12:00:00
OL-000101985,ORD-00033995,CUST-001004,PROD-0435,3,3497.43,2026-08-31 13:00:00,shipped,2026-08-31 13:00:00
OL-000101986,ORD-00033995,CUST-002362,PROD-0460,4,1538.51,2026-08-31 14:00:00,cancelled,2026-08-31 14:00:00
OL-000101987,ORD-00033995,CUST-003201,PROD-0493,4,1392.31,2026-08-31 15:00:00,placed,2026-08-31 15:00:00
OL-000101988,ORD-00033996,CUST-000688,PROD-0483,6,1983.78,2026-08-31 16:00:00,delivered,2026-08-31 16:00:00
OL-000101989,ORD-00033996,CUST-001776,PROD-0779,9,2971.96,2026-08-31 17:00:00,shipped,2026-08-31 17:00:00
OL-000101990,ORD-00033996,CUST-001563,PROD-0438,8,212.72,2026-08-31 18:00:00,delivered,2026-08-31 18:00:00
OL-000101991,ORD-00033997,CUST-000626,PROD-0567,5,2905.46,2026-08-31 19:00:00,delivered,2026-08-31 19:00:00
OL-000101992,ORD-00033997,CUST-001253,PROD-0465,5,1900.51,2026-08-31 08:00:00,shipped,2026-08-31 12:00:00
OL-000101993,ORD-00033997,CUST-000295,PROD-0342,9,2956.2,2026-08-31 09:00:00,shipped,2026-08-31 13:00:00
OL-000101994,ORD-00033998,CUST-003753,PROD-0195,8,1035.95,2026-08-31 10:00:00,placed,2026-08-31 14:00:00
OL-000101995,ORD-00033998,CUST-001533,PROD-0504,9,3538.13,2026-08-31 11:00:00,delivered,2026-08-31 15:00:00
OL-000101996,ORD-00033998,CUST-003976,PROD-0761,7,4520.53,2026-08-31 12:00:00,delivered,2026-08-31 16:00:00
OL-000101997,ORD-00033999,CUST-002410,PROD-0073,8,1560.55,2026-08-31 13:00:00,delivered,2026-08-31 17:00:00
OL-000101998,ORD-00033999,CUST-000510,PROD-0395,1,4764.77,2026-08-31 14:00:00,delivered,2026-08-31 18:00:00
OL-000101999,ORD-00033999,CUST-001788,PROD-0262,3,1028.99,2026-08-31 15:00:00,delivered,2026-08-31 19:00:00
