order_line_id,order_id,customer_id,product_id,quantity,unit_price,order_ts,status,updated_at
OL-000200000,ORD-00066666,CUST-003124,PROD-0148,1,1458.87,2026-09-01 08:00:00,delivered,2026-09-01 12:00:00
OL-000200001,ORD-00066667,CUST-003248,PROD-0099,6,3263.31,2026-09-01 09:00:00,delivered,2026-09-01 13:00:00
OL-000200002,ORD-00066667,CUST-002106,PROD-0443,8,2970.07,2026-09-01 10:00:00,delivered,2026-09-01 14:00:00
OL-000200003,ORD-00066667,CUST-003895,PROD-0445,9,4268.86,2026-09-01 11:00:00,delivered,2026-09-01 15:00:00
OL-000200004,ORD-00066668,CUST-003360,PROD-0128,1,4102.1,2026-09-01 12:00:00,delivered,2026-09-01 16:00:00
OL-000200005,ORD-00066668,CUST-003419,PROD-0508,2,871.68,2026-09-01 13:00:00,shipped,2026-09-01 17:00:00
OL-000200006,ORD-00066668,CUST-002076,PROD-0279,7,2914.98,2026-09-01 14:00:00,delivered,2026-09-01 18:00:00
OL-000200007,ORD-00066669,CUST-002373,PROD-0063,7,417.33,2026-09-01 15:00:00,shipped,2026-09-01 19:00:00
OL-000200008,ORD-00066669,CUST-001214,PROD-0282,1,4046.98,2026-09-01 16:00:00,delivered,2026-09-01 12:00:00
OL-000200009,ORD-00066669,CUST-003505,PROD-0834,9,3038.08,2026-09-01 17:00:00,delivered,2026-09-01 13:00:00
OL-000200010,ORD-00066670,CUST-002551,PROD-0469,1,560.38,2026-09-01 18:00:00,delivered,2026-09-01 14:00:00
OL-000200011,ORD-00066670,CUST-002721,PROD-0718,6,1665.25,2026-09-01 19:00:00,delivered,2026-09-01 15:00:00
OL-000200012,ORD-00066670,CUST-003199,PROD-0328,3,4090.32,2026-09-01 08:00:00,placed,2026-09-01 16:00:00
OL-000200013,ORD-00066671,CUST-000762,PROD-0689,5,1842.48,2026-09-01 09:00:00,delivered,2026-09-01 17:00:00
OL-000200014,ORD-00066671,CUST-001217,PROD-0507,9,3221.23,2026-09-01 10:00:00,delivered,2026-09-01 18:00:00
OL-000200015,ORD-00066671,CUST-000170,PROD-0485,6,3467.03,2026-09-01 11:00:00,cancelled,2026-09-01 19:00:00
OL-000200016,ORD-00066672,CUST-002642,PROD-0089,2,1796.01,2026-09-01 12:00:00,delivered,2026-09-01 12:00:00
OL-000200017,ORD-00066672,CUST-001260,PROD-0112,3,2806.74,2026-09-01 13:00:00,delivered,2026-09-01 13:00:00
OL-000200018,ORD-00066672,CUST-000156,PROD-0151,7,2193.6,2026-09-01 14:00:00,placed,2026-09-01 14:00:00
OL-000200019,ORD-00066673,CUST-000070,PROD-0792,2,709.84,2026-09-01 15:00:00,delivered,2026-09-01 15:00:00
OL-000200020,ORD-00066673,CUST-002181,PROD-0511,6,674.77,2026-09-01 16:00:00,shipped,2026-09-01 16:00:00
OL-000200021,ORD-00066673,CUST-003512,PROD-0395,8,4068.45,2026-09-01 17:00:00,placed,2026-09-01 17:00:00
OL-000200022,ORD-00066674,CUST-000845,PROD-0868,1,555.02,2026-09-01 18:00:00,delivered,2026-09-01 18:00:00
OL-000200023,ORD-00066674,CUST-003831,PROD-0590,7,1027.87,2026-09-01 19:00:00,delivered,2026-09-01 19:00:00
OL-000200024,ORD-00066674,CUST-001341,PROD-0408,7,4390.28,2026-09-01 08:00:00,delivered,2026-09-01 12:00:00
OL-000200025,ORD-00066675,CUST-003209,PROD-0848,3,2635.89,2026-09-01 09:00:00,shipped,2026-09-01 13:00:00
OL-000200026,ORD-00066675,CUST-003928,PROD-0308,1,3253.97,2026-09-01 10:00:00,shipped,2026-09-01 14:00:00
OL-000200027,ORD-00066675,CUST-001572,PROD-0843,4,3754.47,2026-09-01 11:00:00,cancelled,2026-09-01 15:00:00
OL-000200028,ORD-00066676,CUST-002054,PROD-0063,4,404.04,2026-09-01 12:00:00,placed,2026-09-01 16:00:00
OL-000200029,ORD-00066676,CUST-002512,PROD-0868,1,2674.4,2026-09-01 13:00:00,delivered,2026-09-01 17:00:00
OL-000200030,ORD-00066676,CUST-003896,PROD-0115,9,4149.44,2026-09-01 14:00:00,delivered,2026-09-01 18:00:00
OL-000200031,ORD-00066677,CUST-001839,PROD-0783,5,1147.82,2026-09-01 15:00:00,delivered,2026-09-01 19:00:00
OL-000200032,ORD-00066677,CUST-002865,PROD-0225,4,148.62,2026-09-01 16:00:00,shipped,2026-09-01 12:00:00
OL-000200033,ORD-00066677,CUST-001742,PROD-0109,7,1060.75,2026-09-01 17:00:00,placed,2026-09-01 13:00:00
OL-000200034,ORD-00066678,CUST-001281,PROD-0268,7,664.73,2026-09-01 18:00:00,delivered,2026-09-01 14:00:00
OL-000200035,ORD-00066678,CUST-002837,PROD-0249,9,2814.02,2026-09-01 19:00:00,shipped,2026-09-01 15:00:00
OL-000200036,ORD-00066678,CUST-001962,PROD-0717,1,544.65,2026-09-01 08:00:00,delivered,2026-09-01 16:00:00
OL-000200037,ORD-00066679,CUST-001392,PROD-0146,2,2374.56,2026-09-01 09:00:00,delivered,2026-09-01 17:00:00
OL-000200038,ORD-00066679,CUST-001946,PROD-0656,1,3534.57,2026-09-01 10:00:00,shipped,2026-09-01 18:00:00
OL-000200039,ORD-00066679,CUST-001970,PROD-0455,8,1519.45,2026-09-01 11:00:00,delivered,2026-09-01 19:00:00
OL-000200040,ORD-00066680,CUST-002250,PROD-0625,9,2398.38,2026-09-01 12:00:00,delivered,2026-09-01 12:00:00
OL-000200041,ORD-00066680,CUST-002356,PROD-0073,7,2544.42,2026-09-01 13:00:00,shipped,2026-09-01 13:00:00
OL-000200042,ORD-00066680,CUST-000102,PROD-0662,3,2957.81,2026-09-01 14:00:00,shipped,2026-09-01 14:00:00
OL-000200043,ORD-00066681,CUST-003660,PROD-0669,2,4352.58,2026-09-01 15:00:00,shipped,2026-09-01 15:00:00
OL-000200044,ORD-00066681,CUST-002991,PROD-0830,4,2978.03,2026-09-01 16:00:00,delivered,2026-09-01 16:00:00
OL-000200045,ORD-00066681,CUST-001893,PROD-0430,5,915.0,2026-09-01 17:00:00,shipped,2026-09-01 17:00:00
OL-000200046,ORD-00066682,CUST-002843,PROD-0274,6,2265.43,2026-09-01 18:00:00,delivered,2026-09-01 18:00:00
OL-000200047,ORD-00066682,CUST-001468,PROD-0341,2,3884.36,2026-09-01 19:00:00,delivered,2026-09-01 19:00:00
OL-000200048,ORD-00066682,CUST-001833,PROD-0335,7,3387.82,2026-09-01 08:00:00,delivered,2026-09-01 12:00:00
OL-000200049,ORD-00066683,CUST-001897,PROD-0187,4,1227.43,2026-09-01 09:00:00,delivered,2026-09-01 13:00:00
OL-000200050,ORD-00066683,CUST-002431,PROD-0301,7,1242.78,2026-09-01 10:00:00,delivered,2026-09-01 14:00:00
OL-000200051,ORD-00066683,CUST-001241,PROD-0134,1,4558.66,2026-09-01 11:00:00,delivered,2026-09-01 15:00:00
OL-000200052,ORD-00066684,CUST-002817,PROD-0658,4,775.74,2026-09-01 12:00:00,delivered,2026-09-01 16:00:00
OL-000200053,ORD-00066684,CUST-002048,PROD-0398,4,1341.22,2026-09-01 13:00:00,delivered,2026-09-01 17:00:00
OL-000200054,ORD-00066684,CUST-003413,PROD-0109,3,4766.85,2026-09-01 14:00:00,delivered,2026-09-01 18:00:00
OL-000200055,ORD-00066685,CUST-000424,PROD-0854,9,1817.13,2026-09-01 15:00:00,delivered,2026-09-01 19:00:00
OL-000200056,ORD-00066685,CUST-001044,PROD-0098,9,3664.55,2026-09-01 16:00:00,shipped,2026-09-01 12:00:00
OL-000200057,ORD-00066685,CUST-001541,PROD-0590,9,1959.88,2026-09-01 17:00:00,delivered,2026-09-01 13:00:00
OL-000200058,ORD-00066686,CUST-002223,PROD-0664,8,2749.54,2026-09-01 18:00:00,delivered,2026-09-01 14:00:00
OL-000200059,ORD-00066686,CUST-001994,PROD-0494,1,3280.67,2026-09-01 19:00:00,delivered,2026-09-01 15:00:00
OL-000200060,ORD-00066686,CUST-002962,PROD-0211,5,623.81,2026-09-01 08:00:00,delivered,2026-09-01 16:00:00
OL-000200061,ORD-00066687,CUST-002228,PROD-0437,2,3306.21,2026-09-01 09:00:00,delivered,2026-09-01 17:00:00
OL-000200062,ORD-00066687,CUST-000338,PROD-0272,3,1798.76,2026-09-01 10:00:00,delivered,2026-09-01 18:00:00
OL-000200063,ORD-00066687,CUST-002279,PROD-0856,1,534.54,2026-09-01 11:00:00,delivered,2026-09-01 19:00:00
OL-000200064,ORD-00066688,CUST-000840,PROD-0333,1,3062.05,2026-09-01 12:00:00,delivered,2026-09-01 12:00:00
OL-000200065,ORD-00066688,CUST-000047,PROD-0650,7,2295.45,2026-09-01 13:00:00,delivered,2026-09-01 13:00:00
OL-000200066,ORD-00066688,CUST-003803,PROD-0206,4,4305.23,2026-09-01 14:00:00,delivered,2026-09-01 14:00:00
OL-000200067,ORD-00066689,CUST-001627,PROD-0041,4,319.34,2026-09-01 15:00:00,delivered,2026-09-01 15:00:00
OL-000200068,ORD-00066689,CUST-000296,PROD-0631,2,1543.48,2026-09-01 16:00:00,delivered,2026-09-01 16:00:00
OL-000200069,ORD-00066689,CUST-001630,PROD-0623,4,1332.56,2026-09-01 17:00:00,shipped,2026-09-01 17:00:00
OL-000200070,ORD-00066690,CUST-001316,PROD-0504,3,3045.81,2026-09-01 18:00:00,delivered,2026-09-01 18:00:00
OL-000200071,ORD-00066690,CUST-002891,PROD-0871,7,4551.83,2026-09-01 19:00:00,delivered,2026-09-01 19:00:00
OL-000200072,ORD-00066690,CUST-002420,PROD-0756,6,2270.54,2026-09-01 08:00:00,shipped,2026-09-01 12:00:00
OL-000200073,ORD-00066691,CUST-003731,PROD-0497,7,3097.81,2026-09-01 09:00:00,delivered,2026-09-01 13:00:00
OL-000200074,ORD-00066691,CUST-000634,PROD-0451,9,3931.7,2026-09-01 10:00:00,placed,2026-09-01 14:00:00
OL-000200075,ORD-00066691,CUST-000461,PROD-0078,3,3714.54,2026-09-01 11:00:00,delivered,2026-09-01 15:00:00
OL-000200076,ORD-00066692,CUST-000082,PROD-0645,8,611.06,2026-09-01 12:00:00,delivered,2026-09-01 16:00:00
OL-000200077,ORD-00066692,CUST-001616,PROD-0237,9,3927.15,2026-09-01 13:00:00,delivered,2026-09-01 17:00:00
OL-000200078,ORD-00066692,CUST-001500,PROD-0105,1,1251.65,2026-09-01 14:00:00,delivered,2026-09-01 18:00:00
OL-000200079,ORD-00066693,CUST-002143,PROD-0614,3,170.9,2026-09-01 15:00:00,placed,2026-09-01 19:00:00
OL-000200080,ORD-00066693,CUST-000156,PROD-0697,2,4188.61,2026-09-01 16:00:00,placed,2026-09-01 12:00:00
OL-000200081,ORD-00066693,CUST-003787,PROD-0441,2,2731.67,2026-09-01 17:00:00,delivered,2026-09-01 13:00:00
OL-000200082,ORD-00066694,CUST-003627,PROD-0593,1,1791.98,2026-09-01 18:00:00,delivered,2026-09-01 14:00:00
OL-000200083,ORD-00066694,CUST-002225,PROD-0024,5,3238.71,2026-09-01 19:00:00,delivered,2026-09-01 15:00:00
OL-000200084,ORD-00066694,CUST-000043,PROD-0061,2,254.36,2026-09-01 08:00:00,placed,2026-09-01 16:00:00
OL-000200085,ORD-00066695,CUST-003872,PROD-0552,5,1302.64,2026-09-01 09:00:00,shipped,2026-09-01 17:00:00
OL-000200086,ORD-00066695,CUST-000133,PROD-0128,6,2228.65,2026-09-01 10:00:00,delivered,2026-09-01 18:00:00
OL-000200087,ORD-00066695,CUST-001111,PROD-0773,7,1536.51,2026-09-01 11:00:00,delivered,2026-09-01 19:00:00
OL-000200088,ORD-00066696,CUST-003031,PROD-0222,6,325.78,2026-09-01 12:00:00,delivered,2026-09-01 12:00:00
OL-000200089,ORD-00066696,CUST-002335,PROD-0460,7,1667.24,2026-09-01 13:00:00,shipped,2026-09-01 13:00:00
OL-000200090,ORD-00066696,CUST-002062,PROD-0192,2,2440.19,2026-09-01 14:00:00,delivered,2026-09-01 14:00:00
OL-000200091,ORD-00066697,CUST-001962,PROD-0178,8,2106.9,2026-09-01 15:00:00,shipped,2026-09-01 15:00:00
OL-000200092,ORD-00066697,CUST-002564,PROD-0417,5,1329.68,2026-09-01 16:00:00,shipped,2026-09-01 16:00:00
OL-000200093,ORD-00066697,CUST-000444,PROD-0816,6,1619.36,2026-09-01 17:00:00,delivered,2026-09-01 17:00:00
OL-000200094,ORD-00066698,CUST-001793,PROD-0772,9,2512.12,2026-09-01 18:00:00,delivered,2026-09-01 18:00:00
OL-000200095,ORD-00066698,CUST-003183,PROD-0851,8,3547.64,2026-09-01 19:00:00,delivered,2026-09-01 19:00:00
OL-000200096,ORD-00066698,CUST-003517,PROD-0037,7,3774.89,2026-09-01 08:00:00,placed,2026-09-01 12:00:00
OL-000200097,ORD-00066699,CUST-000780,PROD-0764,1,910.76,2026-09-01 09:00:00,delivered,2026-09-01 13:00:00
OL-000200098,ORD-00066699,CUST-002454,PROD-0525,6,845.97,2026-09-01 10:00:00,delivered,2026-09-01 14:00:00
OL-000200099,ORD-00066699,CUST-001108,PROD-0649,7,2831.32,2026-09-01 11:00:00,shipped,2026-09-01 15:00:00
OL-000200100,ORD-00066700,CUST-002968,PROD-0727,6,1539.25,2026-09-01 12:00:00,placed,2026-09-01 16:00:00
OL-000200101,ORD-00066700,CUST-000249,PROD-0315,9,4208.74,2026-09-01 13:00:00,delivered,2026-09-01 17:00:00
OL-000200102,ORD-00066700,CUST-000492,PROD-0464,3,4289.92,2026-09-01 14:00:00,cancelled,2026-09-01 18:00:00
OL-000200103,ORD-00066701,CUST-002681,PROD-0236,6,1317.12,2026-09-01 15:00:00,placed,2026-09-01 19:00:00
OL-000200104,ORD-00066701,CUST-000706,PROD-0588,2,1365.68,2026-09-01 16:00:00,delivered,2026-09-01 12:00:00
OL-000200105,ORD-00066701,CUST-003825,PROD-0171,9,4168.09,2026-09-01 17:00:00,placed,2026-09-01 13:00:00
OL-000200106,ORD-00066702,CUST-002867,PROD-0612,5,2667.09,2026-09-01 18:00:00,shipped,2026-09-01 14:00:00
OL-000200107,ORD-00066702,CUST-000283,PROD-0381,6,3646.99,2026-09-01 19:00:00,delivered,2026-09-01 15:00:00
OL-000200108,ORD-00066702,CUST-002744,PROD-0493,6,3960.11,2026-09-01 08:00:00,delivered,2026-09-01 16:00:00
OL-000200109,ORD-00066703,CUST-001990,PROD-0426,2,840.85,2026-09-01 09:00:00,shipped,2026-09-01 17:00:00
OL-000200110,ORD-00066703,CUST-000616,PROD-0642,5,406.4,2026-09-01 10:00:00,cancelled,2026-09-01 18:00:00
OL-000200111,ORD-00066703,CUST-003831,PROD-0715,6,1595.51,2026-09-01 11:00:00,delivered,2026-09-01 19:00:00
OL-000200112,ORD-00066704,CUST-003677,PROD-0188,3,3955.94,2026-09-01 12:00:00,delivered,2026-09-01 12:00:00
OL-000200113,ORD-00066704,CUST-002240,PROD-0848,6,552.34,2026-09-01 13:00:00,delivered,2026-09-01 13:00:00
OL-000200114,ORD-00066704,CUST-003773,PROD-0304,1,1904.9,2026-09-01 14:00:00,delivered,2026-09-01 14:00:00
OL-000200115,ORD-00066705,CUST-002257,PROD-0602,4,1050.13,2026-09-01 15:00:00,delivered,2026-09-01 15:00:00
OL-000200116,ORD-00066705,CUST-000978,PROD-0327,6,1191.11,2026-09-01 16:00:00,shipped,2026-09-01 16:00:00
OL-000200117,ORD-00066705,CUST-003833,PROD-0117,2,1464.71,2026-09-01 17:00:00,delivered,2026-09-01 17:00:00
OL-000200118,ORD-00066706,CUST-000167,PROD-0032,6,700.68,2026-09-01 18:00:00,shipped,2026-09-01 18:00:00
OL-000200119,ORD-00066706,CUST-000042,PROD-0400,6,1107.65,2026-09-01 19:00:00,delivered,2026-09-01 19:00:00
OL-000200120,ORD-00066706,CUST-001298,PROD-0875,1,3586.22,2026-09-01 08:00:00,placed,2026-09-01 12:00:00
OL-000200121,ORD-00066707,CUST-000510,PROD-0244,8,1988.07,2026-09-01 09:00:00,delivered,2026-09-01 13:00:00
OL-000200122,ORD-00066707,CUST-002996,PROD-0782,1,4459.51,2026-09-01 10:00:00,delivered,2026-09-01 14:00:00
OL-000200123,ORD-00066707,CUST-002153,PROD-0255,6,503.8,2026-09-01 11:00:00,shipped,2026-09-01 15:00:00
OL-000200124,ORD-00066708,CUST-001856,PROD-0099,5,3901.26,2026-09-01 12:00:00,delivered,2026-09-01 16:00:00
OL-000200125,ORD-00066708,CUST-003223,PROD-0764,6,3482.08,2026-09-01 13:00:00,delivered,2026-09-01 17:00:00
OL-000200126,ORD-00066708,CUST-002764,PROD-0660,7,4049.36,2026-09-01 14:00:00,delivered,2026-09-01 18:00:00
OL-000200127,ORD-00066709,CUST-003911,PROD-0095,6,3197.71,2026-09-01 15:00:00,delivered,2026-09-01 19:00:00
OL-000200128,ORD-00066709,CUST-003722,PROD-0361,5,1248.7,2026-09-01 16:00:00,delivered,2026-09-01 12:00:00
OL-000200129,ORD-00066709,CUST-000361,PROD-0775,8,2780.49,2026-09-01 17:00:00,delivered,2026-09-01 13:00:00
OL-000200130,ORD-00066710,CUST-001572,PROD-0301,1,1092.05,2026-09-01 18:00:00,shipped,2026-09-01 14:00:00
OL-000200131,ORD-00066710,CUST-003280,PROD-0168,8,3870.95,2026-09-01 19:00:00,delivered,2026-09-01 15:00:00
OL-000200132,ORD-00066710,CUST-003668,PROD-0360,9,3698.87,2026-09-01 08:00:00,delivered,2026-09-01 16:00:00
OL-000200133,ORD-00066711,CUST-000990,PROD-0669,3,241.28,2026-09-01 09:00:00,placed,2026-09-01 17:00:00
OL-000200134,ORD-00066711,CUST-000699,PROD-0491,6,2013.35,2026-09-01 10:00:00,delivered,2026-09-01 18:00:00
OL-000200135,ORD-00066711,CUST-000481,PROD-0466,8,2676.29,2026-09-01 11:00:00,delivered,2026-09-01 19:00:00
OL-000200136,ORD-00066712,CUST-003629,PROD-0727,1,2054.27,2026-09-01 12:00:00,delivered,2026-09-01 12:00:00
OL-000200137,ORD-00066712,CUST-002992,PROD-0456,9,3638.72,2026-09-01 13:00:00,shipped,2026-09-01 13:00:00
OL-000200138,ORD-00066712,CUST-003580,PROD-0393,6,1181.9,2026-09-01 14:00:00,delivered,2026-09-01 14:00:00
OL-000200139,ORD-00066713,CUST-002174,PROD-0869,6,3514.38,2026-09-01 15:00:00,delivered,2026-09-01 15:00:00
OL-000200140,ORD-00066713,CUST-003634,PROD-0293,2,1700.79,2026-09-01 16:00:00,delivered,2026-09-01 16:00:00
OL-000200141,ORD-00066713,CUST-001526,PROD-0549,6,3112.83,2026-09-01 17:00:00,delivered,2026-09-01 17:00:00
OL-000200142,ORD-00066714,CUST-003417,PROD-0015,8,2490.63,2026-09-01 18:00:00,cancelled,2026-09-01 18:00:00
OL-000200143,ORD-00066714,CUST-002260,PROD-0447,3,3308.7,2026-09-01 19:00:00,placed,2026-09-01 19:00:00
OL-000200144,ORD-00066714,CUST-002803,PROD-0167,5,4413.68,2026-09-01 08:00:00,delivered,2026-09-01 12:00:00
OL-000200145,ORD-00066715,CUST-001626,PROD-0467,7,4270.0,2026-09-01 09:00:00,delivered,2026-09-01 13:00:00
OL-000200146,ORD-00066715,CUST-002539,PROD-0451,3,824.37,2026-09-01 10:00:00,delivered,2026-09-01 14:00:00
OL-000200147,ORD-00066715,CUST-002287,PROD-0266,2,943.54,2026-09-01 11:00:00,cancelled,2026-09-01 15:00:00
OL-000200148,ORD-00066716,CUST-003752,PROD-0317,2,943.12,2026-09-01 12:00:00,shipped,2026-09-01 16:00:00
OL-000200149,ORD-00066716,CUST-000052,PROD-0465,8,1569.3,2026-09-01 13:00:00,delivered,2026-09-01 17:00:00
OL-000200150,ORD-00066716,CUST-000512,PROD-0002,6,458.02,2026-09-01 14:00:00,delivered,2026-09-01 18:00:00
OL-000200151,ORD-00066717,CUST-002831,PROD-0600,2,4616.87,2026-09-01 15:00:00,shipped,2026-09-01 19:00:00
OL-000200152,ORD-00066717,CUST-001143,PROD-0757,1,3225.67,2026-09-01 16:00:00,delivered,2026-09-01 12:00:00
OL-000200153,ORD-00066717,CUST-000501,PROD-0222,4,4343.31,2026-09-01 17:00:00,delivered,2026-09-01 13:00:00
OL-000200154,ORD-00066718,CUST-001082,PROD-0848,8,1035.42,2026-09-01 18:00:00,delivered,2026-09-01 14:00:00
OL-000200155,ORD-00066718,CUST-002878,PROD-0023,5,493.47,2026-09-01 19:00:00,shipped,2026-09-01 15:00:00
OL-000200156,ORD-00066718,CUST-000873,PROD-0283,6,4791.55,2026-09-01 08:00:00,delivered,2026-09-01 16:00:00
OL-000200157,ORD-00066719,CUST-002491,PROD-0426,7,3518.74,2026-09-01 09:00:00,placed,2026-09-01 17:00:00
OL-000200158,ORD-00066719,CUST-001079,PROD-0440,5,4555.84,2026-09-01 10:00:00,shipped,2026-09-01 18:00:00
OL-000200159,ORD-00066719,CUST-001697,PROD-0324,2,410.66,2026-09-01 11:00:00,shipped,2026-09-01 19:00:00
OL-000200160,ORD-00066720,CUST-003416,PROD-0124,4,2012.37,2026-09-01 12:00:00,delivered,2026-09-01 12:00:00
OL-000200161,ORD-00066720,CUST-000718,PROD-0026,6,1942.44,2026-09-01 13:00:00,shipped,2026-09-01 13:00:00
OL-000200162,ORD-00066720,CUST-003033,PROD-0049,2,1890.85,2026-09-01 14:00:00,delivered,2026-09-01 14:00:00
OL-000200163,ORD-00066721,CUST-002982,PROD-0806,8,3554.97,2026-09-01 15:00:00,delivered,2026-09-01 15:00:00
OL-000200164,ORD-00066721,CUST-000944,PROD-0319,3,3566.01,2026-09-01 16:00:00,shipped,2026-09-01 16:00:00
OL-000200165,ORD-00066721,CUST-001556,PROD-0795,1,327.89,2026-09-01 17:00:00,delivered,2026-09-01 17:00:00
OL-000200166,ORD-00066722,CUST-001124,PROD-0666,3,4583.01,2026-09-01 18:00:00,cancelled,2026-09-01 18:00:00
OL-000200167,ORD-00066722,CUST-001120,PROD-0482,8,338.74,2026-09-01 19:00:00,shipped,2026-09-01 19:00:00
OL-000200168,ORD-00066722,CUST-002739,PROD-0217,6,1006.31,2026-09-01 08:00:00,delivered,2026-09-01 12:00:00
OL-000200169,ORD-00066723,CUST-000656,PROD-0514,6,2689.92,2026-09-01 09:00:00,delivered,2026-09-01 13:00:00
OL-000200170,ORD-00066723,CUST-002060,PROD-0112,9,1439.23,2026-09-01 10:00:00,delivered,2026-09-01 14:00:00
OL-000200171,ORD-00066723,CUST-000291,PROD-0768,8,1535.53,2026-09-01 11:00:00,shipped,2026-09-01 15:00:00
OL-000200172,ORD-00066724,CUST-003640,PROD-0361,3,4745.34,2026-09-01 12:00:00,delivered,2026-09-01 16:00:00
OL-000200173,ORD-00066724,CUST-000126,PROD-0738,7,663.26,2026-09-01 13:00:00,delivered,2026-09-01 17:00:00
OL-000200174,ORD-00066724,CUST-001061,PROD-0513,3,2421.01,2026-09-01 14:00:00,delivered,2026-09-01 18:00:00
OL-000200175,ORD-00066725,CUST-001571,PROD-0442,6,3638.16,2026-09-01 15:00:00,delivered,2026-09-01 19:00:00
OL-000200176,ORD-00066725,CUST-001993,PROD-0860,5,278.07,2026-09-01 16:00:00,delivered,2026-09-01 12:00:00
OL-000200177,ORD-00066725,CUST-001715,PROD-0590,1,2847.23,2026-09-01 17:00:00,delivered,2026-09-01 13:00:00
OL-000200178,ORD-00066726,CUST-000707,PROD-0309,1,585.27,2026-09-01 18:00:00,delivered,2026-09-01 14:00:00
OL-000200179,ORD-00066726,CUST-000902,PROD-0220,6,3059.26,2026-09-01 19:00:00,placed,2026-09-01 15:00:00
OL-000200180,ORD-00066726,CUST-000333,PROD-0698,6,1604.25,2026-09-01 08:00:00,delivered,2026-09-01 16:00:00
OL-000200181,ORD-00066727,CUST-003677,PROD-0161,2,3445.76,2026-09-01 09:00:00,delivered,2026-09-01 17:00:00
OL-000200182,ORD-00066727,CUST-003946,PROD-0538,7,887.73,2026-09-01 10:00:00,delivered,2026-09-01 18:00:00
OL-000200183,ORD-00066727,CUST-000193,PROD-0014,6,4043.97,2026-09-01 11:00:00,placed,2026-09-01 19:00:00
OL-000200184,ORD-00066728,CUST-000340,PROD-0770,6,2771.26,2026-09-01 12:00:00,placed,2026-09-01 12:00:00
OL-000200185,ORD-00066728,CUST-002929,PROD-0531,5,2936.26,2026-09-01 13:00:00,delivered,2026-09-01 13:00:00
OL-000200186,ORD-00066728,CUST-002849,PROD-0105,3,3049.35,2026-09-01 14:00:00,delivered,2026-09-01 14:00:00
OL-000200187,ORD-00066729,CUST-000804,PROD-0848,9,2116.33,2026-09-01 15:00:00,shipped,2026-09-01 15:00:00
OL-000200188,ORD-00066729,CUST-001119,PROD-0526,6,3333.32,2026-09-01 16:00:00,placed,2026-09-01 16:00:00
OL-000200189,ORD-00066729,CUST-000029,PROD-0018,7,1896.25,2026-09-01 17:00:00,delivered,2026-09-01 17:00:00
OL-000200190,ORD-00066730,CUST-000504,PROD-0603,2,2175.4,2026-09-01 18:00:00,placed,2026-09-01 18:00:00
OL-000200191,ORD-00066730,CUST-000370,PROD-0636,1,2266.01,2026-09-01 19:00:00,shipped,2026-09-01 19:00:00
OL-000200192,ORD-00066730,CUST-002242,PROD-0485,2,246.57,2026-09-01 08:00:00,shipped,2026-09-01 12:00:00
OL-000200193,ORD-00066731,CUST-001242,PROD-0531,5,3144.04,2026-09-01 09:00:00,delivered,2026-09-01 13:00:00
OL-000200194,ORD-00066731,CUST-003295,PROD-0254,4,521.69,2026-09-01 10:00:00,delivered,2026-09-01 14:00:00
OL-000200195,ORD-00066731,CUST-003417,PROD-0549,9,1371.66,2026-09-01 11:00:00,delivered,2026-09-01 15:00:00
OL-000200196,ORD-00066732,CUST-001544,PROD-0098,9,1229.87,2026-09-01 12:00:00,cancelled,2026-09-01 16:00:00
OL-000200197,ORD-00066732,CUST-003996,PROD-0608,6,1412.11,2026-09-01 13:00:00,shipped,2026-09-01 17:00:00
OL-000200198,ORD-00066732,CUST-001647,PROD-0717,5,4402.56,2026-09-01 14:00:00,delivered,2026-09-01 18:00:00
OL-000200199,ORD-00066733,CUST-000444,PROD-0132,5,1514.76,2026-09-01 15:00:00,delivered,2026-09-01 19:00:00
OL-000200200,ORD-00066733,CUST-001871,PROD-0308,6,331.02,2026-09-01 16:00:00,cancelled,2026-09-01 12:00:00
OL-000200201,ORD-00066733,CUST-002401,PROD-0863,1,2246.4,2026-09-01 17:00:00,placed,2026-09-01 13:00:00
OL-000200202,ORD-00066734,CUST-000140,PROD-0339,9,2223.73,2026-09-01 18:00:00,delivered,2026-09-01 14:00:00
OL-000200203,ORD-00066734,CUST-001742,PROD-0161,6,1002.07,2026-09-01 19:00:00,delivered,2026-09-01 15:00:00
OL-000200204,ORD-00066734,CUST-001416,PROD-0704,9,303.42,2026-09-01 08:00:00,shipped,2026-09-01 16:00:00
OL-000200205,ORD-00066735,CUST-002394,PROD-0133,1,4460.02,2026-09-01 09:00:00,placed,2026-09-01 17:00:00
OL-000200206,ORD-00066735,CUST-003360,PROD-0673,7,1689.92,2026-09-01 10:00:00,placed,2026-09-01 18:00:00
OL-000200207,ORD-00066735,CUST-000009,PROD-0859,2,4263.81,2026-09-01 11:00:00,shipped,2026-09-01 19:00:00
OL-000200208,ORD-00066736,CUST-002872,PROD-0572,1,406.93,2026-09-01 12:00:00,delivered,2026-09-01 12:00:00
OL-000200209,ORD-00066736,CUST-001720,PROD-0197,8,122.43,2026-09-01 13:00:00,placed,2026-09-01 13:00:00
OL-000200210,ORD-00066736,CUST-003119,PROD-0081,2,1309.57,2026-09-01 14:00:00,delivered,2026-09-01 14:00:00
OL-000200211,ORD-00066737,CUST-002128,PROD-0063,1,2179.65,2026-09-01 15:00:00,shipped,2026-09-01 15:00:00
OL-000200212,ORD-00066737,CUST-001765,PROD-0861,2,1493.36,2026-09-01 16:00:00,delivered,2026-09-01 16:00:00
OL-000200213,ORD-00066737,CUST-003137,PROD-0152,6,1741.34,2026-09-01 17:00:00,delivered,2026-09-01 17:00:00
OL-000200214,ORD-00066738,CUST-001392,PROD-0470,8,2828.55,2026-09-01 18:00:00,placed,2026-09-01 18:00:00
OL-000200215,ORD-00066738,CUST-003007,PROD-0747,5,729.7,2026-09-01 19:00:00,shipped,2026-09-01 19:00:00
OL-000200216,ORD-00066738,CUST-000984,PROD-0242,5,277.64,2026-09-01 08:00:00,delivered,2026-09-01 12:00:00
OL-000200217,ORD-00066739,CUST-000670,PROD-0387,9,798.16,2026-09-01 09:00:00,delivered,2026-09-01 13:00:00
OL-000200218,ORD-00066739,CUST-003921,PROD-0816,9,1615.12,2026-09-01 10:00:00,delivered,2026-09-01 14:00:00
OL-000200219,ORD-00066739,CUST-002720,PROD-0715,2,612.81,2026-09-01 11:00:00,delivered,2026-09-01 15:00:00
OL-000200220,ORD-00066740,CUST-003025,PROD-0754,3,1345.59,2026-09-01 12:00:00,delivered,2026-09-01 16:00:00
OL-000200221,ORD-00066740,CUST-001531,PROD-0677,1,1307.27,2026-09-01 13:00:00,placed,2026-09-01 17:00:00
OL-000200222,ORD-00066740,CUST-000552,PROD-0355,8,2075.76,2026-09-01 14:00:00,delivered,2026-09-01 18:00:00
OL-000200223,ORD-00066741,CUST-001801,PROD-0807,4,3225.19,2026-09-01 15:00:00,delivered,2026-09-01 19:00:00
OL-000200224,ORD-00066741,CUST-002137,PROD-0532,9,3025.87,2026-09-01 16:00:00,delivered,2026-09-01 12:00:00
OL-000200225,ORD-00066741,CUST-000316,PROD-0268,5,2382.42,2026-09-01 17:00:00,delivered,2026-09-01 13:00:00
OL-000200226,ORD-00066742,CUST-003656,PROD-0003,9,2364.21,2026-09-01 18:00:00,placed,2026-09-01 14:00:00
OL-000200227,ORD-00066742,CUST-000461,PROD-0237,5,1664.18,2026-09-01 19:00:00,placed,2026-09-01 15:00:00
OL-000200228,ORD-00066742,CUST-001133,PROD-0846,8,578.57,2026-09-01 08:00:00,delivered,2026-09-01 16:00:00
OL-000200229,ORD-00066743,CUST-002787,PROD-0256,5,3607.93,2026-09-01 09:00:00,delivered,2026-09-01 17:00:00
OL-000200230,ORD-00066743,CUST-002031,PROD-0323,8,1823.18,2026-09-01 10:00:00,delivered,2026-09-01 18:00:00
OL-000200231,ORD-00066743,CUST-000331,PROD-0497,8,3991.04,2026-09-01 11:00:00,delivered,2026-09-01 19:00:00
OL-000200232,ORD-00066744,CUST-001458,PROD-0234,7,1555.57,2026-09-01 12:00:00,shipped,2026-09-01 12:00:00
OL-000200233,ORD-00066744,CUST-000361,PROD-0146,2,4486.94,2026-09-01 13:00:00,delivered,2026-09-01 13:00:00
OL-000200234,ORD-00066744,CUST-003598,PROD-0752,8,4304.9,2026-09-01 14:00:00,delivered,2026-09-01 14:00:00
OL-000200235,ORD-00066745,CUST-002843,PROD-0272,2,2433.31,2026-09-01 15:00:00,delivered,2026-09-01 15:00:00
OL-000200236,ORD-00066745,CUST-000576,PROD-0312,3,3695.72,2026-09-01 16:00:00,shipped,2026-09-01 16:00:00
OL-000200237,ORD-00066745,CUST-001096,PROD-0340,6,3671.3,2026-09-01 17:00:00,delivered,2026-09-01 17:00:00
OL-000200238,ORD-00066746,CUST-002789,PROD-0576,9,1057.73,2026-09-01 18:00:00,shipped,2026-09-01 18:00:00
OL-000200239,ORD-00066746,CUST-003049,PROD-0419,3,3237.89,2026-09-01 19:00:00,delivered,2026-09-01 19:00:00
OL-000200240,ORD-00066746,CUST-003649,PROD-0021,1,269.89,2026-09-01 08:00:00,shipped,2026-09-01 12:00:00
OL-000200241,ORD-00066747,CUST-003284,PROD-0204,8,4707.17,2026-09-01 09:00:00,delivered,2026-09-01 13:00:00
OL-000200242,ORD-00066747,CUST-003714,PROD-0434,2,3454.61,2026-09-01 10:00:00,delivered,2026-09-01 14:00:00
OL-000200243,ORD-00066747,CUST-003486,PROD-0627,8,3032.72,2026-09-01 11:00:00,delivered,2026-09-01 15:00:00
OL-000200244,ORD-00066748,CUST-003812,PROD-0573,3,3794.37,2026-09-01 12:00:00,delivered,2026-09-01 16:00:00
OL-000200245,ORD-00066748,CUST-001951,PROD-0600,3,1611.99,2026-09-01 13:00:00,delivered,2026-09-01 17:00:00
OL-000200246,ORD-00066748,CUST-003413,PROD-0466,9,304.38,2026-09-01 14:00:00,delivered,2026-09-01 18:00:00
OL-000200247,ORD-00066749,CUST-002110,PROD-0471,9,3397.14,2026-09-01 15:00:00,cancelled,2026-09-01 19:00:00
OL-000200248,ORD-00066749,CUST-001305,PROD-0811,7,2608.71,2026-09-01 16:00:00,delivered,2026-09-01 12:00:00
OL-000200249,ORD-00066749,CUST-003883,PROD-0005,7,4274.58,2026-09-01 17:00:00,delivered,2026-09-01 13:00:00
OL-000200250,ORD-00066750,CUST-003211,PROD-0877,2,2203.88,2026-09-01 18:00:00,delivered,2026-09-01 14:00:00
OL-000200251,ORD-00066750,CUST-001461,PROD-0259,7,3666.24,2026-09-01 19:00:00,shipped,2026-09-01 15:00:00
OL-000200252,ORD-00066750,CUST-002964,PROD-0371,1,2045.97,2026-09-01 08:00:00,delivered,2026-09-01 16:00:00
OL-000200253,ORD-00066751,CUST-001005,PROD-0290,3,972.65,2026-09-01 09:00:00,delivered,2026-09-01 17:00:00
OL-000200254,ORD-00066751,CUST-003070,PROD-0651,5,2224.31,2026-09-01 10:00:00,delivered,2026-09-01 18:00:00
OL-000200255,ORD-00066751,CUST-002427,PROD-0399,5,4081.19,2026-09-01 11:00:00,delivered,2026-09-01 19:00:00
OL-000200256,ORD-00066752,CUST-000501,PROD-0179,1,1265.73,2026-09-01 12:00:00,delivered,2026-09-01 12:00:00
OL-000200257,ORD-00066752,CUST-000225,PROD-0212,8,1077.85,2026-09-01 13:00:00,cancelled,2026-09-01 13:00:00
OL-000200258,ORD-00066752,CUST-003405,PROD-0864,2,3088.82,2026-09-01 14:00:00,delivered,2026-09-01 14:00:00
OL-000200259,ORD-00066753,CUST-000692,PROD-0222,9,1392.48,2026-09-01 15:00:00,delivered,2026-09-01 15:00:00
OL-000200260,ORD-00066753,CUST-002284,PROD-0284,3,2436.06,2026-09-01 16:00:00,delivered,2026-09-01 16:00:00
OL-000200261,ORD-00066753,CUST-001897,PROD-0687,9,2957.48,2026-09-01 17:00:00,placed,2026-09-01 17:00:00
OL-000200262,ORD-00066754,CUST-001289,PROD-0749,9,3215.66,2026-09-01 18:00:00,delivered,2026-09-01 18:00:00
OL-000200263,ORD-00066754,CUST-000580,PROD-0372,6,501.07,2026-09-01 19:00:00,placed,2026-09-01 19:00:00
OL-000200264,ORD-00066754,CUST-000841,PROD-0538,5,3501.35,2026-09-01 08:00:00,delivered,2026-09-01 12:00:00
OL-000200265,ORD-00066755,CUST-001547,PROD-0605,9,1453.48,2026-09-01 09:00:00,delivered,2026-09-01 13:00:00
OL-000200266,ORD-00066755,CUST-000191,PROD-0199,4,3120.87,2026-09-01 10:00:00,delivered,2026-09-01 14:00:00
OL-000200267,ORD-00066755,CUST-000310,PROD-0681,6,2821.51,2026-09-01 11:00:00,delivered,2026-09-01 15:00:00
OL-000200268,ORD-00066756,CUST-001879,PROD-0699,3,1519.12,2026-09-01 12:00:00,delivered,2026-09-01 16:00:00
OL-000200269,ORD-00066756,CUST-001567,PROD-0327,1,4245.9,2026-09-01 13:00:00,delivered,2026-09-01 17:00:00
OL-000200270,ORD-00066756,CUST-001539,PROD-0870,1,4140.72,2026-09-01 14:00:00,delivered,2026-09-01 18:00:00
OL-000200271,ORD-00066757,CUST-002373,PROD-0574,4,3598.37,2026-09-01 15:00:00,shipped,2026-09-01 19:00:00
OL-000200272,ORD-00066757,CUST-000530,PROD-0143,8,995.34,2026-09-01 16:00:00,delivered,2026-09-01 12:00:00
OL-000200273,ORD-00066757,CUST-000232,PROD-0427,1,4015.62,2026-09-01 17:00:00,delivered,2026-09-01 13:00:00
OL-000200274,ORD-00066758,CUST-003980,PROD-0706,5,4214.64,2026-09-01 18:00:00,placed,2026-09-01 14:00:00
OL-000200275,ORD-00066758,CUST-003075,PROD-0323,4,2871.8,2026-09-01 19:00:00,delivered,2026-09-01 15:00:00
OL-000200276,ORD-00066758,CUST-000600,PROD-0556,6,3895.63,2026-09-01 08:00:00,shipped,2026-09-01 16:00:00
OL-000200277,ORD-00066759,CUST-002030,PROD-0206,1,3037.71,2026-09-01 09:00:00,delivered,2026-09-01 17:00:00
OL-000200278,ORD-00066759,CUST-001405,PROD-0538,8,769.42,2026-09-01 10:00:00,cancelled,2026-09-01 18:00:00
OL-000200279,ORD-00066759,CUST-003649,PROD-0648,5,3243.92,2026-09-01 11:00:00,delivered,2026-09-01 19:00:00
OL-000200280,ORD-00066760,CUST-002537,PROD-0054,3,656.95,2026-09-01 12:00:00,placed,2026-09-01 12:00:00
OL-000200281,ORD-00066760,CUST-000680,PROD-0772,7,4326.16,2026-09-01 13:00:00,delivered,2026-09-01 13:00:00
OL-000200282,ORD-00066760,CUST-000077,PROD-0101,1,913.04,2026-09-01 14:00:00,shipped,2026-09-01 14:00:00
OL-000200283,ORD-00066761,CUST-000918,PROD-0491,3,977.29,2026-09-01 15:00:00,delivered,2026-09-01 15:00:00
OL-000200284,ORD-00066761,CUST-002033,PROD-0756,8,1943.08,2026-09-01 16:00:00,delivered,2026-09-01 16:00:00
OL-000200285,ORD-00066761,CUST-000796,PROD-0433,2,2707.95,2026-09-01 17:00:00,delivered,2026-09-01 17:00:00
OL-000200286,ORD-00066762,CUST-000884,PROD-0741,3,192.38,2026-09-01 18:00:00,delivered,2026-09-01 18:00:00
OL-000200287,ORD-00066762,CUST-002419,PROD-0540,4,3111.99,2026-09-01 19:00:00,shipped,2026-09-01 19:00:00
OL-000200288,ORD-00066762,CUST-001089,PROD-0344,6,2075.54,2026-09-01 08:00:00,delivered,2026-09-01 12:00:00
OL-000200289,ORD-00066763,CUST-002424,PROD-0558,1,4788.84,2026-09-01 09:00:00,delivered,2026-09-01 13:00:00
OL-000200290,ORD-00066763,CUST-003710,PROD-0167,1,3249.6,2026-09-01 10:00:00,delivered,2026-09-01 14:00:00
OL-000200291,ORD-00066763,CUST-002536,PROD-0232,7,4587.38,2026-09-01 11:00:00,delivered,2026-09-01 15:00:00
OL-000200292,ORD-00066764,CUST-001674,PROD-0327,8,3609.25,2026-09-01 12:00:00,delivered,2026-09-01 16:00:00
OL-000200293,ORD-00066764,CUST-001932,PROD-0323,9,4653.27,2026-09-01 13:00:00,placed,2026-09-01 17:00:00
OL-000200294,ORD-00066764,CUST-002258,PROD-0841,7,4772.27,2026-09-01 14:00:00,delivered,2026-09-01 18:00:00
OL-000200295,ORD-00066765,CUST-002507,PROD-0444,5,4101.01,2026-09-01 15:00:00,cancelled,2026-09-01 19:00:00
OL-000200296,ORD-00066765,CUST-003943,PROD-0471,9,4519.8,2026-09-01 16:00:00,shipped,2026-09-01 12:00:00
OL-000200297,ORD-00066765,CUST-001222,PROD-0122,5,2309.42,2026-09-01 17:00:00,delivered,2026-09-01 13:00:00
OL-000200298,ORD-00066766,CUST-003857,PROD-0623,7,2370.49,2026-09-01 18:00:00,shipped,2026-09-01 14:00:00
OL-000200299,ORD-00066766,CUST-003462,PROD-0848,5,429.85,2026-09-01 19:00:00,placed,2026-09-01 15:00:00
OL-000200300,ORD-00066766,CUST-000666,PROD-0396,4,256.85,2026-09-01 08:00:00,delivered,2026-09-01 16:00:00
OL-000200301,ORD-00066767,CUST-001370,PROD-0836,6,3892.69,2026-09-01 09:00:00,delivered,2026-09-01 17:00:00
OL-000200302,ORD-00066767,CUST-001507,PROD-0802,4,4071.69,2026-09-01 10:00:00,delivered,2026-09-01 18:00:00
OL-000200303,ORD-00066767,CUST-002855,PROD-0271,2,1474.51,2026-09-01 11:00:00,delivered,2026-09-01 19:00:00
OL-000200304,ORD-00066768,CUST-001542,PROD-0798,5,1352.22,2026-09-01 12:00:00,delivered,2026-09-01 12:00:00
OL-000200305,ORD-00066768,CUST-000374,PROD-0256,5,1885.41,2026-09-01 13:00:00,cancelled,2026-09-01 13:00:00
OL-000200306,ORD-00066768,CUST-003257,PROD-0293,7,1392.29,2026-09-01 14:00:00,shipped,2026-09-01 14:00:00
OL-000200307,ORD-00066769,CUST-002802,PROD-0717,9,1500.22,2026-09-01 15:00:00,shipped,2026-09-01 15:00:00
OL-000200308,ORD-00066769,CUST-003495,PROD-0612,3,2361.93,2026-09-01 16:00:00,delivered,2026-09-01 16:00:00
OL-000200309,ORD-00066769,CUST-002395,PROD-0405,6,658.38,2026-09-01 17:00:00,delivered,2026-09-01 17:00:00
OL-000200310,ORD-00066770,CUST-001627,PROD-0355,2,2844.66,2026-09-01 18:00:00,delivered,2026-09-01 18:00:00
OL-000200311,ORD-00066770,CUST-001630,PROD-0227,8,2566.9,2026-09-01 19:00:00,delivered,2026-09-01 19:00:00
OL-000200312,ORD-00066770,CUST-000657,PROD-0893,9,2157.76,2026-09-01 08:00:00,placed,2026-09-01 12:00:00
OL-000200313,ORD-00066771,CUST-000599,PROD-0639,7,869.84,2026-09-01 09:00:00,delivered,2026-09-01 13:00:00
OL-000200314,ORD-00066771,CUST-003481,PROD-0367,8,4762.69,2026-09-01 10:00:00,delivered,2026-09-01 14:00:00
OL-000200315,ORD-00066771,CUST-001384,PROD-0295,6,3682.1,2026-09-01 11:00:00,delivered,2026-09-01 15:00:00
OL-000200316,ORD-00066772,CUST-000887,PROD-0116,2,2705.45,2026-09-01 12:00:00,delivered,2026-09-01 16:00:00
OL-000200317,ORD-00066772,CUST-002308,PROD-0285,2,1759.81,2026-09-01 13:00:00,shipped,2026-09-01 17:00:00
OL-000200318,ORD-00066772,CUST-001978,PROD-0047,7,2323.88,2026-09-01 14:00:00,shipped,2026-09-01 18:00:00
OL-000200319,ORD-00066773,CUST-001893,PROD-0228,8,4627.11,2026-09-01 15:00:00,delivered,2026-09-01 19:00:00
OL-000200320,ORD-00066773,CUST-002731,PROD-0827,2,540.0,2026-09-01 16:00:00,delivered,2026-09-01 12:00:00
OL-000200321,ORD-00066773,CUST-000288,PROD-0185,5,1530.52,2026-09-01 17:00:00,cancelled,2026-09-01 13:00:00
OL-000200322,ORD-00066774,CUST-001394,PROD-0442,2,4350.55,2026-09-01 18:00:00,cancelled,2026-09-01 14:00:00
OL-000200323,ORD-00066774,CUST-003784,PROD-0458,7,1301.42,2026-09-01 19:00:00,delivered,2026-09-01 15:00:00
OL-000200324,ORD-00066774,CUST-000504,PROD-0019,9,3077.34,2026-09-01 08:00:00,cancelled,2026-09-01 16:00:00
OL-000200325,ORD-00066775,CUST-002556,PROD-0338,6,4401.41,2026-09-01 09:00:00,placed,2026-09-01 17:00:00
OL-000200326,ORD-00066775,CUST-001291,PROD-0635,5,2424.68,2026-09-01 10:00:00,delivered,2026-09-01 18:00:00
OL-000200327,ORD-00066775,CUST-001254,PROD-0606,9,890.13,2026-09-01 11:00:00,delivered,2026-09-01 19:00:00
OL-000200328,ORD-00066776,CUST-003891,PROD-0580,3,1118.69,2026-09-01 12:00:00,delivered,2026-09-01 12:00:00
OL-000200329,ORD-00066776,CUST-003357,PROD-0729,5,3521.76,2026-09-01 13:00:00,delivered,2026-09-01 13:00:00
OL-000200330,ORD-00066776,CUST-002190,PROD-0390,6,4459.36,2026-09-01 14:00:00,placed,2026-09-01 14:00:00
OL-000200331,ORD-00066777,CUST-003897,PROD-0056,6,3706.98,2026-09-01 15:00:00,delivered,2026-09-01 15:00:00
OL-000200332,ORD-00066777,CUST-002863,PROD-0423,7,3236.27,2026-09-01 16:00:00,shipped,2026-09-01 16:00:00
OL-000200333,ORD-00066777,CUST-001126,PROD-0743,9,4513.99,2026-09-01 17:00:00,delivered,2026-09-01 17:00:00
OL-000200334,ORD-00066778,CUST-001350,PROD-0897,8,1472.38,2026-09-01 18:00:00,shipped,2026-09-01 18:00:00
OL-000200335,ORD-00066778,CUST-003602,PROD-0463,5,3379.27,2026-09-01 19:00:00,delivered,2026-09-01 19:00:00
OL-000200336,ORD-00066778,CUST-003162,PROD-0037,4,1840.31,2026-09-01 08:00:00,delivered,2026-09-01 12:00:00
OL-000200337,ORD-00066779,CUST-000755,PROD-0807,2,3143.33,2026-09-01 09:00:00,delivered,2026-09-01 13:00:00
OL-000200338,ORD-00066779,CUST-003753,PROD-0519,7,1829.59,2026-09-01 10:00:00,placed,2026-09-01 14:00:00
OL-000200339,ORD-00066779,CUST-001550,PROD-0577,9,1263.75,2026-09-01 11:00:00,delivered,2026-09-01 15:00:00
OL-000200340,ORD-00066780,CUST-003342,PROD-0557,8,204.95,2026-09-01 12:00:00,delivered,2026-09-01 16:00:00
OL-000200341,ORD-00066780,CUST-003701,PROD-0793,3,3519.54,2026-09-01 13:00:00,delivered,2026-09-01 17:00:00
OL-000200342,ORD-00066780,CUST-002537,PROD-0158,5,1770.46,2026-09-01 14:00:00,delivered,2026-09-01 18:00:00
OL-000200343,ORD-00066781,CUST-001035,PROD-0146,3,1669.27,2026-09-01 15:00:00,placed,2026-09-01 19:00:00
OL-000200344,ORD-00066781,CUST-001600,PROD-0648,7,1058.81,2026-09-01 16:00:00,placed,2026-09-01 12:00:00
OL-000200345,ORD-00066781,CUST-000485,PROD-0710,1,3843.58,2026-09-01 17:00:00,shipped,2026-09-01 13:00:00
OL-000200346,ORD-00066782,CUST-003100,PROD-0741,1,727.96,2026-09-01 18:00:00,delivered,2026-09-01 14:00:00
OL-000200347,ORD-00066782,CUST-001284,PROD-0046,4,3593.2,2026-09-01 19:00:00,delivered,2026-09-01 15:00:00
OL-000200348,ORD-00066782,CUST-002892,PROD-0157,4,1761.72,2026-09-01 08:00:00,shipped,2026-09-01 16:00:00
OL-000200349,ORD-00066783,CUST-002057,PROD-0196,3,4731.02,2026-09-01 09:00:00,delivered,2026-09-01 17:00:00
OL-000200350,ORD-00066783,CUST-003649,PROD-0103,7,2595.69,2026-09-01 10:00:00,shipped,2026-09-01 18:00:00
OL-000200351,ORD-00066783,CUST-000927,PROD-0631,8,2274.16,2026-09-01 11:00:00,shipped,2026-09-01 19:00:00
OL-000200352,ORD-00066784,CUST-001703,PROD-0833,9,1979.92,2026-09-01 12:00:00,delivered,2026-09-01 12:00:00
OL-000200353,ORD-00066784,CUST-001643,PROD-0575,9,1153.88,2026-09-01 13:00:00,delivered,2026-09-01 13:00:00
OL-000200354,ORD-00066784,CUST-003628,PROD-0727,7,2730.29,2026-09-01 14:00:00,delivered,2026-09-01 14:00:00
OL-000200355,ORD-00066785,CUST-001306,PROD-0556,3,3080.75,2026-09-01 15:00:00,delivered,2026-09-01 15:00:00
OL-000200356,ORD-00066785,CUST-000564,PROD-0668,6,1143.1,2026-09-01 16:00:00,delivered,2026-09-01 16:00:00
OL-000200357,ORD-00066785,CUST-001003,PROD-0584,4,756.37,2026-09-01 17:00:00,delivered,2026-09-01 17:00:00
OL-000200358,ORD-00066786,CUST-000966,PROD-0443,1,1281.25,2026-09-01 18:00:00,delivered,2026-09-01 18:00:00
OL-000200359,ORD-00066786,CUST-000800,PROD-0469,8,3398.62,2026-09-01 19:00:00,delivered,2026-09-01 19:00:00
OL-000200360,ORD-00066786,CUST-000148,PROD-0834,6,2478.02,2026-09-01 08:00:00,delivered,2026-09-01 12:00:00
OL-000200361,ORD-00066787,CUST-002172,PROD-0168,1,2827.71,2026-09-01 09:00:00,shipped,2026-09-01 13:00:00
OL-000200362,ORD-00066787,CUST-002813,PROD-0337,4,1375.84,2026-09-01 10:00:00,shipped,2026-09-01 14:00:00
OL-000200363,ORD-00066787,CUST-001700,PROD-0183,5,2149.63,2026-09-01 11:00:00,shipped,2026-09-01 15:00:00
OL-000200364,ORD-00066788,CUST-000867,PROD-0692,6,4578.8,2026-09-01 12:00:00,delivered,2026-09-01 16:00:00
OL-000200365,ORD-00066788,CUST-003455,PROD-0899,7,145.4,2026-09-01 13:00:00,delivered,2026-09-01 17:00:00
OL-000200366,ORD-00066788,CUST-001292,PROD-0011,2,3022.45,2026-09-01 14:00:00,delivered,2026-09-01 18:00:00
OL-000200367,ORD-00066789,CUST-000673,PROD-0781,9,1210.99,2026-09-01 15:00:00,shipped,2026-09-01 19:00:00
OL-000200368,ORD-00066789,CUST-003838,PROD-0341,7,3606.25,2026-09-01 16:00:00,shipped,2026-09-01 12:00:00
OL-000200369,ORD-00066789,CUST-000954,PROD-0505,7,3037.93,2026-09-01 17:00:00,delivered,2026-09-01 13:00:00
OL-000200370,ORD-00066790,CUST-002416,PROD-0095,6,882.58,2026-09-01 18:00:00,delivered,2026-09-01 14:00:00
OL-000200371,ORD-00066790,CUST-001532,PROD-0869,6,2559.56,2026-09-01 19:00:00,shipped,2026-09-01 15:00:00
OL-000200372,ORD-00066790,CUST-001310,PROD-0847,9,2358.37,2026-09-01 08:00:00,cancelled,2026-09-01 16:00:00
OL-000200373,ORD-00066791,CUST-003192,PROD-0124,3,488.33,2026-09-01 09:00:00,delivered,2026-09-01 17:00:00
OL-000200374,ORD-00066791,CUST-000853,PROD-0826,9,4358.32,2026-09-01 10:00:00,shipped,2026-09-01 18:00:00
OL-000200375,ORD-00066791,CUST-002411,PROD-0574,3,2803.18,2026-09-01 11:00:00,shipped,2026-09-01 19:00:00
OL-000200376,ORD-00066792,CUST-003633,PROD-0362,2,2931.42,2026-09-01 12:00:00,delivered,2026-09-01 12:00:00
OL-000200377,ORD-00066792,CUST-001284,PROD-0279,4,3283.49,2026-09-01 13:00:00,placed,2026-09-01 13:00:00
OL-000200378,ORD-00066792,CUST-001652,PROD-0336,1,2969.6,2026-09-01 14:00:00,shipped,2026-09-01 14:00:00
OL-000200379,ORD-00066793,CUST-003516,PROD-0076,9,1330.52,2026-09-01 15:00:00,delivered,2026-09-01 15:00:00
OL-000200380,ORD-00066793,CUST-000656,PROD-0748,2,1372.95,2026-09-01 16:00:00,delivered,2026-09-01 16:00:00
OL-000200381,ORD-00066793,CUST-003662,PROD-0595,9,2870.35,2026-09-01 17:00:00,delivered,2026-09-01 17:00:00
OL-000200382,ORD-00066794,CUST-003874,PROD-0277,2,4405.14,2026-09-01 18:00:00,delivered,2026-09-01 18:00:00
OL-000200383,ORD-00066794,CUST-003815,PROD-0581,9,4070.05,2026-09-01 19:00:00,delivered,2026-09-01 19:00:00
OL-000200384,ORD-00066794,CUST-002203,PROD-0630,2,2925.97,2026-09-01 08:00:00,shipped,2026-09-01 12:00:00
OL-000200385,ORD-00066795,CUST-002485,PROD-0237,7,3971.99,2026-09-01 09:00:00,delivered,2026-09-01 13:00:00
OL-000200386,ORD-00066795,CUST-001438,PROD-0413,2,1570.74,2026-09-01 10:00:00,delivered,2026-09-01 14:00:00
OL-000200387,ORD-00066795,CUST-003835,PROD-0599,7,4464.16,2026-09-01 11:00:00,delivered,2026-09-01 15:00:00
OL-000200388,ORD-00066796,CUST-002621,PROD-0836,5,2545.1,2026-09-01 12:00:00,delivered,2026-09-01 16:00:00
OL-000200389,ORD-00066796,CUST-003562,PROD-0751,8,290.35,2026-09-01 13:00:00,delivered,2026-09-01 17:00:00
OL-000200390,ORD-00066796,CUST-003781,PROD-0161,8,138.54,2026-09-01 14:00:00,delivered,2026-09-01 18:00:00
OL-000200391,ORD-00066797,CUST-002408,PROD-0449,6,334.84,2026-09-01 15:00:00,shipped,2026-09-01 19:00:00
OL-000200392,ORD-00066797,CUST-000637,PROD-0349,2,764.89,2026-09-01 16:00:00,placed,2026-09-01 12:00:00
OL-000200393,ORD-00066797,CUST-001171,PROD-0298,3,3758.61,2026-09-01 17:00:00,delivered,2026-09-01 13:00:00
OL-000200394,ORD-00066798,CUST-001827,PROD-0030,7,126.22,2026-09-01 18:00:00,delivered,2026-09-01 14:00:00
OL-000200395,ORD-00066798,CUST-002481,PROD-0548,6,858.73,2026-09-01 19:00:00,delivered,2026-09-01 15:00:00
OL-000200396,ORD-00066798,CUST-002840,PROD-0769,3,2733.62,2026-09-01 08:00:00,delivered,2026-09-01 16:00:00
OL-000200397,ORD-00066799,CUST-001316,PROD-0196,7,2019.06,2026-09-01 09:00:00,delivered,2026-09-01 17:00:00
OL-000200398,ORD-00066799,CUST-001975,PROD-0900,3,2770.15,2026-09-01 10:00:00,delivered,2026-09-01 18:00:00
OL-000200399,ORD-00066799,CUST-001760,PROD-0297,6,2773.48,2026-09-01 11:00:00,delivered,2026-09-01 19:00:00
OL-000200400,ORD-00066800,CUST-002271,PROD-0147,2,2860.12,2026-09-01 12:00:00,delivered,2026-09-01 12:00:00
OL-000200401,ORD-00066800,CUST-002773,PROD-0735,9,1692.17,2026-09-01 13:00:00,delivered,2026-09-01 13:00:00
OL-000200402,ORD-00066800,CUST-003905,PROD-0063,5,1517.66,2026-09-01 14:00:00,delivered,2026-09-01 14:00:00
OL-000200403,ORD-00066801,CUST-001154,PROD-0696,5,479.34,2026-09-01 15:00:00,delivered,2026-09-01 15:00:00
OL-000200404,ORD-00066801,CUST-000198,PROD-0630,7,510.29,2026-09-01 16:00:00,placed,2026-09-01 16:00:00
OL-000200405,ORD-00066801,CUST-003441,PROD-0584,2,1024.21,2026-09-01 17:00:00,shipped,2026-09-01 17:00:00
OL-000200406,ORD-00066802,CUST-003470,PROD-0084,1,2974.26,2026-09-01 18:00:00,shipped,2026-09-01 18:00:00
OL-000200407,ORD-00066802,CUST-002394,PROD-0684,8,3972.71,2026-09-01 19:00:00,delivered,2026-09-01 19:00:00
OL-000200408,ORD-00066802,CUST-000846,PROD-0493,1,4068.06,2026-09-01 08:00:00,delivered,2026-09-01 12:00:00
OL-000200409,ORD-00066803,CUST-001483,PROD-0826,8,2684.22,2026-09-01 09:00:00,cancelled,2026-09-01 13:00:00
OL-000200410,ORD-00066803,CUST-001863,PROD-0611,5,302.57,2026-09-01 10:00:00,delivered,2026-09-01 14:00:00
OL-000200411,ORD-00066803,CUST-000608,PROD-0876,2,1694.13,2026-09-01 11:00:00,shipped,2026-09-01 15:00:00
OL-000200412,ORD-00066804,CUST-000224,PROD-0274,3,1843.15,2026-09-01 12:00:00,delivered,2026-09-01 16:00:00
OL-000200413,ORD-00066804,CUST-002625,PROD-0212,4,2359.79,2026-09-01 13:00:00,delivered,2026-09-01 17:00:00
OL-000200414,ORD-00066804,CUST-003901,PROD-0056,4,4403.3,2026-09-01 14:00:00,shipped,2026-09-01 18:00:00
OL-000200415,ORD-00066805,CUST-003531,PROD-0494,4,2935.17,2026-09-01 15:00:00,shipped,2026-09-01 19:00:00
OL-000200416,ORD-00066805,CUST-003837,PROD-0416,7,685.62,2026-09-01 16:00:00,delivered,2026-09-01 12:00:00
OL-000200417,ORD-00066805,CUST-001632,PROD-0375,5,4368.58,2026-09-01 17:00:00,delivered,2026-09-01 13:00:00
OL-000200418,ORD-00066806,CUST-002399,PROD-0414,5,1706.52,2026-09-01 18:00:00,delivered,2026-09-01 14:00:00
OL-000200419,ORD-00066806,CUST-001935,PROD-0644,3,907.37,2026-09-01 19:00:00,placed,2026-09-01 15:00:00
OL-000200420,ORD-00066806,CUST-002179,PROD-0115,8,3870.89,2026-09-01 08:00:00,delivered,2026-09-01 16:00:00
OL-000200421,ORD-00066807,CUST-002406,PROD-0215,7,1653.34,2026-09-01 09:00:00,delivered,2026-09-01 17:00:00
OL-000200422,ORD-00066807,CUST-003789,PROD-0471,2,4754.32,2026-09-01 10:00:00,delivered,2026-09-01 18:00:00
OL-000200423,ORD-00066807,CUST-000128,PROD-0327,7,3738.46,2026-09-01 11:00:00,delivered,2026-09-01 19:00:00
OL-000200424,ORD-00066808,CUST-001015,PROD-0259,6,3444.84,2026-09-01 12:00:00,delivered,2026-09-01 12:00:00
OL-000200425,ORD-00066808,CUST-003462,PROD-0318,8,4569.64,2026-09-01 13:00:00,delivered,2026-09-01 13:00:00
OL-000200426,ORD-00066808,CUST-001207,PROD-0752,8,2530.29,2026-09-01 14:00:00,delivered,2026-09-01 14:00:00
OL-000200427,ORD-00066809,CUST-000323,PROD-0792,7,4067.4,2026-09-01 15:00:00,shipped,2026-09-01 15:00:00
OL-000200428,ORD-00066809,CUST-001226,PROD-0802,1,4026.02,2026-09-01 16:00:00,delivered,2026-09-01 16:00:00
OL-000200429,ORD-00066809,CUST-001849,PROD-0808,7,375.99,2026-09-01 17:00:00,shipped,2026-09-01 17:00:00
OL-000200430,ORD-00066810,CUST-002942,PROD-0684,2,981.55,2026-09-01 18:00:00,delivered,2026-09-01 18:00:00
OL-000200431,ORD-00066810,CUST-000271,PROD-0238,9,1472.8,2026-09-01 19:00:00,delivered,2026-09-01 19:00:00
OL-000200432,ORD-00066810,CUST-000446,PROD-0635,9,3838.98,2026-09-01 08:00:00,delivered,2026-09-01 12:00:00
OL-000200433,ORD-00066811,CUST-001585,PROD-0758,3,2558.83,2026-09-01 09:00:00,delivered,2026-09-01 13:00:00
OL-000200434,ORD-00066811,CUST-003095,PROD-0237,1,2209.76,2026-09-01 10:00:00,delivered,2026-09-01 14:00:00
OL-000200435,ORD-00066811,CUST-001559,PROD-0135,9,1182.42,2026-09-01 11:00:00,shipped,2026-09-01 15:00:00
OL-000200436,ORD-00066812,CUST-000542,PROD-0602,8,741.8,2026-09-01 12:00:00,delivered,2026-09-01 16:00:00
OL-000200437,ORD-00066812,CUST-000716,PROD-0732,3,500.82,2026-09-01 13:00:00,delivered,2026-09-01 17:00:00
OL-000200438,ORD-00066812,CUST-000508,PROD-0524,6,1758.91,2026-09-01 14:00:00,shipped,2026-09-01 18:00:00
OL-000200439,ORD-00066813,CUST-001055,PROD-0015,2,3296.18,2026-09-01 15:00:00,delivered,2026-09-01 19:00:00
OL-000200440,ORD-00066813,CUST-001905,PROD-0075,9,2215.66,2026-09-01 16:00:00,delivered,2026-09-01 12:00:00
OL-000200441,ORD-00066813,CUST-002153,PROD-0316,7,1361.69,2026-09-01 17:00:00,delivered,2026-09-01 13:00:00
OL-000200442,ORD-00066814,CUST-003386,PROD-0198,7,3142.4,2026-09-01 18:00:00,delivered,2026-09-01 14:00:00
OL-000200443,ORD-00066814,CUST-000333,PROD-0851,7,3856.18,2026-09-01 19:00:00,delivered,2026-09-01 15:00:00
OL-000200444,ORD-00066814,CUST-002871,PROD-0487,2,1310.53,2026-09-01 08:00:00,placed,2026-09-01 16:00:00
OL-000200445,ORD-00066815,CUST-002225,PROD-0813,9,1743.93,2026-09-01 09:00:00,delivered,2026-09-01 17:00:00
OL-000200446,ORD-00066815,CUST-000202,PROD-0737,9,2385.87,2026-09-01 10:00:00,delivered,2026-09-01 18:00:00
OL-000200447,ORD-00066815,CUST-003474,PROD-0206,8,334.19,2026-09-01 11:00:00,delivered,2026-09-01 19:00:00
OL-000200448,ORD-00066816,CUST-000164,PROD-0169,2,2479.47,2026-09-01 12:00:00,delivered,2026-09-01 12:00:00
OL-000200449,ORD-00066816,CUST-003711,PROD-0329,5,1092.64,2026-09-01 13:00:00,placed,2026-09-01 13:00:00
OL-000200450,ORD-00066816,CUST-003693,PROD-0091,7,2717.47,2026-09-01 14:00:00,delivered,2026-09-01 14:00:00
OL-000200451,ORD-00066817,CUST-002455,PROD-0131,6,1363.51,2026-09-01 15:00:00,delivered,2026-09-01 15:00:00
OL-000200452,ORD-00066817,CUST-003648,PROD-0387,3,2271.67,2026-09-01 16:00:00,delivered,2026-09-01 16:00:00
OL-000200453,ORD-00066817,CUST-001239,PROD-0135,6,1700.47,2026-09-01 17:00:00,delivered,2026-09-01 17:00:00
OL-000200454,ORD-00066818,CUST-000348,PROD-0427,1,4673.08,2026-09-01 18:00:00,delivered,2026-09-01 18:00:00
OL-000200455,ORD-00066818,CUST-001828,PROD-0287,3,4721.18,2026-09-01 19:00:00,shipped,2026-09-01 19:00:00
OL-000200456,ORD-00066818,CUST-000523,PROD-0098,7,3472.11,2026-09-01 08:00:00,delivered,2026-09-01 12:00:00
OL-000200457,ORD-00066819,CUST-003043,PROD-0788,4,724.95,2026-09-01 09:00:00,delivered,2026-09-01 13:00:00
OL-000200458,ORD-00066819,CUST-003369,PROD-0556,3,4790.7,2026-09-01 10:00:00,shipped,2026-09-01 14:00:00
OL-000200459,ORD-00066819,CUST-001000,PROD-0668,8,2914.01,2026-09-01 11:00:00,delivered,2026-09-01 15:00:00
OL-000200460,ORD-00066820,CUST-001037,PROD-0686,6,2769.09,2026-09-01 12:00:00,delivered,2026-09-01 16:00:00
OL-000200461,ORD-00066820,CUST-000679,PROD-0661,1,4636.61,2026-09-01 13:00:00,shipped,2026-09-01 17:00:00
OL-000200462,ORD-00066820,CUST-001863,PROD-0623,4,2375.57,2026-09-01 14:00:00,delivered,2026-09-01 18:00:00
OL-000200463,ORD-00066821,CUST-002072,PROD-0351,7,146.24,2026-09-01 15:00:00,delivered,2026-09-01 19:00:00
OL-000200464,ORD-00066821,CUST-000775,PROD-0888,8,320.85,2026-09-01 16:00:00,delivered,2026-09-01 12:00:00
OL-000200465,ORD-00066821,CUST-001880,PROD-0158,8,2223.91,2026-09-01 17:00:00,delivered,2026-09-01 13:00:00
OL-000200466,ORD-00066822,CUST-000391,PROD-0394,1,3458.61,2026-09-01 18:00:00,placed,2026-09-01 14:00:00
OL-000200467,ORD-00066822,CUST-002966,PROD-0699,4,3301.52,2026-09-01 19:00:00,delivered,2026-09-01 15:00:00
OL-000200468,ORD-00066822,CUST-003202,PROD-0455,8,929.84,2026-09-01 08:00:00,delivered,2026-09-01 16:00:00
OL-000200469,ORD-00066823,CUST-003913,PROD-0623,2,4483.32,2026-09-01 09:00:00,shipped,2026-09-01 17:00:00
OL-000200470,ORD-00066823,CUST-002634,PROD-0170,5,2510.72,2026-09-01 10:00:00,delivered,2026-09-01 18:00:00
OL-000200471,ORD-00066823,CUST-001313,PROD-0894,7,612.07,2026-09-01 11:00:00,delivered,2026-09-01 19:00:00
OL-000200472,ORD-00066824,CUST-003624,PROD-0596,5,1015.78,2026-09-01 12:00:00,placed,2026-09-01 12:00:00
OL-000200473,ORD-00066824,CUST-001671,PROD-0643,2,1299.59,2026-09-01 13:00:00,delivered,2026-09-01 13:00:00
OL-000200474,ORD-00066824,CUST-003491,PROD-0588,2,1150.19,2026-09-01 14:00:00,cancelled,2026-09-01 14:00:00
OL-000200475,ORD-00066825,CUST-001449,PROD-0265,9,3981.51,2026-09-01 15:00:00,delivered,2026-09-01 15:00:00
OL-000200476,ORD-00066825,CUST-000062,PROD-0247,5,3500.48,2026-09-01 16:00:00,delivered,2026-09-01 16:00:00
OL-000200477,ORD-00066825,CUST-000206,PROD-0373,2,4348.19,2026-09-01 17:00:00,delivered,2026-09-01 17:00:00
OL-000200478,ORD-00066826,CUST-000565,PROD-0417,5,3552.37,2026-09-01 18:00:00,shipped,2026-09-01 18:00:00
OL-000200479,ORD-00066826,CUST-003903,PROD-0375,9,2182.17,2026-09-01 19:00:00,delivered,2026-09-01 19:00:00
OL-000200480,ORD-00066826,CUST-000418,PROD-0653,9,2853.67,2026-09-01 08:00:00,delivered,2026-09-01 12:00:00
OL-000200481,ORD-00066827,CUST-000697,PROD-0331,6,1607.48,2026-09-01 09:00:00,placed,2026-09-01 13:00:00
OL-000200482,ORD-00066827,CUST-002942,PROD-0827,4,3099.06,2026-09-01 10:00:00,delivered,2026-09-01 14:00:00
OL-000200483,ORD-00066827,CUST-003803,PROD-0629,4,1288.39,2026-09-01 11:00:00,delivered,2026-09-01 15:00:00
OL-000200484,ORD-00066828,CUST-000313,PROD-0585,4,3926.61,2026-09-01 12:00:00,delivered,2026-09-01 16:00:00
OL-000200485,ORD-00066828,CUST-002997,PROD-0218,5,1174.0,2026-09-01 13:00:00,placed,2026-09-01 17:00:00
OL-000200486,ORD-00066828,CUST-001291,PROD-0458,9,3620.32,2026-09-01 14:00:00,delivered,2026-09-01 18:00:00
OL-000200487,ORD-00066829,CUST-002661,PROD-0643,7,1635.95,2026-09-01 15:00:00,delivered,2026-09-01 19:00:00
OL-000200488,ORD-00066829,CUST-001551,PROD-0570,7,1457.89,2026-09-01 16:00:00,delivered,2026-09-01 12:00:00
OL-000200489,ORD-00066829,CUST-002151,PROD-0145,9,3980.14,2026-09-01 17:00:00,shipped,2026-09-01 13:00:00
OL-000200490,ORD-00066830,CUST-001478,PROD-0685,6,4539.77,2026-09-01 18:00:00,delivered,2026-09-01 14:00:00
OL-000200491,ORD-00066830,CUST-003368,PROD-0583,4,289.93,2026-09-01 19:00:00,cancelled,2026-09-01 15:00:00
OL-000200492,ORD-00066830,CUST-000554,PROD-0731,8,845.13,2026-09-01 08:00:00,placed,2026-09-01 16:00:00
OL-000200493,ORD-00066831,CUST-002447,PROD-0785,8,3953.59,2026-09-01 09:00:00,placed,2026-09-01 17:00:00
OL-000200494,ORD-00066831,CUST-002302,PROD-0425,7,3737.3,2026-09-01 10:00:00,delivered,2026-09-01 18:00:00
OL-000200495,ORD-00066831,CUST-002573,PROD-0261,9,1747.16,2026-09-01 11:00:00,delivered,2026-09-01 19:00:00
OL-000200496,ORD-00066832,CUST-002000,PROD-0777,1,373.0,2026-09-01 12:00:00,delivered,2026-09-01 12:00:00
OL-000200497,ORD-00066832,CUST-001693,PROD-0451,4,911.02,2026-09-01 13:00:00,delivered,2026-09-01 13:00:00
OL-000200498,ORD-00066832,CUST-002718,PROD-0814,7,3665.59,2026-09-01 14:00:00,delivered,2026-09-01 14:00:00
OL-000200499,ORD-00066833,CUST-003699,PROD-0640,6,3722.26,2026-09-01 15:00:00,delivered,2026-09-01 15:00:00
OL-000200500,ORD-00066833,CUST-002311,PROD-0688,9,2879.31,2026-09-01 16:00:00,shipped,2026-09-01 16:00:00
OL-000200501,ORD-00066833,CUST-002819,PROD-0016,6,1868.45,2026-09-01 17:00:00,delivered,2026-09-01 17:00:00
OL-000200502,ORD-00066834,CUST-003259,PROD-0254,1,1869.24,2026-09-01 18:00:00,delivered,2026-09-01 18:00:00
OL-000200503,ORD-00066834,CUST-003478,PROD-0811,6,1628.02,2026-09-01 19:00:00,delivered,2026-09-01 19:00:00
OL-000200504,ORD-00066834,CUST-001306,PROD-0896,5,2308.72,2026-09-01 08:00:00,delivered,2026-09-01 12:00:00
OL-000200505,ORD-00066835,CUST-000557,PROD-0581,5,3640.9,2026-09-01 09:00:00,delivered,2026-09-01 13:00:00
OL-000200506,ORD-00066835,CUST-002337,PROD-0742,5,2082.6,2026-09-01 10:00:00,delivered,2026-09-01 14:00:00
OL-000200507,ORD-00066835,CUST-003812,PROD-0666,3,3716.72,2026-09-01 11:00:00,delivered,2026-09-01 15:00:00
OL-000200508,ORD-00066836,CUST-001229,PROD-0411,7,1055.28,2026-09-01 12:00:00,delivered,2026-09-01 16:00:00
OL-000200509,ORD-00066836,CUST-000235,PROD-0625,1,3099.51,2026-09-01 13:00:00,delivered,2026-09-01 17:00:00
OL-000200510,ORD-00066836,CUST-002612,PROD-0308,5,2848.12,2026-09-01 14:00:00,shipped,2026-09-01 18:00:00
OL-000200511,ORD-00066837,CUST-001866,PROD-0220,1,2012.07,2026-09-01 15:00:00,shipped,2026-09-01 19:00:00
OL-000200512,ORD-00066837,CUST-003448,PROD-0370,5,3842.83,2026-09-01 16:00:00,shipped,2026-09-01 12:00:00
OL-000200513,ORD-00066837,CUST-002364,PROD-0642,2,1399.94,2026-09-01 17:00:00,delivered,2026-09-01 13:00:00
OL-000200514,ORD-00066838,CUST-003207,PROD-0843,8,4203.16,2026-09-01 18:00:00,cancelled,2026-09-01 14:00:00
OL-000200515,ORD-00066838,CUST-000585,PROD-0021,6,4199.3,2026-09-01 19:00:00,delivered,2026-09-01 15:00:00
OL-000200516,ORD-00066838,CUST-002102,PROD-0059,7,3951.24,2026-09-01 08:00:00,shipped,2026-09-01 16:00:00
OL-000200517,ORD-00066839,CUST-003869,PROD-0804,3,2680.96,2026-09-01 09:00:00,placed,2026-09-01 17:00:00
OL-000200518,ORD-00066839,CUST-001682,PROD-0828,8,1869.91,2026-09-01 10:00:00,shipped,2026-09-01 18:00:00
OL-000200519,ORD-00066839,CUST-003241,PROD-0436,7,1802.48,2026-09-01 11:00:00,delivered,2026-09-01 19:00:00
OL-000200520,ORD-00066840,CUST-003631,PROD-0497,9,705.02,2026-09-01 12:00:00,shipped,2026-09-01 12:00:00
OL-000200521,ORD-00066840,CUST-000137,PROD-0270,6,2503.61,2026-09-01 13:00:00,shipped,2026-09-01 13:00:00
OL-000200522,ORD-00066840,CUST-001391,PROD-0292,1,2477.71,2026-09-01 14:00:00,shipped,2026-09-01 14:00:00
OL-000200523,ORD-00066841,CUST-001090,PROD-0446,9,4681.09,2026-09-01 15:00:00,placed,2026-09-01 15:00:00
OL-000200524,ORD-00066841,CUST-000287,PROD-0759,3,2311.11,2026-09-01 16:00:00,delivered,2026-09-01 16:00:00
OL-000200525,ORD-00066841,CUST-000715,PROD-0134,2,3948.03,2026-09-01 17:00:00,delivered,2026-09-01 17:00:00
OL-000200526,ORD-00066842,CUST-002097,PROD-0320,5,1589.84,2026-09-01 18:00:00,placed,2026-09-01 18:00:00
OL-000200527,ORD-00066842,CUST-002983,PROD-0274,4,3553.89,2026-09-01 19:00:00,delivered,2026-09-01 19:00:00
OL-000200528,ORD-00066842,CUST-001242,PROD-0026,7,2925.42,2026-09-01 08:00:00,shipped,2026-09-01 12:00:00
OL-000200529,ORD-00066843,CUST-000928,PROD-0826,1,3465.57,2026-09-01 09:00:00,delivered,2026-09-01 13:00:00
OL-000200530,ORD-00066843,CUST-003387,PROD-0341,3,4571.73,2026-09-01 10:00:00,delivered,2026-09-01 14:00:00
OL-000200531,ORD-00066843,CUST-003731,PROD-0160,3,1182.48,2026-09-01 11:00:00,delivered,2026-09-01 15:00:00
OL-000200532,ORD-00066844,CUST-000903,PROD-0214,8,1748.54,2026-09-01 12:00:00,delivered,2026-09-01 16:00:00
OL-000200533,ORD-00066844,CUST-002544,PROD-0113,6,2885.7,2026-09-01 13:00:00,delivered,2026-09-01 17:00:00
OL-000200534,ORD-00066844,CUST-000805,PROD-0752,8,1301.06,2026-09-01 14:00:00,placed,2026-09-01 18:00:00
OL-000200535,ORD-00066845,CUST-003816,PROD-0825,7,2875.12,2026-09-01 15:00:00,delivered,2026-09-01 19:00:00
OL-000200536,ORD-00066845,CUST-002733,PROD-0297,4,2710.89,2026-09-01 16:00:00,delivered,2026-09-01 12:00:00
OL-000200537,ORD-00066845,CUST-000403,PROD-0289,6,4648.7,2026-09-01 17:00:00,delivered,2026-09-01 13:00:00
OL-000200538,ORD-00066846,CUST-002630,PROD-0431,3,3868.07,2026-09-01 18:00:00,delivered,2026-09-01 14:00:00
OL-000200539,ORD-00066846,CUST-000852,PROD-0873,2,1994.98,2026-09-01 19:00:00,delivered,2026-09-01 15:00:00
OL-000200540,ORD-00066846,CUST-002334,PROD-0049,1,3076.51,2026-09-01 08:00:00,delivered,2026-09-01 16:00:00
OL-000200541,ORD-00066847,CUST-000633,PROD-0663,2,974.09,2026-09-01 09:00:00,placed,2026-09-01 17:00:00
OL-000200542,ORD-00066847,CUST-003403,PROD-0627,5,364.37,2026-09-01 10:00:00,shipped,2026-09-01 18:00:00
OL-000200543,ORD-00066847,CUST-002601,PROD-0525,9,179.41,2026-09-01 11:00:00,delivered,2026-09-01 19:00:00
OL-000200544,ORD-00066848,CUST-002328,PROD-0747,4,1365.76,2026-09-01 12:00:00,delivered,2026-09-01 12:00:00
OL-000200545,ORD-00066848,CUST-002243,PROD-0355,6,3355.25,2026-09-01 13:00:00,delivered,2026-09-01 13:00:00
OL-000200546,ORD-00066848,CUST-003227,PROD-0164,1,2350.15,2026-09-01 14:00:00,delivered,2026-09-01 14:00:00
OL-000200547,ORD-00066849,CUST-001827,PROD-0087,8,1868.5,2026-09-01 15:00:00,shipped,2026-09-01 15:00:00
OL-000200548,ORD-00066849,CUST-002653,PROD-0636,2,1865.2,2026-09-01 16:00:00,delivered,2026-09-01 16:00:00
OL-000200549,ORD-00066849,CUST-001965,PROD-0460,7,1814.6,2026-09-01 17:00:00,placed,2026-09-01 17:00:00
OL-000200550,ORD-00066850,CUST-000722,PROD-0644,6,452.59,2026-09-01 18:00:00,delivered,2026-09-01 18:00:00
OL-000200551,ORD-00066850,CUST-002681,PROD-0096,9,2063.19,2026-09-01 19:00:00,delivered,2026-09-01 19:00:00
OL-000200552,ORD-00066850,CUST-001323,PROD-0130,7,1192.96,2026-09-01 08:00:00,delivered,2026-09-01 12:00:00
OL-000200553,ORD-00066851,CUST-000891,PROD-0850,4,1663.54,2026-09-01 09:00:00,shipped,2026-09-01 13:00:00
OL-000200554,ORD-00066851,CUST-000216,PROD-0627,9,2941.66,2026-09-01 10:00:00,delivered,2026-09-01 14:00:00
OL-000200555,ORD-00066851,CUST-003319,PROD-0841,4,3244.51,2026-09-01 11:00:00,cancelled,2026-09-01 15:00:00
OL-000200556,ORD-00066852,CUST-002436,PROD-0168,2,3319.38,2026-09-01 12:00:00,delivered,2026-09-01 16:00:00
OL-000200557,ORD-00066852,CUST-002917,PROD-0266,8,753.71,2026-09-01 13:00:00,delivered,2026-09-01 17:00:00
OL-000200558,ORD-00066852,CUST-001979,PROD-0269,6,4548.2,2026-09-01 14:00:00,shipped,2026-09-01 18:00:00
OL-000200559,ORD-00066853,CUST-001168,PROD-0448,3,2426.2,2026-09-01 15:00:00,placed,2026-09-01 19:00:00
OL-000200560,ORD-00066853,CUST-000829,PROD-0789,7,1513.72,2026-09-01 16:00:00,shipped,2026-09-01 12:00:00
OL-000200561,ORD-00066853,CUST-003440,PROD-0719,6,1038.25,2026-09-01 17:00:00,placed,2026-09-01 13:00:00
OL-000200562,ORD-00066854,CUST-000542,PROD-0121,2,845.96,2026-09-01 18:00:00,delivered,2026-09-01 14:00:00
OL-000200563,ORD-00066854,CUST-003403,PROD-0408,5,3814.67,2026-09-01 19:00:00,placed,2026-09-01 15:00:00
OL-000200564,ORD-00066854,CUST-000883,PROD-0338,9,4041.68,2026-09-01 08:00:00,delivered,2026-09-01 16:00:00
OL-000200565,ORD-00066855,CUST-002738,PROD-0211,2,2039.38,2026-09-01 09:00:00,delivered,2026-09-01 17:00:00
OL-000200566,ORD-00066855,CUST-002351,PROD-0509,1,494.62,2026-09-01 10:00:00,placed,2026-09-01 18:00:00
OL-000200567,ORD-00066855,CUST-002332,PROD-0621,6,2417.72,2026-09-01 11:00:00,delivered,2026-09-01 19:00:00
OL-000200568,ORD-00066856,CUST-002651,PROD-0175,5,3740.02,2026-09-01 12:00:00,placed,2026-09-01 12:00:00
OL-000200569,ORD-00066856,CUST-002359,PROD-0504,5,1490.74,2026-09-01 13:00:00,delivered,2026-09-01 13:00:00
OL-000200570,ORD-00066856,CUST-002808,PROD-0487,6,1063.38,2026-09-01 14:00:00,placed,2026-09-01 14:00:00
OL-000200571,ORD-00066857,CUST-000217,PROD-0306,8,4224.53,2026-09-01 15:00:00,shipped,2026-09-01 15:00:00
OL-000200572,ORD-00066857,CUST-000300,PROD-0378,7,616.05,2026-09-01 16:00:00,shipped,2026-09-01 16:00:00
OL-000200573,ORD-00066857,CUST-001394,PROD-0025,5,1669.83,2026-09-01 17:00:00,delivered,2026-09-01 17:00:00
OL-000200574,ORD-00066858,CUST-002786,PROD-0289,9,168.69,2026-09-01 18:00:00,delivered,2026-09-01 18:00:00
OL-000200575,ORD-00066858,CUST-000772,PROD-0055,7,1802.51,2026-09-01 19:00:00,delivered,2026-09-01 19:00:00
OL-000200576,ORD-00066858,CUST-000675,PROD-0718,9,526.21,2026-09-01 08:00:00,cancelled,2026-09-01 12:00:00
OL-000200577,ORD-00066859,CUST-003949,PROD-0716,6,3953.28,2026-09-01 09:00:00,delivered,2026-09-01 13:00:00
OL-000200578,ORD-00066859,CUST-002572,PROD-0634,9,511.14,2026-09-01 10:00:00,shipped,2026-09-01 14:00:00
OL-000200579,ORD-00066859,CUST-002871,PROD-0355,5,4560.8,2026-09-01 11:00:00,delivered,2026-09-01 15:00:00
OL-000200580,ORD-00066860,CUST-001747,PROD-0519,5,4414.29,2026-09-01 12:00:00,delivered,2026-09-01 16:00:00
OL-000200581,ORD-00066860,CUST-002706,PROD-0013,5,4631.12,2026-09-01 13:00:00,delivered,2026-09-01 17:00:00
OL-000200582,ORD-00066860,CUST-003224,PROD-0535,6,2283.37,2026-09-01 14:00:00,delivered,2026-09-01 18:00:00
OL-000200583,ORD-00066861,CUST-002689,PROD-0115,7,4396.58,2026-09-01 15:00:00,delivered,2026-09-01 19:00:00
OL-000200584,ORD-00066861,CUST-003250,PROD-0602,4,4433.83,2026-09-01 16:00:00,delivered,2026-09-01 12:00:00
OL-000200585,ORD-00066861,CUST-000881,PROD-0276,4,3538.5,2026-09-01 17:00:00,delivered,2026-09-01 13:00:00
OL-000200586,ORD-00066862,CUST-002133,PROD-0286,9,1969.46,2026-09-01 18:00:00,delivered,2026-09-01 14:00:00
OL-000200587,ORD-00066862,CUST-003646,PROD-0675,1,4217.62,2026-09-01 19:00:00,shipped,2026-09-01 15:00:00
OL-000200588,ORD-00066862,CUST-000397,PROD-0676,8,1297.95,2026-09-01 08:00:00,delivered,2026-09-01 16:00:00
OL-000200589,ORD-00066863,CUST-000202,PROD-0325,2,4207.99,2026-09-01 09:00:00,delivered,2026-09-01 17:00:00
OL-000200590,ORD-00066863,CUST-000743,PROD-0709,9,1316.56,2026-09-01 10:00:00,placed,2026-09-01 18:00:00
OL-000200591,ORD-00066863,CUST-001715,PROD-0874,7,352.91,2026-09-01 11:00:00,delivered,2026-09-01 19:00:00
OL-000200592,ORD-00066864,CUST-003792,PROD-0633,2,1435.68,2026-09-01 12:00:00,delivered,2026-09-01 12:00:00
OL-000200593,ORD-00066864,CUST-002899,PROD-0436,2,848.48,2026-09-01 13:00:00,delivered,2026-09-01 13:00:00
OL-000200594,ORD-00066864,CUST-003342,PROD-0723,9,2234.76,2026-09-01 14:00:00,delivered,2026-09-01 14:00:00
OL-000200595,ORD-00066865,CUST-003126,PROD-0255,6,2295.7,2026-09-01 15:00:00,delivered,2026-09-01 15:00:00
OL-000200596,ORD-00066865,CUST-003629,PROD-0442,7,496.31,2026-09-01 16:00:00,shipped,2026-09-01 16:00:00
OL-000200597,ORD-00066865,CUST-002703,PROD-0680,8,3176.62,2026-09-01 17:00:00,delivered,2026-09-01 17:00:00
OL-000200598,ORD-00066866,CUST-002197,PROD-0493,5,1234.1,2026-09-01 18:00:00,delivered,2026-09-01 18:00:00
OL-000200599,ORD-00066866,CUST-002938,PROD-0200,2,1016.98,2026-09-01 19:00:00,delivered,2026-09-01 19:00:00
OL-000200600,ORD-00066866,CUST-003327,PROD-0599,6,3890.41,2026-09-01 08:00:00,delivered,2026-09-01 12:00:00
OL-000200601,ORD-00066867,CUST-001069,PROD-0111,1,1361.59,2026-09-01 09:00:00,delivered,2026-09-01 13:00:00
OL-000200602,ORD-00066867,CUST-000205,PROD-0266,5,4584.57,2026-09-01 10:00:00,cancelled,2026-09-01 14:00:00
OL-000200603,ORD-00066867,CUST-003026,PROD-0885,4,2830.57,2026-09-01 11:00:00,delivered,2026-09-01 15:00:00
OL-000200604,ORD-00066868,CUST-003082,PROD-0424,3,3014.22,2026-09-01 12:00:00,cancelled,2026-09-01 16:00:00
OL-000200605,ORD-00066868,CUST-003701,PROD-0279,5,3569.09,2026-09-01 13:00:00,shipped,2026-09-01 17:00:00
OL-000200606,ORD-00066868,CUST-000553,PROD-0541,7,178.6,2026-09-01 14:00:00,placed,2026-09-01 18:00:00
OL-000200607,ORD-00066869,CUST-002742,PROD-0469,8,2466.99,2026-09-01 15:00:00,delivered,2026-09-01 19:00:00
OL-000200608,ORD-00066869,CUST-002156,PROD-0542,4,466.78,2026-09-01 16:00:00,delivered,2026-09-01 12:00:00
OL-000200609,ORD-00066869,CUST-001462,PROD-0797,3,2386.21,2026-09-01 17:00:00,placed,2026-09-01 13:00:00
OL-000200610,ORD-00066870,CUST-000474,PROD-0556,3,1432.8,2026-09-01 18:00:00,delivered,2026-09-01 14:00:00
OL-000200611,ORD-00066870,CUST-002357,PROD-0846,7,4392.26,2026-09-01 19:00:00,delivered,2026-09-01 15:00:00
OL-000200612,ORD-00066870,CUST-003140,PROD-0308,2,158.68,2026-09-01 08:00:00,delivered,2026-09-01 16:00:00
OL-000200613,ORD-00066871,CUST-002415,PROD-0317,1,1193.52,2026-09-01 09:00:00,delivered,2026-09-01 17:00:00
OL-000200614,ORD-00066871,CUST-002135,PROD-0640,1,4604.07,2026-09-01 10:00:00,delivered,2026-09-01 18:00:00
OL-000200615,ORD-00066871,CUST-001585,PROD-0175,3,1634.65,2026-09-01 11:00:00,shipped,2026-09-01 19:00:00
OL-000200616,ORD-00066872,CUST-001910,PROD-0608,1,1883.75,2026-09-01 12:00:00,delivered,2026-09-01 12:00:00
OL-000200617,ORD-00066872,CUST-001626,PROD-0534,1,2184.91,2026-09-01 13:00:00,delivered,2026-09-01 13:00:00
OL-000200618,ORD-00066872,CUST-002642,PROD-0783,7,4612.66,2026-09-01 14:00:00,placed,2026-09-01 14:00:00
OL-000200619,ORD-00066873,CUST-002261,PROD-0138,1,1256.36,2026-09-01 15:00:00,placed,2026-09-01 15:00:00
OL-000200620,ORD-00066873,CUST-002239,PROD-0387,9,4520.38,2026-09-01 16:00:00,delivered,2026-09-01 16:00:00
OL-000200621,ORD-00066873,CUST-002953,PROD-0089,2,1181.36,2026-09-01 17:00:00,shipped,2026-09-01 17:00:00
OL-000200622,ORD-00066874,CUST-002723,PROD-0536,9,864.91,2026-09-01 18:00:00,cancelled,2026-09-01 18:00:00
OL-000200623,ORD-00066874,CUST-002364,PROD-0605,7,4397.74,2026-09-01 19:00:00,shipped,2026-09-01 19:00:00
OL-000200624,ORD-00066874,CUST-002916,PROD-0314,3,3621.98,2026-09-01 08:00:00,placed,2026-09-01 12:00:00
OL-000200625,ORD-00066875,CUST-001110,PROD-0025,5,694.08,2026-09-01 09:00:00,shipped,2026-09-01 13:00:00
OL-000200626,ORD-00066875,CUST-001371,PROD-0256,1,4281.2,2026-09-01 10:00:00,delivered,2026-09-01 14:00:00
OL-000200627,ORD-00066875,CUST-000808,PROD-0729,9,226.27,2026-09-01 11:00:00,cancelled,2026-09-01 15:00:00
OL-000200628,ORD-00066876,CUST-002289,PROD-0855,6,618.88,2026-09-01 12:00:00,delivered,2026-09-01 16:00:00
OL-000200629,ORD-00066876,CUST-001943,PROD-0891,8,4612.28,2026-09-01 13:00:00,delivered,2026-09-01 17:00:00
OL-000200630,ORD-00066876,CUST-000279,PROD-0414,6,400.83,2026-09-01 14:00:00,delivered,2026-09-01 18:00:00
OL-000200631,ORD-00066877,CUST-002710,PROD-0082,3,1857.2,2026-09-01 15:00:00,delivered,2026-09-01 19:00:00
OL-000200632,ORD-00066877,CUST-001175,PROD-0088,6,3424.9,2026-09-01 16:00:00,delivered,2026-09-01 12:00:00
OL-000200633,ORD-00066877,CUST-002025,PROD-0071,9,1241.42,2026-09-01 17:00:00,delivered,2026-09-01 13:00:00
OL-000200634,ORD-00066878,CUST-003927,PROD-0184,6,4410.54,2026-09-01 18:00:00,placed,2026-09-01 14:00:00
OL-000200635,ORD-00066878,CUST-000963,PROD-0022,7,2572.55,2026-09-01 19:00:00,delivered,2026-09-01 15:00:00
OL-000200636,ORD-00066878,CUST-001952,PROD-0380,1,757.01,2026-09-01 08:00:00,delivered,2026-09-01 16:00:00
OL-000200637,ORD-00066879,CUST-001104,PROD-0726,5,1605.72,2026-09-01 09:00:00,shipped,2026-09-01 17:00:00
OL-000200638,ORD-00066879,CUST-000386,PROD-0386,1,3272.13,2026-09-01 10:00:00,delivered,2026-09-01 18:00:00
OL-000200639,ORD-00066879,CUST-002861,PROD-0504,5,2965.34,2026-09-01 11:00:00,delivered,2026-09-01 19:00:00
OL-000200640,ORD-00066880,CUST-001858,PROD-0091,9,4385.98,2026-09-01 12:00:00,delivered,2026-09-01 12:00:00
OL-000200641,ORD-00066880,CUST-002988,PROD-0139,7,1364.58,2026-09-01 13:00:00,delivered,2026-09-01 13:00:00
OL-000200642,ORD-00066880,CUST-002475,PROD-0605,7,2605.79,2026-09-01 14:00:00,delivered,2026-09-01 14:00:00
OL-000200643,ORD-00066881,CUST-003233,PROD-0766,3,835.75,2026-09-01 15:00:00,shipped,2026-09-01 15:00:00
OL-000200644,ORD-00066881,CUST-002759,PROD-0718,5,3663.51,2026-09-01 16:00:00,delivered,2026-09-01 16:00:00
OL-000200645,ORD-00066881,CUST-000833,PROD-0870,8,1453.94,2026-09-01 17:00:00,placed,2026-09-01 17:00:00
OL-000200646,ORD-00066882,CUST-003746,PROD-0589,8,1280.7,2026-09-01 18:00:00,delivered,2026-09-01 18:00:00
OL-000200647,ORD-00066882,CUST-002765,PROD-0720,6,2715.98,2026-09-01 19:00:00,cancelled,2026-09-01 19:00:00
OL-000200648,ORD-00066882,CUST-003643,PROD-0159,9,2182.29,2026-09-01 08:00:00,shipped,2026-09-01 12:00:00
OL-000200649,ORD-00066883,CUST-002844,PROD-0396,6,3992.09,2026-09-01 09:00:00,delivered,2026-09-01 13:00:00
OL-000200650,ORD-00066883,CUST-003140,PROD-0465,7,2165.74,2026-09-01 10:00:00,delivered,2026-09-01 14:00:00
OL-000200651,ORD-00066883,CUST-001042,PROD-0571,5,3627.91,2026-09-01 11:00:00,delivered,2026-09-01 15:00:00
OL-000200652,ORD-00066884,CUST-000094,PROD-0461,7,2599.92,2026-09-01 12:00:00,delivered,2026-09-01 16:00:00
OL-000200653,ORD-00066884,CUST-003195,PROD-0365,4,1205.09,2026-09-01 13:00:00,shipped,2026-09-01 17:00:00
OL-000200654,ORD-00066884,CUST-000167,PROD-0566,7,1964.55,2026-09-01 14:00:00,delivered,2026-09-01 18:00:00
OL-000200655,ORD-00066885,CUST-003722,PROD-0129,7,3323.65,2026-09-01 15:00:00,delivered,2026-09-01 19:00:00
OL-000200656,ORD-00066885,CUST-000153,PROD-0653,4,1250.92,2026-09-01 16:00:00,shipped,2026-09-01 12:00:00
OL-000200657,ORD-00066885,CUST-003163,PROD-0412,6,2450.52,2026-09-01 17:00:00,shipped,2026-09-01 13:00:00
OL-000200658,ORD-00066886,CUST-001108,PROD-0791,9,2258.91,2026-09-01 18:00:00,delivered,2026-09-01 14:00:00
OL-000200659,ORD-00066886,CUST-001136,PROD-0108,2,3573.47,2026-09-01 19:00:00,delivered,2026-09-01 15:00:00
OL-000200660,ORD-00066886,CUST-003502,PROD-0795,1,2832.0,2026-09-01 08:00:00,delivered,2026-09-01 16:00:00
OL-000200661,ORD-00066887,CUST-000423,PROD-0395,3,2621.23,2026-09-01 09:00:00,placed,2026-09-01 17:00:00
OL-000200662,ORD-00066887,CUST-000395,PROD-0357,3,4445.26,2026-09-01 10:00:00,delivered,2026-09-01 18:00:00
OL-000200663,ORD-00066887,CUST-003232,PROD-0205,5,2593.94,2026-09-01 11:00:00,delivered,2026-09-01 19:00:00
OL-000200664,ORD-00066888,CUST-001222,PROD-0886,8,578.59,2026-09-01 12:00:00,delivered,2026-09-01 12:00:00
OL-000200665,ORD-00066888,CUST-001142,PROD-0048,6,2009.57,2026-09-01 13:00:00,placed,2026-09-01 13:00:00
OL-000200666,ORD-00066888,CUST-003359,PROD-0569,5,3310.12,2026-09-01 14:00:00,delivered,2026-09-01 14:00:00
OL-000200667,ORD-00066889,CUST-003739,PROD-0709,1,3242.6,2026-09-01 15:00:00,delivered,2026-09-01 15:00:00
OL-000200668,ORD-00066889,CUST-003819,PROD-0151,2,3878.92,2026-09-01 16:00:00,shipped,2026-09-01 16:00:00
OL-000200669,ORD-00066889,CUST-000876,PROD-0130,2,761.09,2026-09-01 17:00:00,shipped,2026-09-01 17:00:00
OL-000200670,ORD-00066890,CUST-002762,PROD-0079,1,3132.13,2026-09-01 18:00:00,shipped,2026-09-01 18:00:00
OL-000200671,ORD-00066890,CUST-003025,PROD-0826,2,4413.88,2026-09-01 19:00:00,placed,2026-09-01 19:00:00
OL-000200672,ORD-00066890,CUST-002453,PROD-0561,4,1034.16,2026-09-01 08:00:00,delivered,2026-09-01 12:00:00
OL-000200673,ORD-00066891,CUST-000101,PROD-0426,7,4631.37,2026-09-01 09:00:00,delivered,2026-09-01 13:00:00
OL-000200674,ORD-00066891,CUST-002333,PROD-0628,8,4352.53,2026-09-01 10:00:00,placed,2026-09-01 14:00:00
OL-000200675,ORD-00066891,CUST-002582,PROD-0639,5,4594.98,2026-09-01 11:00:00,shipped,2026-09-01 15:00:00
OL-000200676,ORD-00066892,CUST-000081,PROD-0619,1,3922.92,2026-09-01 12:00:00,delivered,2026-09-01 16:00:00
OL-000200677,ORD-00066892,CUST-003553,PROD-0422,4,3629.42,2026-09-01 13:00:00,delivered,2026-09-01 17:00:00
OL-000200678,ORD-00066892,CUST-000874,PROD-0471,3,4691.85,2026-09-01 14:00:00,shipped,2026-09-01 18:00:00
OL-000200679,ORD-00066893,CUST-002661,PROD-0458,4,619.35,2026-09-01 15:00:00,placed,2026-09-01 19:00:00
OL-000200680,ORD-00066893,CUST-001839,PROD-0251,5,4507.81,2026-09-01 16:00:00,shipped,2026-09-01 12:00:00
OL-000200681,ORD-00066893,CUST-002116,PROD-0166,3,1847.32,2026-09-01 17:00:00,delivered,2026-09-01 13:00:00
OL-000200682,ORD-00066894,CUST-000116,PROD-0600,9,1007.66,2026-09-01 18:00:00,delivered,2026-09-01 14:00:00
OL-000200683,ORD-00066894,CUST-003152,PROD-0822,5,3689.64,2026-09-01 19:00:00,delivered,2026-09-01 15:00:00
OL-000200684,ORD-00066894,CUST-001860,PROD-0568,5,4231.06,2026-09-01 08:00:00,placed,2026-09-01 16:00:00
OL-000200685,ORD-00066895,CUST-002323,PROD-0269,4,4369.92,2026-09-01 09:00:00,delivered,2026-09-01 17:00:00
OL-000200686,ORD-00066895,CUST-003694,PROD-0573,2,2574.93,2026-09-01 10:00:00,delivered,2026-09-01 18:00:00
OL-000200687,ORD-00066895,CUST-002534,PROD-0276,1,3993.44,2026-09-01 11:00:00,delivered,2026-09-01 19:00:00
OL-000200688,ORD-00066896,CUST-000315,PROD-0305,6,518.77,2026-09-01 12:00:00,placed,2026-09-01 12:00:00
OL-000200689,ORD-00066896,CUST-000305,PROD-0451,1,1589.3,2026-09-01 13:00:00,shipped,2026-09-01 13:00:00
OL-000200690,ORD-00066896,CUST-000772,PROD-0768,5,1229.97,2026-09-01 14:00:00,delivered,2026-09-01 14:00:00
OL-000200691,ORD-00066897,CUST-001192,PROD-0552,6,2898.81,2026-09-01 15:00:00,delivered,2026-09-01 15:00:00
OL-000200692,ORD-00066897,CUST-001419,PROD-0271,6,903.43,2026-09-01 16:00:00,shipped,2026-09-01 16:00:00
OL-000200693,ORD-00066897,CUST-000190,PROD-0307,5,3293.9,2026-09-01 17:00:00,delivered,2026-09-01 17:00:00
OL-000200694,ORD-00066898,CUST-001523,PROD-0823,3,1984.54,2026-09-01 18:00:00,delivered,2026-09-01 18:00:00
OL-000200695,ORD-00066898,CUST-003310,PROD-0175,5,527.57,2026-09-01 19:00:00,shipped,2026-09-01 19:00:00
OL-000200696,ORD-00066898,CUST-001983,PROD-0237,5,1722.33,2026-09-01 08:00:00,delivered,2026-09-01 12:00:00
OL-000200697,ORD-00066899,CUST-002818,PROD-0806,5,1512.96,2026-09-01 09:00:00,placed,2026-09-01 13:00:00
OL-000200698,ORD-00066899,CUST-003704,PROD-0735,1,177.25,2026-09-01 10:00:00,delivered,2026-09-01 14:00:00
OL-000200699,ORD-00066899,CUST-002335,PROD-0633,5,2886.32,2026-09-01 11:00:00,delivered,2026-09-01 15:00:00
OL-000200700,ORD-00066900,CUST-002102,PROD-0156,6,1580.0,2026-09-01 12:00:00,delivered,2026-09-01 16:00:00
OL-000200701,ORD-00066900,CUST-002990,PROD-0820,6,3369.23,2026-09-01 13:00:00,delivered,2026-09-01 17:00:00
OL-000200702,ORD-00066900,CUST-002784,PROD-0070,2,2039.52,2026-09-01 14:00:00,delivered,2026-09-01 18:00:00
OL-000200703,ORD-00066901,CUST-002844,PROD-0577,9,1964.24,2026-09-01 15:00:00,placed,2026-09-01 19:00:00
OL-000200704,ORD-00066901,CUST-003719,PROD-0218,1,1879.65,2026-09-01 16:00:00,delivered,2026-09-01 12:00:00
OL-000200705,ORD-00066901,CUST-000606,PROD-0457,3,327.48,2026-09-01 17:00:00,shipped,2026-09-01 13:00:00
OL-000200706,ORD-00066902,CUST-002870,PROD-0331,1,2995.23,2026-09-01 18:00:00,placed,2026-09-01 14:00:00
OL-000200707,ORD-00066902,CUST-001758,PROD-0552,2,2113.79,2026-09-01 19:00:00,cancelled,2026-09-01 15:00:00
OL-000200708,ORD-00066902,CUST-000749,PROD-0638,9,3498.71,2026-09-01 08:00:00,delivered,2026-09-01 16:00:00
OL-000200709,ORD-00066903,CUST-002812,PROD-0715,1,396.09,2026-09-01 09:00:00,delivered,2026-09-01 17:00:00
OL-000200710,ORD-00066903,CUST-002443,PROD-0744,1,1576.86,2026-09-01 10:00:00,shipped,2026-09-01 18:00:00
OL-000200711,ORD-00066903,CUST-003799,PROD-0372,5,4769.8,2026-09-01 11:00:00,delivered,2026-09-01 19:00:00
OL-000200712,ORD-00066904,CUST-002421,PROD-0180,9,3297.16,2026-09-01 12:00:00,delivered,2026-09-01 12:00:00
OL-000200713,ORD-00066904,CUST-002972,PROD-0753,6,189.39,2026-09-01 13:00:00,delivered,2026-09-01 13:00:00
OL-000200714,ORD-00066904,CUST-000657,PROD-0076,2,3604.25,2026-09-01 14:00:00,delivered,2026-09-01 14:00:00
OL-000200715,ORD-00066905,CUST-002744,PROD-0153,6,3240.08,2026-09-01 15:00:00,delivered,2026-09-01 15:00:00
OL-000200716,ORD-00066905,CUST-003113,PROD-0207,2,3882.64,2026-09-01 16:00:00,delivered,2026-09-01 16:00:00
OL-000200717,ORD-00066905,CUST-000338,PROD-0488,8,4057.99,2026-09-01 17:00:00,cancelled,2026-09-01 17:00:00
OL-000200718,ORD-00066906,CUST-000721,PROD-0241,6,3247.61,2026-09-01 18:00:00,delivered,2026-09-01 18:00:00
OL-000200719,ORD-00066906,CUST-003391,PROD-0649,9,2857.93,2026-09-01 19:00:00,placed,2026-09-01 19:00:00
OL-000200720,ORD-00066906,CUST-002244,PROD-0643,6,1664.44,2026-09-01 08:00:00,delivered,2026-09-01 12:00:00
OL-000200721,ORD-00066907,CUST-003313,PROD-0892,9,1249.25,2026-09-01 09:00:00,delivered,2026-09-01 13:00:00
OL-000200722,ORD-00066907,CUST-001395,PROD-0525,1,504.11,2026-09-01 10:00:00,delivered,2026-09-01 14:00:00
OL-000200723,ORD-00066907,CUST-002152,PROD-0756,5,4562.89,2026-09-01 11:00:00,delivered,2026-09-01 15:00:00
OL-000200724,ORD-00066908,CUST-000552,PROD-0351,5,1907.72,2026-09-01 12:00:00,delivered,2026-09-01 16:00:00
OL-000200725,ORD-00066908,CUST-001853,PROD-0601,6,2536.13,2026-09-01 13:00:00,placed,2026-09-01 17:00:00
OL-000200726,ORD-00066908,CUST-001047,PROD-0500,4,2914.74,2026-09-01 14:00:00,delivered,2026-09-01 18:00:00
OL-000200727,ORD-00066909,CUST-003101,PROD-0682,5,3601.25,2026-09-01 15:00:00,delivered,2026-09-01 19:00:00
OL-000200728,ORD-00066909,CUST-003583,PROD-0210,3,4170.01,2026-09-01 16:00:00,delivered,2026-09-01 12:00:00
OL-000200729,ORD-00066909,CUST-000448,PROD-0662,4,2624.07,2026-09-01 17:00:00,shipped,2026-09-01 13:00:00
OL-000200730,ORD-00066910,CUST-001769,PROD-0795,7,1605.31,2026-09-01 18:00:00,delivered,2026-09-01 14:00:00
OL-000200731,ORD-00066910,CUST-003444,PROD-0017,3,2293.7,2026-09-01 19:00:00,delivered,2026-09-01 15:00:00
OL-000200732,ORD-00066910,CUST-002220,PROD-0741,1,3030.57,2026-09-01 08:00:00,delivered,2026-09-01 16:00:00
OL-000200733,ORD-00066911,CUST-002366,PROD-0890,1,640.6,2026-09-01 09:00:00,delivered,2026-09-01 17:00:00
OL-000200734,ORD-00066911,CUST-000393,PROD-0148,7,4405.52,2026-09-01 10:00:00,shipped,2026-09-01 18:00:00
OL-000200735,ORD-00066911,CUST-003193,PROD-0214,6,4108.78,2026-09-01 11:00:00,delivered,2026-09-01 19:00:00
OL-000200736,ORD-00066912,CUST-000707,PROD-0444,6,1425.88,2026-09-01 12:00:00,delivered,2026-09-01 12:00:00
OL-000200737,ORD-00066912,CUST-003494,PROD-0247,4,4331.01,2026-09-01 13:00:00,delivered,2026-09-01 13:00:00
OL-000200738,ORD-00066912,CUST-002118,PROD-0855,7,1210.78,2026-09-01 14:00:00,delivered,2026-09-01 14:00:00
OL-000200739,ORD-00066913,CUST-001950,PROD-0282,1,3927.67,2026-09-01 15:00:00,delivered,2026-09-01 15:00:00
OL-000200740,ORD-00066913,CUST-001098,PROD-0752,5,1244.43,2026-09-01 16:00:00,shipped,2026-09-01 16:00:00
OL-000200741,ORD-00066913,CUST-000657,PROD-0626,5,2873.33,2026-09-01 17:00:00,delivered,2026-09-01 17:00:00
OL-000200742,ORD-00066914,CUST-000994,PROD-0548,7,985.85,2026-09-01 18:00:00,delivered,2026-09-01 18:00:00
OL-000200743,ORD-00066914,CUST-003285,PROD-0767,1,822.89,2026-09-01 19:00:00,delivered,2026-09-01 19:00:00
OL-000200744,ORD-00066914,CUST-000550,PROD-0181,1,3473.74,2026-09-01 08:00:00,shipped,2026-09-01 12:00:00
OL-000200745,ORD-00066915,CUST-001186,PROD-0732,2,434.56,2026-09-01 09:00:00,delivered,2026-09-01 13:00:00
OL-000200746,ORD-00066915,CUST-000826,PROD-0366,7,570.25,2026-09-01 10:00:00,delivered,2026-09-01 14:00:00
OL-000200747,ORD-00066915,CUST-000988,PROD-0661,8,3988.36,2026-09-01 11:00:00,delivered,2026-09-01 15:00:00
OL-000200748,ORD-00066916,CUST-003253,PROD-0196,8,3530.99,2026-09-01 12:00:00,delivered,2026-09-01 16:00:00
OL-000200749,ORD-00066916,CUST-003319,PROD-0389,1,386.31,2026-09-01 13:00:00,cancelled,2026-09-01 17:00:00
OL-000200750,ORD-00066916,CUST-000338,PROD-0818,7,4049.68,2026-09-01 14:00:00,delivered,2026-09-01 18:00:00
OL-000200751,ORD-00066917,CUST-003008,PROD-0462,9,1114.78,2026-09-01 15:00:00,shipped,2026-09-01 19:00:00
OL-000200752,ORD-00066917,CUST-002755,PROD-0130,2,3633.41,2026-09-01 16:00:00,delivered,2026-09-01 12:00:00
OL-000200753,ORD-00066917,CUST-001588,PROD-0034,2,2223.2,2026-09-01 17:00:00,delivered,2026-09-01 13:00:00
OL-000200754,ORD-00066918,CUST-002143,PROD-0626,8,4322.41,2026-09-01 18:00:00,delivered,2026-09-01 14:00:00
OL-000200755,ORD-00066918,CUST-003004,PROD-0264,1,1691.75,2026-09-01 19:00:00,delivered,2026-09-01 15:00:00
OL-000200756,ORD-00066918,CUST-002083,PROD-0260,3,4489.13,2026-09-01 08:00:00,delivered,2026-09-01 16:00:00
OL-000200757,ORD-00066919,CUST-001262,PROD-0178,4,2520.19,2026-09-01 09:00:00,delivered,2026-09-01 17:00:00
OL-000200758,ORD-00066919,CUST-000002,PROD-0163,8,4070.23,2026-09-01 10:00:00,delivered,2026-09-01 18:00:00
OL-000200759,ORD-00066919,CUST-002746,PROD-0448,2,3710.0,2026-09-01 11:00:00,delivered,2026-09-01 19:00:00
OL-000200760,ORD-00066920,CUST-002572,PROD-0334,8,4484.97,2026-09-01 12:00:00,delivered,2026-09-01 12:00:00
OL-000200761,ORD-00066920,CUST-003284,PROD-0676,9,3139.01,2026-09-01 13:00:00,shipped,2026-09-01 13:00:00
OL-000200762,ORD-00066920,CUST-002521,PROD-0629,9,4523.75,2026-09-01 14:00:00,delivered,2026-09-01 14:00:00
OL-000200763,ORD-00066921,CUST-003152,PROD-0537,4,4534.47,2026-09-01 15:00:00,delivered,2026-09-01 15:00:00
OL-000200764,ORD-00066921,CUST-000212,PROD-0284,4,4567.4,2026-09-01 16:00:00,delivered,2026-09-01 16:00:00
OL-000200765,ORD-00066921,CUST-002485,PROD-0632,8,3053.53,2026-09-01 17:00:00,delivered,2026-09-01 17:00:00
OL-000200766,ORD-00066922,CUST-001365,PROD-0119,6,1328.38,2026-09-01 18:00:00,delivered,2026-09-01 18:00:00
OL-000200767,ORD-00066922,CUST-000785,PROD-0113,7,1652.63,2026-09-01 19:00:00,shipped,2026-09-01 19:00:00
OL-000200768,ORD-00066922,CUST-001673,PROD-0826,5,3652.28,2026-09-01 08:00:00,delivered,2026-09-01 12:00:00
OL-000200769,ORD-00066923,CUST-003389,PROD-0815,3,2739.97,2026-09-01 09:00:00,shipped,2026-09-01 13:00:00
OL-000200770,ORD-00066923,CUST-001730,PROD-0871,7,596.69,2026-09-01 10:00:00,delivered,2026-09-01 14:00:00
OL-000200771,ORD-00066923,CUST-002685,PROD-0775,5,4286.26,2026-09-01 11:00:00,delivered,2026-09-01 15:00:00
OL-000200772,ORD-00066924,CUST-003816,PROD-0226,1,235.35,2026-09-01 12:00:00,placed,2026-09-01 16:00:00
OL-000200773,ORD-00066924,CUST-003893,PROD-0279,3,3399.14,2026-09-01 13:00:00,delivered,2026-09-01 17:00:00
OL-000200774,ORD-00066924,CUST-001708,PROD-0366,4,1626.9,2026-09-01 14:00:00,delivered,2026-09-01 18:00:00
OL-000200775,ORD-00066925,CUST-001306,PROD-0017,9,1353.35,2026-09-01 15:00:00,delivered,2026-09-01 19:00:00
OL-000200776,ORD-00066925,CUST-001217,PROD-0120,6,1665.28,2026-09-01 16:00:00,placed,2026-09-01 12:00:00
OL-000200777,ORD-00066925,CUST-000480,PROD-0862,8,3806.19,2026-09-01 17:00:00,delivered,2026-09-01 13:00:00
OL-000200778,ORD-00066926,CUST-002752,PROD-0454,9,554.13,2026-09-01 18:00:00,shipped,2026-09-01 14:00:00
OL-000200779,ORD-00066926,CUST-002575,PROD-0191,7,3912.42,2026-09-01 19:00:00,delivered,2026-09-01 15:00:00
OL-000200780,ORD-00066926,CUST-002165,PROD-0835,3,2022.45,2026-09-01 08:00:00,shipped,2026-09-01 16:00:00
OL-000200781,ORD-00066927,CUST-002690,PROD-0709,1,3109.94,2026-09-01 09:00:00,delivered,2026-09-01 17:00:00
OL-000200782,ORD-00066927,CUST-002115,PROD-0702,1,2999.25,2026-09-01 10:00:00,placed,2026-09-01 18:00:00
OL-000200783,ORD-00066927,CUST-000494,PROD-0439,6,2172.43,2026-09-01 11:00:00,shipped,2026-09-01 19:00:00
OL-000200784,ORD-00066928,CUST-003984,PROD-0212,8,2942.71,2026-09-01 12:00:00,delivered,2026-09-01 12:00:00
OL-000200785,ORD-00066928,CUST-000348,PROD-0785,7,2593.03,2026-09-01 13:00:00,placed,2026-09-01 13:00:00
OL-000200786,ORD-00066928,CUST-002475,PROD-0856,9,991.01,2026-09-01 14:00:00,delivered,2026-09-01 14:00:00
OL-000200787,ORD-00066929,CUST-003974,PROD-0569,1,3464.73,2026-09-01 15:00:00,delivered,2026-09-01 15:00:00
OL-000200788,ORD-00066929,CUST-002627,PROD-0740,5,1684.13,2026-09-01 16:00:00,delivered,2026-09-01 16:00:00
OL-000200789,ORD-00066929,CUST-002680,PROD-0095,4,579.57,2026-09-01 17:00:00,delivered,2026-09-01 17:00:00
OL-000200790,ORD-00066930,CUST-001965,PROD-0015,1,2806.06,2026-09-01 18:00:00,delivered,2026-09-01 18:00:00
OL-000200791,ORD-00066930,CUST-000777,PROD-0375,3,1436.08,2026-09-01 19:00:00,delivered,2026-09-01 19:00:00
OL-000200792,ORD-00066930,CUST-002824,PROD-0068,9,3079.69,2026-09-01 08:00:00,delivered,2026-09-01 12:00:00
OL-000200793,ORD-00066931,CUST-002080,PROD-0581,2,4544.42,2026-09-01 09:00:00,delivered,2026-09-01 13:00:00
OL-000200794,ORD-00066931,CUST-003984,PROD-0760,9,3627.51,2026-09-01 10:00:00,cancelled,2026-09-01 14:00:00
OL-000200795,ORD-00066931,CUST-002039,PROD-0249,9,3215.26,2026-09-01 11:00:00,delivered,2026-09-01 15:00:00
OL-000200796,ORD-00066932,CUST-002597,PROD-0840,5,4341.45,2026-09-01 12:00:00,delivered,2026-09-01 16:00:00
OL-000200797,ORD-00066932,CUST-003063,PROD-0535,8,2810.39,2026-09-01 13:00:00,delivered,2026-09-01 17:00:00
OL-000200798,ORD-00066932,CUST-000903,PROD-0860,5,775.54,2026-09-01 14:00:00,delivered,2026-09-01 18:00:00
OL-000200799,ORD-00066933,CUST-001595,PROD-0530,3,3770.09,2026-09-01 15:00:00,delivered,2026-09-01 19:00:00
OL-000200800,ORD-00066933,CUST-002159,PROD-0171,4,422.64,2026-09-01 16:00:00,delivered,2026-09-01 12:00:00
OL-000200801,ORD-00066933,CUST-000691,PROD-0615,5,2669.6,2026-09-01 17:00:00,delivered,2026-09-01 13:00:00
OL-000200802,ORD-00066934,CUST-003699,PROD-0832,1,2451.95,2026-09-01 18:00:00,delivered,2026-09-01 14:00:00
OL-000200803,ORD-00066934,CUST-001460,PROD-0053,1,360.04,2026-09-01 19:00:00,delivered,2026-09-01 15:00:00
OL-000200804,ORD-00066934,CUST-003462,PROD-0125,1,674.07,2026-09-01 08:00:00,delivered,2026-09-01 16:00:00
OL-000200805,ORD-00066935,CUST-001246,PROD-0175,8,1330.63,2026-09-01 09:00:00,shipped,2026-09-01 17:00:00
OL-000200806,ORD-00066935,CUST-000237,PROD-0131,6,2607.22,2026-09-01 10:00:00,shipped,2026-09-01 18:00:00
OL-000200807,ORD-00066935,CUST-002182,PROD-0819,1,4713.59,2026-09-01 11:00:00,placed,2026-09-01 19:00:00
OL-000200808,ORD-00066936,CUST-003086,PROD-0451,5,4719.37,2026-09-01 12:00:00,delivered,2026-09-01 12:00:00
OL-000200809,ORD-00066936,CUST-001500,PROD-0714,7,4115.64,2026-09-01 13:00:00,shipped,2026-09-01 13:00:00
OL-000200810,ORD-00066936,CUST-001539,PROD-0513,2,1611.32,2026-09-01 14:00:00,delivered,2026-09-01 14:00:00
OL-000200811,ORD-00066937,CUST-003510,PROD-0469,5,1908.84,2026-09-01 15:00:00,delivered,2026-09-01 15:00:00
OL-000200812,ORD-00066937,CUST-002934,PROD-0485,8,3267.63,2026-09-01 16:00:00,delivered,2026-09-01 16:00:00
OL-000200813,ORD-00066937,CUST-000447,PROD-0685,7,2069.33,2026-09-01 17:00:00,placed,2026-09-01 17:00:00
OL-000200814,ORD-00066938,CUST-003879,PROD-0477,8,3744.15,2026-09-01 18:00:00,delivered,2026-09-01 18:00:00
OL-000200815,ORD-00066938,CUST-001611,PROD-0364,8,1881.5,2026-09-01 19:00:00,delivered,2026-09-01 19:00:00
OL-000200816,ORD-00066938,CUST-002804,PROD-0340,3,3337.22,2026-09-01 08:00:00,delivered,2026-09-01 12:00:00
OL-000200817,ORD-00066939,CUST-003187,PROD-0619,3,4135.82,2026-09-01 09:00:00,placed,2026-09-01 13:00:00
OL-000200818,ORD-00066939,CUST-000272,PROD-0414,7,367.48,2026-09-01 10:00:00,delivered,2026-09-01 14:00:00
OL-000200819,ORD-00066939,CUST-003429,PROD-0557,6,4119.91,2026-09-01 11:00:00,delivered,2026-09-01 15:00:00
OL-000200820,ORD-00066940,CUST-000898,PROD-0312,7,4208.06,2026-09-01 12:00:00,delivered,2026-09-01 16:00:00
OL-000200821,ORD-00066940,CUST-002746,PROD-0437,6,3175.39,2026-09-01 13:00:00,delivered,2026-09-01 17:00:00
OL-000200822,ORD-00066940,CUST-003025,PROD-0492,4,2010.79,2026-09-01 14:00:00,shipped,2026-09-01 18:00:00
OL-000200823,ORD-00066941,CUST-001806,PROD-0878,6,4389.41,2026-09-01 15:00:00,delivered,2026-09-01 19:00:00
OL-000200824,ORD-00066941,CUST-001568,PROD-0482,4,2761.62,2026-09-01 16:00:00,delivered,2026-09-01 12:00:00
OL-000200825,ORD-00066941,CUST-001664,PROD-0374,9,2592.17,2026-09-01 17:00:00,shipped,2026-09-01 13:00:00
OL-000200826,ORD-00066942,CUST-002267,PROD-0595,4,4183.08,2026-09-01 18:00:00,delivered,2026-09-01 14:00:00
OL-000200827,ORD-00066942,CUST-000888,PROD-0375,5,504.59,2026-09-01 19:00:00,delivered,2026-09-01 15:00:00
OL-000200828,ORD-00066942,CUST-000718,PROD-0310,7,3410.62,2026-09-01 08:00:00,cancelled,2026-09-01 16:00:00
OL-000200829,ORD-00066943,CUST-002918,PROD-0873,2,2908.99,2026-09-01 09:00:00,delivered,2026-09-01 17:00:00
OL-000200830,ORD-00066943,CUST-001028,PROD-0168,6,1430.18,2026-09-01 10:00:00,shipped,2026-09-01 18:00:00
OL-000200831,ORD-00066943,CUST-002556,PROD-0336,4,391.05,2026-09-01 11:00:00,delivered,2026-09-01 19:00:00
OL-000200832,ORD-00066944,CUST-003716,PROD-0847,9,945.97,2026-09-01 12:00:00,delivered,2026-09-01 12:00:00
OL-000200833,ORD-00066944,CUST-002340,PROD-0032,3,2126.33,2026-09-01 13:00:00,shipped,2026-09-01 13:00:00
OL-000200834,ORD-00066944,CUST-000687,PROD-0162,9,2604.78,2026-09-01 14:00:00,shipped,2026-09-01 14:00:00
OL-000200835,ORD-00066945,CUST-002949,PROD-0467,4,4091.0,2026-09-01 15:00:00,delivered,2026-09-01 15:00:00
OL-000200836,ORD-00066945,CUST-002356,PROD-0740,2,2630.54,2026-09-01 16:00:00,delivered,2026-09-01 16:00:00
OL-000200837,ORD-00066945,CUST-002661,PROD-0232,9,4452.16,2026-09-01 17:00:00,delivered,2026-09-01 17:00:00
OL-000200838,ORD-00066946,CUST-002472,PROD-0042,9,4607.81,2026-09-01 18:00:00,delivered,2026-09-01 18:00:00
OL-000200839,ORD-00066946,CUST-001932,PROD-0851,3,288.24,2026-09-01 19:00:00,delivered,2026-09-01 19:00:00
OL-000200840,ORD-00066946,CUST-002305,PROD-0497,5,3099.72,2026-09-01 08:00:00,delivered,2026-09-01 12:00:00
OL-000200841,ORD-00066947,CUST-003994,PROD-0582,6,3659.41,2026-09-01 09:00:00,delivered,2026-09-01 13:00:00
OL-000200842,ORD-00066947,CUST-001986,PROD-0128,9,1841.88,2026-09-01 10:00:00,shipped,2026-09-01 14:00:00
OL-000200843,ORD-00066947,CUST-003184,PROD-0432,5,1425.72,2026-09-01 11:00:00,delivered,2026-09-01 15:00:00
OL-000200844,ORD-00066948,CUST-000062,PROD-0737,9,1086.77,2026-09-01 12:00:00,shipped,2026-09-01 16:00:00
OL-000200845,ORD-00066948,CUST-001290,PROD-0285,5,2467.63,2026-09-01 13:00:00,shipped,2026-09-01 17:00:00
OL-000200846,ORD-00066948,CUST-001601,PROD-0002,2,771.01,2026-09-01 14:00:00,delivered,2026-09-01 18:00:00
OL-000200847,ORD-00066949,CUST-003248,PROD-0036,2,4097.52,2026-09-01 15:00:00,delivered,2026-09-01 19:00:00
OL-000200848,ORD-00066949,CUST-001959,PROD-0754,7,2446.67,2026-09-01 16:00:00,delivered,2026-09-01 12:00:00
OL-000200849,ORD-00066949,CUST-002206,PROD-0667,5,3240.4,2026-09-01 17:00:00,delivered,2026-09-01 13:00:00
OL-000200850,ORD-00066950,CUST-001616,PROD-0094,3,1288.49,2026-09-01 18:00:00,delivered,2026-09-01 14:00:00
OL-000200851,ORD-00066950,CUST-000329,PROD-0125,3,779.98,2026-09-01 19:00:00,delivered,2026-09-01 15:00:00
OL-000200852,ORD-00066950,CUST-002654,PROD-0614,6,3727.59,2026-09-01 08:00:00,placed,2026-09-01 16:00:00
OL-000200853,ORD-00066951,CUST-003350,PROD-0103,2,1495.0,2026-09-01 09:00:00,delivered,2026-09-01 17:00:00
OL-000200854,ORD-00066951,CUST-001376,PROD-0671,5,2204.7,2026-09-01 10:00:00,delivered,2026-09-01 18:00:00
OL-000200855,ORD-00066951,CUST-003503,PROD-0801,5,1834.8,2026-09-01 11:00:00,delivered,2026-09-01 19:00:00
OL-000200856,ORD-00066952,CUST-003426,PROD-0651,8,3837.91,2026-09-01 12:00:00,delivered,2026-09-01 12:00:00
OL-000200857,ORD-00066952,CUST-000710,PROD-0169,1,474.79,2026-09-01 13:00:00,delivered,2026-09-01 13:00:00
OL-000200858,ORD-00066952,CUST-002632,PROD-0574,1,2494.58,2026-09-01 14:00:00,placed,2026-09-01 14:00:00
OL-000200859,ORD-00066953,CUST-000966,PROD-0166,8,964.92,2026-09-01 15:00:00,shipped,2026-09-01 15:00:00
OL-000200860,ORD-00066953,CUST-002689,PROD-0562,9,2452.6,2026-09-01 16:00:00,delivered,2026-09-01 16:00:00
OL-000200861,ORD-00066953,CUST-000326,PROD-0674,7,2709.57,2026-09-01 17:00:00,delivered,2026-09-01 17:00:00
OL-000200862,ORD-00066954,CUST-001848,PROD-0125,3,4271.06,2026-09-01 18:00:00,delivered,2026-09-01 18:00:00
OL-000200863,ORD-00066954,CUST-002050,PROD-0281,4,2872.88,2026-09-01 19:00:00,delivered,2026-09-01 19:00:00
OL-000200864,ORD-00066954,CUST-003882,PROD-0034,7,2884.13,2026-09-01 08:00:00,delivered,2026-09-01 12:00:00
OL-000200865,ORD-00066955,CUST-003889,PROD-0625,8,1736.37,2026-09-01 09:00:00,delivered,2026-09-01 13:00:00
OL-000200866,ORD-00066955,CUST-002147,PROD-0068,7,2981.41,2026-09-01 10:00:00,delivered,2026-09-01 14:00:00
OL-000200867,ORD-00066955,CUST-002900,PROD-0168,3,2675.1,2026-09-01 11:00:00,delivered,2026-09-01 15:00:00
OL-000200868,ORD-00066956,CUST-002695,PROD-0034,8,3276.78,2026-09-01 12:00:00,delivered,2026-09-01 16:00:00
OL-000200869,ORD-00066956,CUST-003575,PROD-0817,8,224.93,2026-09-01 13:00:00,delivered,2026-09-01 17:00:00
OL-000200870,ORD-00066956,CUST-001347,PROD-0888,2,352.53,2026-09-01 14:00:00,delivered,2026-09-01 18:00:00
OL-000200871,ORD-00066957,CUST-001541,PROD-0234,8,641.61,2026-09-01 15:00:00,shipped,2026-09-01 19:00:00
OL-000200872,ORD-00066957,CUST-001557,PROD-0442,3,466.21,2026-09-01 16:00:00,cancelled,2026-09-01 12:00:00
OL-000200873,ORD-00066957,CUST-001561,PROD-0110,7,1507.49,2026-09-01 17:00:00,delivered,2026-09-01 13:00:00
OL-000200874,ORD-00066958,CUST-003527,PROD-0886,3,127.05,2026-09-01 18:00:00,delivered,2026-09-01 14:00:00
OL-000200875,ORD-00066958,CUST-001302,PROD-0612,8,2197.99,2026-09-01 19:00:00,placed,2026-09-01 15:00:00
OL-000200876,ORD-00066958,CUST-003722,PROD-0140,9,3728.57,2026-09-01 08:00:00,delivered,2026-09-01 16:00:00
OL-000200877,ORD-00066959,CUST-001176,PROD-0090,1,2346.8,2026-09-01 09:00:00,delivered,2026-09-01 17:00:00
OL-000200878,ORD-00066959,CUST-000801,PROD-0247,6,4415.13,2026-09-01 10:00:00,delivered,2026-09-01 18:00:00
OL-000200879,ORD-00066959,CUST-003403,PROD-0363,9,4624.08,2026-09-01 11:00:00,placed,2026-09-01 19:00:00
OL-000200880,ORD-00066960,CUST-002558,PROD-0083,8,1264.52,2026-09-01 12:00:00,shipped,2026-09-01 12:00:00
OL-000200881,ORD-00066960,CUST-001589,PROD-0583,2,482.23,2026-09-01 13:00:00,delivered,2026-09-01 13:00:00
OL-000200882,ORD-00066960,CUST-002554,PROD-0437,7,3997.58,2026-09-01 14:00:00,delivered,2026-09-01 14:00:00
OL-000200883,ORD-00066961,CUST-003362,PROD-0661,7,253.11,2026-09-01 15:00:00,delivered,2026-09-01 15:00:00
OL-000200884,ORD-00066961,CUST-000658,PROD-0497,9,4292.15,2026-09-01 16:00:00,shipped,2026-09-01 16:00:00
OL-000200885,ORD-00066961,CUST-002475,PROD-0362,6,2057.92,2026-09-01 17:00:00,delivered,2026-09-01 17:00:00
OL-000200886,ORD-00066962,CUST-000130,PROD-0413,1,990.98,2026-09-01 18:00:00,delivered,2026-09-01 18:00:00
OL-000200887,ORD-00066962,CUST-003160,PROD-0415,8,441.66,2026-09-01 19:00:00,shipped,2026-09-01 19:00:00
OL-000200888,ORD-00066962,CUST-001389,PROD-0033,9,4145.27,2026-09-01 08:00:00,delivered,2026-09-01 12:00:00
OL-000200889,ORD-00066963,CUST-002727,PROD-0857,6,1574.38,2026-09-01 09:00:00,placed,2026-09-01 13:00:00
OL-000200890,ORD-00066963,CUST-001342,PROD-0696,1,3136.16,2026-09-01 10:00:00,delivered,2026-09-01 14:00:00
OL-000200891,ORD-00066963,CUST-001421,PROD-0248,9,320.75,2026-09-01 11:00:00,delivered,2026-09-01 15:00:00
OL-000200892,ORD-00066964,CUST-002925,PROD-0594,1,2624.67,2026-09-01 12:00:00,delivered,2026-09-01 16:00:00
OL-000200893,ORD-00066964,CUST-002036,PROD-0898,3,2841.71,2026-09-01 13:00:00,delivered,2026-09-01 17:00:00
OL-000200894,ORD-00066964,CUST-003433,PROD-0659,2,4323.58,2026-09-01 14:00:00,delivered,2026-09-01 18:00:00
OL-000200895,ORD-00066965,CUST-002794,PROD-0250,6,3544.11,2026-09-01 15:00:00,shipped,2026-09-01 19:00:00
OL-000200896,ORD-00066965,CUST-002939,PROD-0188,6,3824.84,2026-09-01 16:00:00,placed,2026-09-01 12:00:00
OL-000200897,ORD-00066965,CUST-000889,PROD-0844,3,2778.06,2026-09-01 17:00:00,delivered,2026-09-01 13:00:00
OL-000200898,ORD-00066966,CUST-000744,PROD-0342,3,1889.33,2026-09-01 18:00:00,delivered,2026-09-01 14:00:00
OL-000200899,ORD-00066966,CUST-002618,PROD-0320,1,2087.19,2026-09-01 19:00:00,delivered,2026-09-01 15:00:00
OL-000200900,ORD-00066966,CUST-000645,PROD-0366,2,4662.32,2026-09-01 08:00:00,delivered,2026-09-01 16:00:00
OL-000200901,ORD-00066967,CUST-002519,PROD-0266,7,781.64,2026-09-01 09:00:00,shipped,2026-09-01 17:00:00
OL-000200902,ORD-00066967,CUST-001422,PROD-0174,3,656.53,2026-09-01 10:00:00,cancelled,2026-09-01 18:00:00
OL-000200903,ORD-00066967,CUST-002007,PROD-0523,4,1553.53,2026-09-01 11:00:00,shipped,2026-09-01 19:00:00
OL-000200904,ORD-00066968,CUST-000971,PROD-0267,4,2027.15,2026-09-01 12:00:00,delivered,2026-09-01 12:00:00
OL-000200905,ORD-00066968,CUST-000151,PROD-0459,7,2756.28,2026-09-01 13:00:00,delivered,2026-09-01 13:00:00
OL-000200906,ORD-00066968,CUST-000275,PROD-0301,2,2553.22,2026-09-01 14:00:00,delivered,2026-09-01 14:00:00
OL-000200907,ORD-00066969,CUST-001643,PROD-0865,6,124.56,2026-09-01 15:00:00,placed,2026-09-01 15:00:00
OL-000200908,ORD-00066969,CUST-002288,PROD-0749,1,4064.44,2026-09-01 16:00:00,delivered,2026-09-01 16:00:00
OL-000200909,ORD-00066969,CUST-002806,PROD-0590,3,3010.28,2026-09-01 17:00:00,delivered,2026-09-01 17:00:00
OL-000200910,ORD-00066970,CUST-000898,PROD-0280,1,4300.35,2026-09-01 18:00:00,cancelled,2026-09-01 18:00:00
OL-000200911,ORD-00066970,CUST-000983,PROD-0070,6,3128.5,2026-09-01 19:00:00,shipped,2026-09-01 19:00:00
OL-000200912,ORD-00066970,CUST-001864,PROD-0823,8,3100.31,2026-09-01 08:00:00,delivered,2026-09-01 12:00:00
OL-000200913,ORD-00066971,CUST-001282,PROD-0384,3,1916.15,2026-09-01 09:00:00,shipped,2026-09-01 13:00:00
OL-000200914,ORD-00066971,CUST-003639,PROD-0105,1,3940.76,2026-09-01 10:00:00,delivered,2026-09-01 14:00:00
OL-000200915,ORD-00066971,CUST-000775,PROD-0583,1,663.87,2026-09-01 11:00:00,delivered,2026-09-01 15:00:00
OL-000200916,ORD-00066972,CUST-002530,PROD-0899,1,1778.77,2026-09-01 12:00:00,delivered,2026-09-01 16:00:00
OL-000200917,ORD-00066972,CUST-003966,PROD-0530,7,3716.62,2026-09-01 13:00:00,delivered,2026-09-01 17:00:00
OL-000200918,ORD-00066972,CUST-003164,PROD-0639,1,2674.93,2026-09-01 14:00:00,shipped,2026-09-01 18:00:00
OL-000200919,ORD-00066973,CUST-003953,PROD-0711,1,4207.15,2026-09-01 15:00:00,delivered,2026-09-01 19:00:00
OL-000200920,ORD-00066973,CUST-003405,PROD-0871,4,4598.28,2026-09-01 16:00:00,placed,2026-09-01 12:00:00
OL-000200921,ORD-00066973,CUST-001800,PROD-0164,4,2331.11,2026-09-01 17:00:00,delivered,2026-09-01 13:00:00
OL-000200922,ORD-00066974,CUST-001429,PROD-0616,9,3304.76,2026-09-01 18:00:00,shipped,2026-09-01 14:00:00
OL-000200923,ORD-00066974,CUST-000794,PROD-0519,4,3453.47,2026-09-01 19:00:00,delivered,2026-09-01 15:00:00
OL-000200924,ORD-00066974,CUST-001676,PROD-0078,9,1784.49,2026-09-01 08:00:00,placed,2026-09-01 16:00:00
OL-000200925,ORD-00066975,CUST-003289,PROD-0509,9,2452.85,2026-09-01 09:00:00,delivered,2026-09-01 17:00:00
OL-000200926,ORD-00066975,CUST-002565,PROD-0304,1,3203.92,2026-09-01 10:00:00,shipped,2026-09-01 18:00:00
OL-000200927,ORD-00066975,CUST-002004,PROD-0431,8,743.48,2026-09-01 11:00:00,delivered,2026-09-01 19:00:00
OL-000200928,ORD-00066976,CUST-002203,PROD-0391,7,2771.13,2026-09-01 12:00:00,delivered,2026-09-01 12:00:00
OL-000200929,ORD-00066976,CUST-000258,PROD-0329,9,866.11,2026-09-01 13:00:00,delivered,2026-09-01 13:00:00
OL-000200930,ORD-00066976,CUST-001220,PROD-0054,7,659.66,2026-09-01 14:00:00,delivered,2026-09-01 14:00:00
OL-000200931,ORD-00066977,CUST-001064,PROD-0517,8,4137.84,2026-09-01 15:00:00,delivered,2026-09-01 15:00:00
OL-000200932,ORD-00066977,CUST-000656,PROD-0586,2,2119.39,2026-09-01 16:00:00,delivered,2026-09-01 16:00:00
OL-000200933,ORD-00066977,CUST-003291,PROD-0465,8,2334.49,2026-09-01 17:00:00,placed,2026-09-01 17:00:00
OL-000200934,ORD-00066978,CUST-002285,PROD-0136,6,438.31,2026-09-01 18:00:00,delivered,2026-09-01 18:00:00
OL-000200935,ORD-00066978,CUST-001294,PROD-0609,4,1006.44,2026-09-01 19:00:00,delivered,2026-09-01 19:00:00
OL-000200936,ORD-00066978,CUST-002479,PROD-0816,4,944.05,2026-09-01 08:00:00,placed,2026-09-01 12:00:00
OL-000200937,ORD-00066979,CUST-000379,PROD-0287,7,4330.95,2026-09-01 09:00:00,shipped,2026-09-01 13:00:00
OL-000200938,ORD-00066979,CUST-003977,PROD-0542,2,3199.04,2026-09-01 10:00:00,delivered,2026-09-01 14:00:00
OL-000200939,ORD-00066979,CUST-003964,PROD-0262,3,4100.92,2026-09-01 11:00:00,delivered,2026-09-01 15:00:00
OL-000200940,ORD-00066980,CUST-000116,PROD-0787,7,1864.66,2026-09-01 12:00:00,delivered,2026-09-01 16:00:00
OL-000200941,ORD-00066980,CUST-002552,PROD-0736,1,4188.4,2026-09-01 13:00:00,delivered,2026-09-01 17:00:00
OL-000200942,ORD-00066980,CUST-003863,PROD-0167,1,4756.33,2026-09-01 14:00:00,shipped,2026-09-01 18:00:00
OL-000200943,ORD-00066981,CUST-003021,PROD-0137,9,1835.87,2026-09-01 15:00:00,delivered,2026-09-01 19:00:00
OL-000200944,ORD-00066981,CUST-003705,PROD-0201,1,2325.6,2026-09-01 16:00:00,delivered,2026-09-01 12:00:00
OL-000200945,ORD-00066981,CUST-001920,PROD-0306,8,1147.51,2026-09-01 17:00:00,delivered,2026-09-01 13:00:00
OL-000200946,ORD-00066982,CUST-003542,PROD-0154,6,2790.24,2026-09-01 18:00:00,delivered,2026-09-01 14:00:00
OL-000200947,ORD-00066982,CUST-001610,PROD-0443,5,3715.11,2026-09-01 19:00:00,delivered,2026-09-01 15:00:00
OL-000200948,ORD-00066982,CUST-002374,PROD-0112,9,1829.31,2026-09-01 08:00:00,placed,2026-09-01 16:00:00
OL-000200949,ORD-00066983,CUST-001098,PROD-0590,4,1288.19,2026-09-01 09:00:00,shipped,2026-09-01 17:00:00
OL-000200950,ORD-00066983,CUST-000269,PROD-0654,5,2154.52,2026-09-01 10:00:00,delivered,2026-09-01 18:00:00
OL-000200951,ORD-00066983,CUST-000988,PROD-0115,1,1454.23,2026-09-01 11:00:00,placed,2026-09-01 19:00:00
OL-000200952,ORD-00066984,CUST-003761,PROD-0320,9,2728.04,2026-09-01 12:00:00,delivered,2026-09-01 12:00:00
OL-000200953,ORD-00066984,CUST-000139,PROD-0756,8,4597.3,2026-09-01 13:00:00,delivered,2026-09-01 13:00:00
OL-000200954,ORD-00066984,CUST-003221,PROD-0400,1,2172.39,2026-09-01 14:00:00,delivered,2026-09-01 14:00:00
OL-000200955,ORD-00066985,CUST-003878,PROD-0187,9,924.17,2026-09-01 15:00:00,cancelled,2026-09-01 15:00:00
OL-000200956,ORD-00066985,CUST-001449,PROD-0035,7,2010.08,2026-09-01 16:00:00,delivered,2026-09-01 16:00:00
OL-000200957,ORD-00066985,CUST-003217,PROD-0233,6,2817.24,2026-09-01 17:00:00,delivered,2026-09-01 17:00:00
OL-000200958,ORD-00066986,CUST-001751,PROD-0303,6,4344.61,2026-09-01 18:00:00,delivered,2026-09-01 18:00:00
OL-000200959,ORD-00066986,CUST-001965,PROD-0139,3,3440.88,2026-09-01 19:00:00,delivered,2026-09-01 19:00:00
OL-000200960,ORD-00066986,CUST-002530,PROD-0268,5,2815.1,2026-09-01 08:00:00,delivered,2026-09-01 12:00:00
OL-000200961,ORD-00066987,CUST-001297,PROD-0270,4,3807.56,2026-09-01 09:00:00,placed,2026-09-01 13:00:00
OL-000200962,ORD-00066987,CUST-003900,PROD-0578,9,2218.06,2026-09-01 10:00:00,placed,2026-09-01 14:00:00
OL-000200963,ORD-00066987,CUST-001592,PROD-0147,9,4631.76,2026-09-01 11:00:00,placed,2026-09-01 15:00:00
OL-000200964,ORD-00066988,CUST-002668,PROD-0272,7,4210.04,2026-09-01 12:00:00,delivered,2026-09-01 16:00:00
OL-000200965,ORD-00066988,CUST-001242,PROD-0634,1,3959.46,2026-09-01 13:00:00,delivered,2026-09-01 17:00:00
OL-000200966,ORD-00066988,CUST-000583,PROD-0881,8,1337.25,2026-09-01 14:00:00,delivered,2026-09-01 18:00:00
OL-000200967,ORD-00066989,CUST-000353,PROD-0051,3,1408.52,2026-09-01 15:00:00,placed,2026-09-01 19:00:00
OL-000200968,ORD-00066989,CUST-000074,PROD-0141,6,712.27,2026-09-01 16:00:00,delivered,2026-09-01 12:00:00
OL-000200969,ORD-00066989,CUST-002760,PROD-0691,1,2667.69,2026-09-01 17:00:00,delivered,2026-09-01 13:00:00
OL-000200970,ORD-00066990,CUST-001172,PROD-0319,5,1466.08,2026-09-01 18:00:00,shipped,2026-09-01 14:00:00
OL-000200971,ORD-00066990,CUST-002911,PROD-0814,1,2050.81,2026-09-01 19:00:00,delivered,2026-09-01 15:00:00
OL-000200972,ORD-00066990,CUST-001676,PROD-0676,1,1435.78,2026-09-01 08:00:00,delivered,2026-09-01 16:00:00
OL-000200973,ORD-00066991,CUST-000316,PROD-0470,6,1368.32,2026-09-01 09:00:00,delivered,2026-09-01 17:00:00
OL-000200974,ORD-00066991,CUST-000913,PROD-0468,9,4052.93,2026-09-01 10:00:00,shipped,2026-09-01 18:00:00
OL-000200975,ORD-00066991,CUST-000223,PROD-0756,5,2889.81,2026-09-01 11:00:00,shipped,2026-09-01 19:00:00
OL-000200976,ORD-00066992,CUST-003952,PROD-0060,8,590.24,2026-09-01 12:00:00,placed,2026-09-01 12:00:00
OL-000200977,ORD-00066992,CUST-003212,PROD-0617,4,1832.55,2026-09-01 13:00:00,shipped,2026-09-01 13:00:00
OL-000200978,ORD-00066992,CUST-003030,PROD-0726,6,3852.54,2026-09-01 14:00:00,shipped,2026-09-01 14:00:00
OL-000200979,ORD-00066993,CUST-003997,PROD-0661,2,4333.72,2026-09-01 15:00:00,delivered,2026-09-01 15:00:00
OL-000200980,ORD-00066993,CUST-000530,PROD-0423,8,4558.66,2026-09-01 16:00:00,shipped,2026-09-01 16:00:00
OL-000200981,ORD-00066993,CUST-000193,PROD-0379,7,2077.02,2026-09-01 17:00:00,delivered,2026-09-01 17:00:00
OL-000200982,ORD-00066994,CUST-002845,PROD-0523,2,1664.96,2026-09-01 18:00:00,shipped,2026-09-01 18:00:00
OL-000200983,ORD-00066994,CUST-000055,PROD-0014,5,3997.36,2026-09-01 19:00:00,placed,2026-09-01 19:00:00
OL-000200984,ORD-00066994,CUST-002074,PROD-0496,9,2083.53,2026-09-01 08:00:00,delivered,2026-09-01 12:00:00
OL-000200985,ORD-00066995,CUST-000791,PROD-0883,8,941.87,2026-09-01 09:00:00,delivered,2026-09-01 13:00:00
OL-000200986,ORD-00066995,CUST-003151,PROD-0139,3,4668.93,2026-09-01 10:00:00,delivered,2026-09-01 14:00:00
OL-000200987,ORD-00066995,CUST-001509,PROD-0180,5,3498.47,2026-09-01 11:00:00,shipped,2026-09-01 15:00:00
OL-000200988,ORD-00066996,CUST-002143,PROD-0190,8,3900.0,2026-09-01 12:00:00,delivered,2026-09-01 16:00:00
OL-000200989,ORD-00066996,CUST-002070,PROD-0035,5,3095.73,2026-09-01 13:00:00,delivered,2026-09-01 17:00:00
OL-000200990,ORD-00066996,CUST-003194,PROD-0875,5,1990.43,2026-09-01 14:00:00,delivered,2026-09-01 18:00:00
OL-000200991,ORD-00066997,CUST-002834,PROD-0055,9,2360.95,2026-09-01 15:00:00,delivered,2026-09-01 19:00:00
OL-000200992,ORD-00066997,CUST-003127,PROD-0809,4,2182.65,2026-09-01 16:00:00,delivered,2026-09-01 12:00:00
OL-000200993,ORD-00066997,CUST-000058,PROD-0133,5,3425.31,2026-09-01 17:00:00,shipped,2026-09-01 13:00:00
OL-000200994,ORD-00066998,CUST-001319,PROD-0824,2,714.15,2026-09-01 18:00:00,placed,2026-09-01 14:00:00
OL-000200995,ORD-00066998,CUST-003324,PROD-0293,8,169.42,2026-09-01 19:00:00,delivered,2026-09-01 15:00:00
OL-000200996,ORD-00066998,CUST-001170,PROD-0559,4,1993.55,2026-09-01 08:00:00,delivered,2026-09-01 16:00:00
OL-000200997,ORD-00066999,CUST-003775,PROD-0327,1,1318.84,2026-09-01 09:00:00,shipped,2026-09-01 17:00:00
OL-000200998,ORD-00066999,CUST-003808,PROD-0204,7,3799.36,2026-09-01 10:00:00,delivered,2026-09-01 18:00:00
OL-000200999,ORD-00066999,CUST-002077,PROD-0713,2,674.5,2026-09-01 11:00:00,delivered,2026-09-01 19:00:00
OL-000201000,ORD-00067000,CUST-000820,PROD-0402,7,1480.91,2026-09-01 12:00:00,delivered,2026-09-01 12:00:00
OL-000201001,ORD-00067000,CUST-001684,PROD-0414,9,3497.33,2026-09-01 13:00:00,delivered,2026-09-01 13:00:00
OL-000201002,ORD-00067000,CUST-001892,PROD-0078,4,3607.03,2026-09-01 14:00:00,delivered,2026-09-01 14:00:00
OL-000201003,ORD-00067001,CUST-003251,PROD-0487,6,2654.73,2026-09-01 15:00:00,delivered,2026-09-01 15:00:00
OL-000201004,ORD-00067001,CUST-003899,PROD-0425,2,4195.08,2026-09-01 16:00:00,delivered,2026-09-01 16:00:00
OL-000201005,ORD-00067001,CUST-002973,PROD-0366,5,2401.53,2026-09-01 17:00:00,delivered,2026-09-01 17:00:00
OL-000201006,ORD-00067002,CUST-002091,PROD-0390,2,4360.96,2026-09-01 18:00:00,delivered,2026-09-01 18:00:00
OL-000201007,ORD-00067002,CUST-003756,PROD-0203,3,4101.13,2026-09-01 19:00:00,delivered,2026-09-01 19:00:00
OL-000201008,ORD-00067002,CUST-000672,PROD-0031,2,1428.22,2026-09-01 08:00:00,placed,2026-09-01 12:00:00
OL-000201009,ORD-00067003,CUST-001733,PROD-0169,7,3234.07,2026-09-01 09:00:00,delivered,2026-09-01 13:00:00
OL-000201010,ORD-00067003,CUST-000195,PROD-0273,2,1165.96,2026-09-01 10:00:00,delivered,2026-09-01 14:00:00
OL-000201011,ORD-00067003,CUST-002340,PROD-0370,3,4721.92,2026-09-01 11:00:00,delivered,2026-09-01 15:00:00
OL-000201012,ORD-00067004,CUST-001619,PROD-0610,9,4265.07,2026-09-01 12:00:00,delivered,2026-09-01 16:00:00
OL-000201013,ORD-00067004,CUST-000792,PROD-0135,9,4520.44,2026-09-01 13:00:00,delivered,2026-09-01 17:00:00
OL-000201014,ORD-00067004,CUST-000285,PROD-0037,5,4067.5,2026-09-01 14:00:00,delivered,2026-09-01 18:00:00
OL-000201015,ORD-00067005,CUST-003175,PROD-0124,3,3087.0,2026-09-01 15:00:00,delivered,2026-09-01 19:00:00
OL-000201016,ORD-00067005,CUST-001354,PROD-0277,9,4429.4,2026-09-01 16:00:00,delivered,2026-09-01 12:00:00
OL-000201017,ORD-00067005,CUST-002629,PROD-0098,3,3060.49,2026-09-01 17:00:00,placed,2026-09-01 13:00:00
OL-000201018,ORD-00067006,CUST-000755,PROD-0429,9,2609.81,2026-09-01 18:00:00,placed,2026-09-01 14:00:00
OL-000201019,ORD-00067006,CUST-001505,PROD-0651,3,4630.83,2026-09-01 19:00:00,delivered,2026-09-01 15:00:00
OL-000201020,ORD-00067006,CUST-002365,PROD-0008,1,2531.68,2026-09-01 08:00:00,shipped,2026-09-01 16:00:00
OL-000201021,ORD-00067007,CUST-001524,PROD-0791,2,1193.58,2026-09-01 09:00:00,cancelled,2026-09-01 17:00:00
OL-000201022,ORD-00067007,CUST-000638,PROD-0360,8,794.42,2026-09-01 10:00:00,delivered,2026-09-01 18:00:00
OL-000201023,ORD-00067007,CUST-000787,PROD-0331,6,3831.66,2026-09-01 11:00:00,delivered,2026-09-01 19:00:00
OL-000201024,ORD-00067008,CUST-000554,PROD-0421,6,2418.9,2026-09-01 12:00:00,delivered,2026-09-01 12:00:00
OL-000201025,ORD-00067008,CUST-001406,PROD-0861,6,196.75,2026-09-01 13:00:00,delivered,2026-09-01 13:00:00
OL-000201026,ORD-00067008,CUST-003713,PROD-0543,5,1761.97,2026-09-01 14:00:00,placed,2026-09-01 14:00:00
OL-000201027,ORD-00067009,CUST-000224,PROD-0064,1,3005.74,2026-09-01 15:00:00,shipped,2026-09-01 15:00:00
OL-000201028,ORD-00067009,CUST-001646,PROD-0035,4,2646.74,2026-09-01 16:00:00,delivered,2026-09-01 16:00:00
OL-000201029,ORD-00067009,CUST-000274,PROD-0196,1,2694.76,2026-09-01 17:00:00,shipped,2026-09-01 17:00:00
OL-000201030,ORD-00067010,CUST-002320,PROD-0070,8,2612.87,2026-09-01 18:00:00,delivered,2026-09-01 18:00:00
OL-000201031,ORD-00067010,CUST-000228,PROD-0492,2,2875.42,2026-09-01 19:00:00,delivered,2026-09-01 19:00:00
OL-000201032,ORD-00067010,CUST-000256,PROD-0603,3,3829.85,2026-09-01 08:00:00,delivered,2026-09-01 12:00:00
OL-000201033,ORD-00067011,CUST-002428,PROD-0286,2,4071.82,2026-09-01 09:00:00,shipped,2026-09-01 13:00:00
OL-000201034,ORD-00067011,CUST-000207,PROD-0485,5,3390.63,2026-09-01 10:00:00,delivered,2026-09-01 14:00:00
OL-000201035,ORD-00067011,CUST-000358,PROD-0436,6,900.76,2026-09-01 11:00:00,delivered,2026-09-01 15:00:00
OL-000201036,ORD-00067012,CUST-003623,PROD-0834,1,3493.81,2026-09-01 12:00:00,delivered,2026-09-01 16:00:00
OL-000201037,ORD-00067012,CUST-003074,PROD-0887,2,3305.25,2026-09-01 13:00:00,delivered,2026-09-01 17:00:00
OL-000201038,ORD-00067012,CUST-000026,PROD-0453,8,2881.21,2026-09-01 14:00:00,shipped,2026-09-01 18:00:00
OL-000201039,ORD-00067013,CUST-000302,PROD-0356,4,847.53,2026-09-01 15:00:00,placed,2026-09-01 19:00:00
OL-000201040,ORD-00067013,CUST-001646,PROD-0031,2,2831.48,2026-09-01 16:00:00,delivered,2026-09-01 12:00:00
OL-000201041,ORD-00067013,CUST-000584,PROD-0845,5,3335.23,2026-09-01 17:00:00,delivered,2026-09-01 13:00:00
OL-000201042,ORD-00067014,CUST-003670,PROD-0609,2,2448.76,2026-09-01 18:00:00,delivered,2026-09-01 14:00:00
OL-000201043,ORD-00067014,CUST-003123,PROD-0458,3,1876.46,2026-09-01 19:00:00,delivered,2026-09-01 15:00:00
OL-000201044,ORD-00067014,CUST-000675,PROD-0233,7,2212.31,2026-09-01 08:00:00,delivered,2026-09-01 16:00:00
OL-000201045,ORD-00067015,CUST-001776,PROD-0161,9,1061.14,2026-09-01 09:00:00,delivered,2026-09-01 17:00:00
OL-000201046,ORD-00067015,CUST-001089,PROD-0825,4,3942.43,2026-09-01 10:00:00,delivered,2026-09-01 18:00:00
OL-000201047,ORD-00067015,CUST-002720,PROD-0142,4,4025.06,2026-09-01 11:00:00,delivered,2026-09-01 19:00:00
OL-000201048,ORD-00067016,CUST-001864,PROD-0759,7,2385.83,2026-09-01 12:00:00,shipped,2026-09-01 12:00:00
OL-000201049,ORD-00067016,CUST-000964,PROD-0473,3,2010.49,2026-09-01 13:00:00,delivered,2026-09-01 13:00:00
OL-000201050,ORD-00067016,CUST-001557,PROD-0896,4,4759.52,2026-09-01 14:00:00,delivered,2026-09-01 14:00:00
OL-000201051,ORD-00067017,CUST-003953,PROD-0625,9,1312.83,2026-09-01 15:00:00,delivered,2026-09-01 15:00:00
OL-000201052,ORD-00067017,CUST-000787,PROD-0044,4,4740.89,2026-09-01 16:00:00,delivered,2026-09-01 16:00:00
OL-000201053,ORD-00067017,CUST-002647,PROD-0327,8,4324.87,2026-09-01 17:00:00,delivered,2026-09-01 17:00:00
OL-000201054,ORD-00067018,CUST-002282,PROD-0593,1,3109.25,2026-09-01 18:00:00,delivered,2026-09-01 18:00:00
OL-000201055,ORD-00067018,CUST-002894,PROD-0597,1,1774.91,2026-09-01 19:00:00,placed,2026-09-01 19:00:00
OL-000201056,ORD-00067018,CUST-000107,PROD-0307,4,1915.62,2026-09-01 08:00:00,cancelled,2026-09-01 12:00:00
OL-000201057,ORD-00067019,CUST-001996,PROD-0346,9,1003.92,2026-09-01 09:00:00,delivered,2026-09-01 13:00:00
OL-000201058,ORD-00067019,CUST-000565,PROD-0401,7,2109.37,2026-09-01 10:00:00,delivered,2026-09-01 14:00:00
OL-000201059,ORD-00067019,CUST-000376,PROD-0761,9,2641.78,2026-09-01 11:00:00,shipped,2026-09-01 15:00:00
OL-000201060,ORD-00067020,CUST-001026,PROD-0797,8,3104.69,2026-09-01 12:00:00,delivered,2026-09-01 16:00:00
OL-000201061,ORD-00067020,CUST-002699,PROD-0358,9,2292.77,2026-09-01 13:00:00,shipped,2026-09-01 17:00:00
OL-000201062,ORD-00067020,CUST-000253,PROD-0023,2,3125.16,2026-09-01 14:00:00,shipped,2026-09-01 18:00:00
OL-000201063,ORD-00067021,CUST-000257,PROD-0370,8,3170.03,2026-09-01 15:00:00,delivered,2026-09-01 19:00:00
OL-000201064,ORD-00067021,CUST-003863,PROD-0834,5,2692.66,2026-09-01 16:00:00,placed,2026-09-01 12:00:00
OL-000201065,ORD-00067021,CUST-001761,PROD-0804,8,599.35,2026-09-01 17:00:00,shipped,2026-09-01 13:00:00
OL-000201066,ORD-00067022,CUST-001385,PROD-0678,4,3694.23,2026-09-01 18:00:00,delivered,2026-09-01 14:00:00
OL-000201067,ORD-00067022,CUST-000029,PROD-0808,7,1174.91,2026-09-01 19:00:00,delivered,2026-09-01 15:00:00
OL-000201068,ORD-00067022,CUST-003461,PROD-0255,2,2122.75,2026-09-01 08:00:00,delivered,2026-09-01 16:00:00
OL-000201069,ORD-00067023,CUST-000781,PROD-0772,4,4698.08,2026-09-01 09:00:00,delivered,2026-09-01 17:00:00
OL-000201070,ORD-00067023,CUST-000370,PROD-0560,3,393.77,2026-09-01 10:00:00,placed,2026-09-01 18:00:00
OL-000201071,ORD-00067023,CUST-002174,PROD-0394,5,3655.2,2026-09-01 11:00:00,delivered,2026-09-01 19:00:00
OL-000201072,ORD-00067024,CUST-001617,PROD-0152,3,2438.68,2026-09-01 12:00:00,delivered,2026-09-01 12:00:00
OL-000201073,ORD-00067024,CUST-003322,PROD-0404,3,1213.11,2026-09-01 13:00:00,placed,2026-09-01 13:00:00
OL-000201074,ORD-00067024,CUST-002999,PROD-0171,4,4207.48,2026-09-01 14:00:00,delivered,2026-09-01 14:00:00
OL-000201075,ORD-00067025,CUST-003588,PROD-0690,2,4689.21,2026-09-01 15:00:00,shipped,2026-09-01 15:00:00
OL-000201076,ORD-00067025,CUST-001913,PROD-0582,6,2837.99,2026-09-01 16:00:00,placed,2026-09-01 16:00:00
OL-000201077,ORD-00067025,CUST-003821,PROD-0134,3,4405.4,2026-09-01 17:00:00,delivered,2026-09-01 17:00:00
OL-000201078,ORD-00067026,CUST-002383,PROD-0124,3,3203.41,2026-09-01 18:00:00,delivered,2026-09-01 18:00:00
OL-000201079,ORD-00067026,CUST-000682,PROD-0261,9,3910.77,2026-09-01 19:00:00,delivered,2026-09-01 19:00:00
OL-000201080,ORD-00067026,CUST-001747,PROD-0406,1,587.55,2026-09-01 08:00:00,delivered,2026-09-01 12:00:00
OL-000201081,ORD-00067027,CUST-003365,PROD-0560,6,2064.92,2026-09-01 09:00:00,shipped,2026-09-01 13:00:00
OL-000201082,ORD-00067027,CUST-000024,PROD-0518,9,4332.75,2026-09-01 10:00:00,delivered,2026-09-01 14:00:00
OL-000201083,ORD-00067027,CUST-003320,PROD-0116,4,3728.82,2026-09-01 11:00:00,delivered,2026-09-01 15:00:00
OL-000201084,ORD-00067028,CUST-003280,PROD-0739,8,2032.11,2026-09-01 12:00:00,shipped,2026-09-01 16:00:00
OL-000201085,ORD-00067028,CUST-003976,PROD-0720,5,3736.54,2026-09-01 13:00:00,shipped,2026-09-01 17:00:00
OL-000201086,ORD-00067028,CUST-003658,PROD-0587,5,1494.36,2026-09-01 14:00:00,delivered,2026-09-01 18:00:00
OL-000201087,ORD-00067029,CUST-003230,PROD-0361,4,731.17,2026-09-01 15:00:00,delivered,2026-09-01 19:00:00
OL-000201088,ORD-00067029,CUST-000407,PROD-0809,7,180.44,2026-09-01 16:00:00,cancelled,2026-09-01 12:00:00
OL-000201089,ORD-00067029,CUST-002829,PROD-0460,4,890.38,2026-09-01 17:00:00,delivered,2026-09-01 13:00:00
OL-000201090,ORD-00067030,CUST-003917,PROD-0754,3,2908.0,2026-09-01 18:00:00,shipped,2026-09-01 14:00:00
OL-000201091,ORD-00067030,CUST-001831,PROD-0377,2,940.49,2026-09-01 19:00:00,delivered,2026-09-01 15:00:00
OL-000201092,ORD-00067030,CUST-003542,PROD-0145,7,4471.53,2026-09-01 08:00:00,placed,2026-09-01 16:00:00
OL-000201093,ORD-00067031,CUST-003367,PROD-0188,2,374.81,2026-09-01 09:00:00,delivered,2026-09-01 17:00:00
OL-000201094,ORD-00067031,CUST-003024,PROD-0836,2,818.48,2026-09-01 10:00:00,delivered,2026-09-01 18:00:00
OL-000201095,ORD-00067031,CUST-000505,PROD-0649,1,3077.41,2026-09-01 11:00:00,shipped,2026-09-01 19:00:00
OL-000201096,ORD-00067032,CUST-001878,PROD-0684,7,1453.45,2026-09-01 12:00:00,placed,2026-09-01 12:00:00
OL-000201097,ORD-00067032,CUST-000960,PROD-0816,5,1049.94,2026-09-01 13:00:00,shipped,2026-09-01 13:00:00
OL-000201098,ORD-00067032,CUST-002962,PROD-0777,5,1766.15,2026-09-01 14:00:00,shipped,2026-09-01 14:00:00
OL-000201099,ORD-00067033,CUST-002547,PROD-0759,1,3769.24,2026-09-01 15:00:00,cancelled,2026-09-01 15:00:00
OL-000201100,ORD-00067033,CUST-000770,PROD-0314,4,2941.07,2026-09-01 16:00:00,delivered,2026-09-01 16:00:00
OL-000201101,ORD-00067033,CUST-001369,PROD-0437,3,4000.96,2026-09-01 17:00:00,delivered,2026-09-01 17:00:00
OL-000201102,ORD-00067034,CUST-003561,PROD-0336,4,2143.72,2026-09-01 18:00:00,delivered,2026-09-01 18:00:00
OL-000201103,ORD-00067034,CUST-001440,PROD-0890,9,3496.06,2026-09-01 19:00:00,delivered,2026-09-01 19:00:00
OL-000201104,ORD-00067034,CUST-002260,PROD-0405,9,2322.2,2026-09-01 08:00:00,delivered,2026-09-01 12:00:00
OL-000201105,ORD-00067035,CUST-001465,PROD-0080,1,1637.22,2026-09-01 09:00:00,delivered,2026-09-01 13:00:00
OL-000201106,ORD-00067035,CUST-000432,PROD-0117,8,1352.71,2026-09-01 10:00:00,placed,2026-09-01 14:00:00
OL-000201107,ORD-00067035,CUST-002622,PROD-0297,2,2295.3,2026-09-01 11:00:00,delivered,2026-09-01 15:00:00
OL-000201108,ORD-00067036,CUST-001322,PROD-0859,7,2529.76,2026-09-01 12:00:00,placed,2026-09-01 16:00:00
OL-000201109,ORD-00067036,CUST-000307,PROD-0231,2,1079.6,2026-09-01 13:00:00,delivered,2026-09-01 17:00:00
OL-000201110,ORD-00067036,CUST-000451,PROD-0307,7,1583.84,2026-09-01 14:00:00,delivered,2026-09-01 18:00:00
OL-000201111,ORD-00067037,CUST-003974,PROD-0291,5,4468.12,2026-09-01 15:00:00,cancelled,2026-09-01 19:00:00
OL-000201112,ORD-00067037,CUST-001219,PROD-0655,5,3576.51,2026-09-01 16:00:00,delivered,2026-09-01 12:00:00
OL-000201113,ORD-00067037,CUST-000238,PROD-0630,9,1993.99,2026-09-01 17:00:00,shipped,2026-09-01 13:00:00
OL-000201114,ORD-00067038,CUST-001374,PROD-0401,3,3630.39,2026-09-01 18:00:00,delivered,2026-09-01 14:00:00
OL-000201115,ORD-00067038,CUST-001895,PROD-0455,9,4724.38,2026-09-01 19:00:00,delivered,2026-09-01 15:00:00
OL-000201116,ORD-00067038,CUST-001264,PROD-0879,6,4073.05,2026-09-01 08:00:00,delivered,2026-09-01 16:00:00
OL-000201117,ORD-00067039,CUST-003537,PROD-0510,3,4347.74,2026-09-01 09:00:00,delivered,2026-09-01 17:00:00
OL-000201118,ORD-00067039,CUST-002016,PROD-0383,5,3145.47,2026-09-01 10:00:00,delivered,2026-09-01 18:00:00
OL-000201119,ORD-00067039,CUST-000303,PROD-0888,4,321.84,2026-09-01 11:00:00,delivered,2026-09-01 19:00:00
OL-000201120,ORD-00067040,CUST-001887,PROD-0355,9,4762.64,2026-09-01 12:00:00,delivered,2026-09-01 12:00:00
OL-000201121,ORD-00067040,CUST-003985,PROD-0779,5,2265.22,2026-09-01 13:00:00,shipped,2026-09-01 13:00:00
OL-000201122,ORD-00067040,CUST-000129,PROD-0363,8,1866.87,2026-09-01 14:00:00,delivered,2026-09-01 14:00:00
OL-000201123,ORD-00067041,CUST-001102,PROD-0710,2,2422.35,2026-09-01 15:00:00,delivered,2026-09-01 15:00:00
OL-000201124,ORD-00067041,CUST-000828,PROD-0041,8,1853.32,2026-09-01 16:00:00,delivered,2026-09-01 16:00:00
OL-000201125,ORD-00067041,CUST-000294,PROD-0118,5,2161.3,2026-09-01 17:00:00,delivered,2026-09-01 17:00:00
OL-000201126,ORD-00067042,CUST-002259,PROD-0318,2,4486.77,2026-09-01 18:00:00,shipped,2026-09-01 18:00:00
OL-000201127,ORD-00067042,CUST-001395,PROD-0073,7,1627.24,2026-09-01 19:00:00,delivered,2026-09-01 19:00:00
OL-000201128,ORD-00067042,CUST-001511,PROD-0782,7,1855.34,2026-09-01 08:00:00,cancelled,2026-09-01 12:00:00
OL-000201129,ORD-00067043,CUST-003083,PROD-0627,1,4039.16,2026-09-01 09:00:00,shipped,2026-09-01 13:00:00
OL-000201130,ORD-00067043,CUST-001683,PROD-0492,2,614.45,2026-09-01 10:00:00,placed,2026-09-01 14:00:00
OL-000201131,ORD-00067043,CUST-002659,PROD-0386,6,3355.92,2026-09-01 11:00:00,delivered,2026-09-01 15:00:00
OL-000201132,ORD-00067044,CUST-001323,PROD-0232,8,1491.99,2026-09-01 12:00:00,delivered,2026-09-01 16:00:00
OL-000201133,ORD-00067044,CUST-003908,PROD-0114,3,3780.03,2026-09-01 13:00:00,placed,2026-09-01 17:00:00
OL-000201134,ORD-00067044,CUST-000899,PROD-0558,4,4251.54,2026-09-01 14:00:00,placed,2026-09-01 18:00:00
OL-000201135,ORD-00067045,CUST-001320,PROD-0224,4,3642.82,2026-09-01 15:00:00,shipped,2026-09-01 19:00:00
OL-000201136,ORD-00067045,CUST-000350,PROD-0440,8,3769.65,2026-09-01 16:00:00,cancelled,2026-09-01 12:00:00
OL-000201137,ORD-00067045,CUST-003364,PROD-0007,4,3303.87,2026-09-01 17:00:00,delivered,2026-09-01 13:00:00
OL-000201138,ORD-00067046,CUST-002160,PROD-0235,7,427.55,2026-09-01 18:00:00,delivered,2026-09-01 14:00:00
OL-000201139,ORD-00067046,CUST-003641,PROD-0424,3,2688.78,2026-09-01 19:00:00,delivered,2026-09-01 15:00:00
OL-000201140,ORD-00067046,CUST-003338,PROD-0122,2,727.98,2026-09-01 08:00:00,delivered,2026-09-01 16:00:00
OL-000201141,ORD-00067047,CUST-003432,PROD-0834,7,2242.72,2026-09-01 09:00:00,delivered,2026-09-01 17:00:00
OL-000201142,ORD-00067047,CUST-003845,PROD-0429,9,4701.54,2026-09-01 10:00:00,delivered,2026-09-01 18:00:00
OL-000201143,ORD-00067047,CUST-001705,PROD-0528,9,2108.73,2026-09-01 11:00:00,cancelled,2026-09-01 19:00:00
OL-000201144,ORD-00067048,CUST-000421,PROD-0455,7,2980.33,2026-09-01 12:00:00,shipped,2026-09-01 12:00:00
OL-000201145,ORD-00067048,CUST-003194,PROD-0445,6,441.25,2026-09-01 13:00:00,delivered,2026-09-01 13:00:00
OL-000201146,ORD-00067048,CUST-001909,PROD-0388,8,1625.91,2026-09-01 14:00:00,shipped,2026-09-01 14:00:00
OL-000201147,ORD-00067049,CUST-000112,PROD-0277,1,1957.35,2026-09-01 15:00:00,delivered,2026-09-01 15:00:00
OL-000201148,ORD-00067049,CUST-002497,PROD-0744,8,4198.84,2026-09-01 16:00:00,cancelled,2026-09-01 16:00:00
OL-000201149,ORD-00067049,CUST-002930,PROD-0452,9,1458.25,2026-09-01 17:00:00,delivered,2026-09-01 17:00:00
OL-000201150,ORD-00067050,CUST-003808,PROD-0820,4,1630.68,2026-09-01 18:00:00,delivered,2026-09-01 18:00:00
OL-000201151,ORD-00067050,CUST-000949,PROD-0864,3,1313.55,2026-09-01 19:00:00,delivered,2026-09-01 19:00:00
OL-000201152,ORD-00067050,CUST-000574,PROD-0169,8,451.19,2026-09-01 08:00:00,delivered,2026-09-01 12:00:00
OL-000201153,ORD-00067051,CUST-003439,PROD-0429,6,1829.25,2026-09-01 09:00:00,delivered,2026-09-01 13:00:00
OL-000201154,ORD-00067051,CUST-002142,PROD-0091,5,2715.6,2026-09-01 10:00:00,placed,2026-09-01 14:00:00
OL-000201155,ORD-00067051,CUST-001074,PROD-0302,9,4526.01,2026-09-01 11:00:00,delivered,2026-09-01 15:00:00
OL-000201156,ORD-00067052,CUST-000827,PROD-0505,2,1320.83,2026-09-01 12:00:00,delivered,2026-09-01 16:00:00
OL-000201157,ORD-00067052,CUST-002244,PROD-0328,1,2448.23,2026-09-01 13:00:00,delivered,2026-09-01 17:00:00
OL-000201158,ORD-00067052,CUST-000589,PROD-0575,3,1751.29,2026-09-01 14:00:00,delivered,2026-09-01 18:00:00
OL-000201159,ORD-00067053,CUST-003763,PROD-0073,3,1847.3,2026-09-01 15:00:00,delivered,2026-09-01 19:00:00
OL-000201160,ORD-00067053,CUST-001801,PROD-0123,7,1546.3,2026-09-01 16:00:00,delivered,2026-09-01 12:00:00
OL-000201161,ORD-00067053,CUST-001460,PROD-0653,4,2166.95,2026-09-01 17:00:00,delivered,2026-09-01 13:00:00
OL-000201162,ORD-00067054,CUST-003332,PROD-0858,6,614.56,2026-09-01 18:00:00,delivered,2026-09-01 14:00:00
OL-000201163,ORD-00067054,CUST-001871,PROD-0183,9,3162.3,2026-09-01 19:00:00,delivered,2026-09-01 15:00:00
OL-000201164,ORD-00067054,CUST-003333,PROD-0830,1,2156.9,2026-09-01 08:00:00,delivered,2026-09-01 16:00:00
OL-000201165,ORD-00067055,CUST-003752,PROD-0448,7,4575.74,2026-09-01 09:00:00,shipped,2026-09-01 17:00:00
OL-000201166,ORD-00067055,CUST-003617,PROD-0418,5,1783.73,2026-09-01 10:00:00,delivered,2026-09-01 18:00:00
OL-000201167,ORD-00067055,CUST-001969,PROD-0341,2,3813.72,2026-09-01 11:00:00,delivered,2026-09-01 19:00:00
OL-000201168,ORD-00067056,CUST-000531,PROD-0177,7,3840.52,2026-09-01 12:00:00,delivered,2026-09-01 12:00:00
OL-000201169,ORD-00067056,CUST-000177,PROD-0218,8,3598.18,2026-09-01 13:00:00,delivered,2026-09-01 13:00:00
OL-000201170,ORD-00067056,CUST-001650,PROD-0231,4,2899.21,2026-09-01 14:00:00,delivered,2026-09-01 14:00:00
OL-000201171,ORD-00067057,CUST-003193,PROD-0613,9,1803.79,2026-09-01 15:00:00,delivered,2026-09-01 15:00:00
OL-000201172,ORD-00067057,CUST-003564,PROD-0805,9,741.33,2026-09-01 16:00:00,shipped,2026-09-01 16:00:00
OL-000201173,ORD-00067057,CUST-002946,PROD-0697,8,3311.49,2026-09-01 17:00:00,cancelled,2026-09-01 17:00:00
OL-000201174,ORD-00067058,CUST-002399,PROD-0393,6,2212.15,2026-09-01 18:00:00,delivered,2026-09-01 18:00:00
OL-000201175,ORD-00067058,CUST-002568,PROD-0844,8,1945.48,2026-09-01 19:00:00,delivered,2026-09-01 19:00:00
OL-000201176,ORD-00067058,CUST-002509,PROD-0332,3,2403.11,2026-09-01 08:00:00,shipped,2026-09-01 12:00:00
OL-000201177,ORD-00067059,CUST-000775,PROD-0340,4,2776.35,2026-09-01 09:00:00,placed,2026-09-01 13:00:00
OL-000201178,ORD-00067059,CUST-002546,PROD-0163,9,641.63,2026-09-01 10:00:00,delivered,2026-09-01 14:00:00
OL-000201179,ORD-00067059,CUST-002319,PROD-0752,9,3979.94,2026-09-01 11:00:00,delivered,2026-09-01 15:00:00
OL-000201180,ORD-00067060,CUST-003594,PROD-0189,4,3466.88,2026-09-01 12:00:00,delivered,2026-09-01 16:00:00
OL-000201181,ORD-00067060,CUST-001751,PROD-0645,8,3575.6,2026-09-01 13:00:00,shipped,2026-09-01 17:00:00
OL-000201182,ORD-00067060,CUST-001229,PROD-0693,1,451.44,2026-09-01 14:00:00,delivered,2026-09-01 18:00:00
OL-000201183,ORD-00067061,CUST-003572,PROD-0627,9,4590.09,2026-09-01 15:00:00,cancelled,2026-09-01 19:00:00
OL-000201184,ORD-00067061,CUST-003420,PROD-0539,1,3227.99,2026-09-01 16:00:00,delivered,2026-09-01 12:00:00
OL-000201185,ORD-00067061,CUST-003709,PROD-0107,1,432.25,2026-09-01 17:00:00,delivered,2026-09-01 13:00:00
OL-000201186,ORD-00067062,CUST-002325,PROD-0027,1,1411.38,2026-09-01 18:00:00,delivered,2026-09-01 14:00:00
OL-000201187,ORD-00067062,CUST-000472,PROD-0737,5,2033.58,2026-09-01 19:00:00,shipped,2026-09-01 15:00:00
OL-000201188,ORD-00067062,CUST-002767,PROD-0191,4,912.28,2026-09-01 08:00:00,delivered,2026-09-01 16:00:00
OL-000201189,ORD-00067063,CUST-001416,PROD-0017,5,3108.59,2026-09-01 09:00:00,shipped,2026-09-01 17:00:00
OL-000201190,ORD-00067063,CUST-001050,PROD-0808,1,2097.75,2026-09-01 10:00:00,shipped,2026-09-01 18:00:00
OL-000201191,ORD-00067063,CUST-003241,PROD-0761,3,3317.2,2026-09-01 11:00:00,delivered,2026-09-01 19:00:00
OL-000201192,ORD-00067064,CUST-000880,PROD-0405,7,4022.61,2026-09-01 12:00:00,delivered,2026-09-01 12:00:00
OL-000201193,ORD-00067064,CUST-002715,PROD-0040,3,530.39,2026-09-01 13:00:00,delivered,2026-09-01 13:00:00
OL-000201194,ORD-00067064,CUST-001433,PROD-0260,7,4640.52,2026-09-01 14:00:00,delivered,2026-09-01 14:00:00
OL-000201195,ORD-00067065,CUST-000568,PROD-0524,3,588.55,2026-09-01 15:00:00,delivered,2026-09-01 15:00:00
OL-000201196,ORD-00067065,CUST-000990,PROD-0360,9,3250.46,2026-09-01 16:00:00,placed,2026-09-01 16:00:00
OL-000201197,ORD-00067065,CUST-002933,PROD-0898,6,4703.48,2026-09-01 17:00:00,delivered,2026-09-01 17:00:00
OL-000201198,ORD-00067066,CUST-001511,PROD-0043,5,850.43,2026-09-01 18:00:00,delivered,2026-09-01 18:00:00
OL-000201199,ORD-00067066,CUST-003152,PROD-0495,7,2810.42,2026-09-01 19:00:00,delivered,2026-09-01 19:00:00
OL-000201200,ORD-00067066,CUST-001540,PROD-0639,7,1762.68,2026-09-01 08:00:00,delivered,2026-09-01 12:00:00
OL-000201201,ORD-00067067,CUST-000568,PROD-0120,9,1370.0,2026-09-01 09:00:00,delivered,2026-09-01 13:00:00
OL-000201202,ORD-00067067,CUST-001363,PROD-0876,7,2595.67,2026-09-01 10:00:00,placed,2026-09-01 14:00:00
OL-000201203,ORD-00067067,CUST-001670,PROD-0475,4,892.7,2026-09-01 11:00:00,shipped,2026-09-01 15:00:00
OL-000201204,ORD-00067068,CUST-002771,PROD-0433,2,1772.77,2026-09-01 12:00:00,delivered,2026-09-01 16:00:00
OL-000201205,ORD-00067068,CUST-001092,PROD-0799,2,4394.65,2026-09-01 13:00:00,delivered,2026-09-01 17:00:00
OL-000201206,ORD-00067068,CUST-000643,PROD-0787,4,4441.01,2026-09-01 14:00:00,delivered,2026-09-01 18:00:00
OL-000201207,ORD-00067069,CUST-001746,PROD-0720,9,4081.97,2026-09-01 15:00:00,delivered,2026-09-01 19:00:00
OL-000201208,ORD-00067069,CUST-000424,PROD-0828,7,4722.36,2026-09-01 16:00:00,placed,2026-09-01 12:00:00
OL-000201209,ORD-00067069,CUST-000839,PROD-0022,9,3091.06,2026-09-01 17:00:00,delivered,2026-09-01 13:00:00
OL-000201210,ORD-00067070,CUST-001887,PROD-0557,5,4065.24,2026-09-01 18:00:00,placed,2026-09-01 14:00:00
OL-000201211,ORD-00067070,CUST-003139,PROD-0898,8,2677.13,2026-09-01 19:00:00,delivered,2026-09-01 15:00:00
OL-000201212,ORD-00067070,CUST-001824,PROD-0718,4,1211.46,2026-09-01 08:00:00,shipped,2026-09-01 16:00:00
OL-000201213,ORD-00067071,CUST-001794,PROD-0563,4,694.74,2026-09-01 09:00:00,delivered,2026-09-01 17:00:00
OL-000201214,ORD-00067071,CUST-000793,PROD-0752,9,2416.02,2026-09-01 10:00:00,shipped,2026-09-01 18:00:00
OL-000201215,ORD-00067071,CUST-000620,PROD-0307,2,3364.76,2026-09-01 11:00:00,shipped,2026-09-01 19:00:00
OL-000201216,ORD-00067072,CUST-001091,PROD-0743,3,4532.14,2026-09-01 12:00:00,shipped,2026-09-01 12:00:00
OL-000201217,ORD-00067072,CUST-002752,PROD-0718,9,770.13,2026-09-01 13:00:00,delivered,2026-09-01 13:00:00
OL-000201218,ORD-00067072,CUST-003057,PROD-0601,1,801.47,2026-09-01 14:00:00,shipped,2026-09-01 14:00:00
OL-000201219,ORD-00067073,CUST-002244,PROD-0024,2,2220.67,2026-09-01 15:00:00,shipped,2026-09-01 15:00:00
OL-000201220,ORD-00067073,CUST-003213,PROD-0682,2,1339.5,2026-09-01 16:00:00,delivered,2026-09-01 16:00:00
OL-000201221,ORD-00067073,CUST-002607,PROD-0678,6,3714.44,2026-09-01 17:00:00,shipped,2026-09-01 17:00:00
OL-000201222,ORD-00067074,CUST-001954,PROD-0208,4,2193.7,2026-09-01 18:00:00,delivered,2026-09-01 18:00:00
OL-000201223,ORD-00067074,CUST-002949,PROD-0745,7,619.82,2026-09-01 19:00:00,shipped,2026-09-01 19:00:00
OL-000201224,ORD-00067074,CUST-000308,PROD-0824,2,758.13,2026-09-01 08:00:00,placed,2026-09-01 12:00:00
OL-000201225,ORD-00067075,CUST-001153,PROD-0684,6,3158.57,2026-09-01 09:00:00,delivered,2026-09-01 13:00:00
OL-000201226,ORD-00067075,CUST-001317,PROD-0746,6,124.46,2026-09-01 10:00:00,delivered,2026-09-01 14:00:00
OL-000201227,ORD-00067075,CUST-001699,PROD-0213,6,1421.15,2026-09-01 11:00:00,delivered,2026-09-01 15:00:00
OL-000201228,ORD-00067076,CUST-002655,PROD-0021,9,1790.49,2026-09-01 12:00:00,delivered,2026-09-01 16:00:00
OL-000201229,ORD-00067076,CUST-003719,PROD-0413,4,3330.12,2026-09-01 13:00:00,delivered,2026-09-01 17:00:00
OL-000201230,ORD-00067076,CUST-000935,PROD-0603,3,2140.87,2026-09-01 14:00:00,delivered,2026-09-01 18:00:00
OL-000201231,ORD-00067077,CUST-002425,PROD-0420,9,1476.39,2026-09-01 15:00:00,cancelled,2026-09-01 19:00:00
OL-000201232,ORD-00067077,CUST-002179,PROD-0234,5,3634.99,2026-09-01 16:00:00,delivered,2026-09-01 12:00:00
OL-000201233,ORD-00067077,CUST-001786,PROD-0491,4,1018.62,2026-09-01 17:00:00,delivered,2026-09-01 13:00:00
OL-000201234,ORD-00067078,CUST-002036,PROD-0341,6,2741.1,2026-09-01 18:00:00,placed,2026-09-01 14:00:00
OL-000201235,ORD-00067078,CUST-002005,PROD-0576,4,4758.97,2026-09-01 19:00:00,delivered,2026-09-01 15:00:00
OL-000201236,ORD-00067078,CUST-001705,PROD-0688,1,1602.43,2026-09-01 08:00:00,placed,2026-09-01 16:00:00
OL-000201237,ORD-00067079,CUST-000120,PROD-0037,3,1605.6,2026-09-01 09:00:00,delivered,2026-09-01 17:00:00
OL-000201238,ORD-00067079,CUST-002704,PROD-0430,4,739.05,2026-09-01 10:00:00,shipped,2026-09-01 18:00:00
OL-000201239,ORD-00067079,CUST-003910,PROD-0761,7,662.25,2026-09-01 11:00:00,delivered,2026-09-01 19:00:00
OL-000201240,ORD-00067080,CUST-000014,PROD-0537,2,2270.64,2026-09-01 12:00:00,placed,2026-09-01 12:00:00
OL-000201241,ORD-00067080,CUST-003931,PROD-0303,7,4639.78,2026-09-01 13:00:00,delivered,2026-09-01 13:00:00
OL-000201242,ORD-00067080,CUST-003040,PROD-0327,2,4435.02,2026-09-01 14:00:00,delivered,2026-09-01 14:00:00
OL-000201243,ORD-00067081,CUST-001420,PROD-0504,9,537.86,2026-09-01 15:00:00,delivered,2026-09-01 15:00:00
OL-000201244,ORD-00067081,CUST-003593,PROD-0419,7,3162.44,2026-09-01 16:00:00,delivered,2026-09-01 16:00:00
OL-000201245,ORD-00067081,CUST-003400,PROD-0004,8,4539.78,2026-09-01 17:00:00,delivered,2026-09-01 17:00:00
OL-000201246,ORD-00067082,CUST-000767,PROD-0483,5,4712.15,2026-09-01 18:00:00,delivered,2026-09-01 18:00:00
OL-000201247,ORD-00067082,CUST-000197,PROD-0887,1,4565.9,2026-09-01 19:00:00,delivered,2026-09-01 19:00:00
OL-000201248,ORD-00067082,CUST-001352,PROD-0480,5,3530.15,2026-09-01 08:00:00,placed,2026-09-01 12:00:00
OL-000201249,ORD-00067083,CUST-000109,PROD-0242,1,2427.55,2026-09-01 09:00:00,delivered,2026-09-01 13:00:00
OL-000201250,ORD-00067083,CUST-002188,PROD-0083,4,2222.64,2026-09-01 10:00:00,shipped,2026-09-01 14:00:00
OL-000201251,ORD-00067083,CUST-003220,PROD-0836,1,2343.93,2026-09-01 11:00:00,delivered,2026-09-01 15:00:00
OL-000201252,ORD-00067084,CUST-001163,PROD-0306,1,2274.96,2026-09-01 12:00:00,delivered,2026-09-01 16:00:00
OL-000201253,ORD-00067084,CUST-002933,PROD-0658,4,4196.4,2026-09-01 13:00:00,delivered,2026-09-01 17:00:00
OL-000201254,ORD-00067084,CUST-003072,PROD-0841,9,2041.13,2026-09-01 14:00:00,shipped,2026-09-01 18:00:00
OL-000201255,ORD-00067085,CUST-002065,PROD-0791,8,377.58,2026-09-01 15:00:00,delivered,2026-09-01 19:00:00
OL-000201256,ORD-00067085,CUST-002769,PROD-0524,2,2316.38,2026-09-01 16:00:00,delivered,2026-09-01 12:00:00
OL-000201257,ORD-00067085,CUST-003807,PROD-0495,9,2411.97,2026-09-01 17:00:00,delivered,2026-09-01 13:00:00
OL-000201258,ORD-00067086,CUST-000921,PROD-0723,7,869.34,2026-09-01 18:00:00,shipped,2026-09-01 14:00:00
OL-000201259,ORD-00067086,CUST-001837,PROD-0832,9,3737.71,2026-09-01 19:00:00,delivered,2026-09-01 15:00:00
OL-000201260,ORD-00067086,CUST-002226,PROD-0823,5,1848.81,2026-09-01 08:00:00,delivered,2026-09-01 16:00:00
OL-000201261,ORD-00067087,CUST-003382,PROD-0898,3,2929.04,2026-09-01 09:00:00,delivered,2026-09-01 17:00:00
OL-000201262,ORD-00067087,CUST-003506,PROD-0889,7,4545.29,2026-09-01 10:00:00,delivered,2026-09-01 18:00:00
OL-000201263,ORD-00067087,CUST-000778,PROD-0225,3,512.0,2026-09-01 11:00:00,cancelled,2026-09-01 19:00:00
OL-000201264,ORD-00067088,CUST-003684,PROD-0685,7,1477.0,2026-09-01 12:00:00,shipped,2026-09-01 12:00:00
OL-000201265,ORD-00067088,CUST-002527,PROD-0250,9,207.97,2026-09-01 13:00:00,shipped,2026-09-01 13:00:00
OL-000201266,ORD-00067088,CUST-002895,PROD-0605,2,1713.66,2026-09-01 14:00:00,delivered,2026-09-01 14:00:00
OL-000201267,ORD-00067089,CUST-003883,PROD-0241,1,982.05,2026-09-01 15:00:00,cancelled,2026-09-01 15:00:00
OL-000201268,ORD-00067089,CUST-000369,PROD-0638,2,489.75,2026-09-01 16:00:00,delivered,2026-09-01 16:00:00
OL-000201269,ORD-00067089,CUST-000025,PROD-0026,7,2324.21,2026-09-01 17:00:00,delivered,2026-09-01 17:00:00
OL-000201270,ORD-00067090,CUST-000748,PROD-0535,3,4275.08,2026-09-01 18:00:00,delivered,2026-09-01 18:00:00
OL-000201271,ORD-00067090,CUST-000449,PROD-0865,5,859.55,2026-09-01 19:00:00,placed,2026-09-01 19:00:00
OL-000201272,ORD-00067090,CUST-002227,PROD-0838,4,3328.36,2026-09-01 08:00:00,delivered,2026-09-01 12:00:00
OL-000201273,ORD-00067091,CUST-001103,PROD-0609,1,1305.35,2026-09-01 09:00:00,delivered,2026-09-01 13:00:00
OL-000201274,ORD-00067091,CUST-001890,PROD-0714,5,4282.58,2026-09-01 10:00:00,placed,2026-09-01 14:00:00
OL-000201275,ORD-00067091,CUST-000557,PROD-0406,4,3832.51,2026-09-01 11:00:00,delivered,2026-09-01 15:00:00
OL-000201276,ORD-00067092,CUST-001901,PROD-0818,7,2324.76,2026-09-01 12:00:00,delivered,2026-09-01 16:00:00
OL-000201277,ORD-00067092,CUST-000159,PROD-0413,6,1991.39,2026-09-01 13:00:00,placed,2026-09-01 17:00:00
OL-000201278,ORD-00067092,CUST-003186,PROD-0809,3,2978.53,2026-09-01 14:00:00,delivered,2026-09-01 18:00:00
OL-000201279,ORD-00067093,CUST-002059,PROD-0424,4,1453.86,2026-09-01 15:00:00,shipped,2026-09-01 19:00:00
OL-000201280,ORD-00067093,CUST-002260,PROD-0305,9,2450.62,2026-09-01 16:00:00,delivered,2026-09-01 12:00:00
OL-000201281,ORD-00067093,CUST-001565,PROD-0617,9,2119.88,2026-09-01 17:00:00,delivered,2026-09-01 13:00:00
OL-000201282,ORD-00067094,CUST-002032,PROD-0453,8,4113.07,2026-09-01 18:00:00,placed,2026-09-01 14:00:00
OL-000201283,ORD-00067094,CUST-000917,PROD-0580,6,2184.28,2026-09-01 19:00:00,delivered,2026-09-01 15:00:00
OL-000201284,ORD-00067094,CUST-001679,PROD-0625,5,1778.69,2026-09-01 08:00:00,shipped,2026-09-01 16:00:00
OL-000201285,ORD-00067095,CUST-001900,PROD-0614,5,235.94,2026-09-01 09:00:00,delivered,2026-09-01 17:00:00
OL-000201286,ORD-00067095,CUST-001177,PROD-0563,3,1783.68,2026-09-01 10:00:00,shipped,2026-09-01 18:00:00
OL-000201287,ORD-00067095,CUST-000855,PROD-0664,3,2414.7,2026-09-01 11:00:00,delivered,2026-09-01 19:00:00
OL-000201288,ORD-00067096,CUST-003829,PROD-0728,4,1726.32,2026-09-01 12:00:00,delivered,2026-09-01 12:00:00
OL-000201289,ORD-00067096,CUST-000339,PROD-0882,5,3182.47,2026-09-01 13:00:00,shipped,2026-09-01 13:00:00
OL-000201290,ORD-00067096,CUST-003350,PROD-0444,8,2557.79,2026-09-01 14:00:00,delivered,2026-09-01 14:00:00
OL-000201291,ORD-00067097,CUST-003505,PROD-0264,4,3475.12,2026-09-01 15:00:00,delivered,2026-09-01 15:00:00
OL-000201292,ORD-00067097,CUST-001499,PROD-0703,5,399.6,2026-09-01 16:00:00,delivered,2026-09-01 16:00:00
OL-000201293,ORD-00067097,CUST-001019,PROD-0864,8,1341.34,2026-09-01 17:00:00,placed,2026-09-01 17:00:00
OL-000201294,ORD-00067098,CUST-003463,PROD-0353,4,2567.19,2026-09-01 18:00:00,delivered,2026-09-01 18:00:00
OL-000201295,ORD-00067098,CUST-003772,PROD-0602,3,1693.15,2026-09-01 19:00:00,shipped,2026-09-01 19:00:00
OL-000201296,ORD-00067098,CUST-002122,PROD-0801,8,1115.5,2026-09-01 08:00:00,delivered,2026-09-01 12:00:00
OL-000201297,ORD-00067099,CUST-000527,PROD-0294,4,4169.7,2026-09-01 09:00:00,delivered,2026-09-01 13:00:00
OL-000201298,ORD-00067099,CUST-002081,PROD-0706,9,2901.03,2026-09-01 10:00:00,delivered,2026-09-01 14:00:00
OL-000201299,ORD-00067099,CUST-002100,PROD-0056,5,3636.42,2026-09-01 11:00:00,delivered,2026-09-01 15:00:00
OL-000201300,ORD-00067100,CUST-000552,PROD-0632,1,2765.38,2026-09-01 12:00:00,shipped,2026-09-01 16:00:00
OL-000201301,ORD-00067100,CUST-003374,PROD-0457,3,1457.13,2026-09-01 13:00:00,delivered,2026-09-01 17:00:00
OL-000201302,ORD-00067100,CUST-002057,PROD-0351,2,2073.84,2026-09-01 14:00:00,shipped,2026-09-01 18:00:00
OL-000201303,ORD-00067101,CUST-001742,PROD-0505,4,2784.64,2026-09-01 15:00:00,delivered,2026-09-01 19:00:00
OL-000201304,ORD-00067101,CUST-000625,PROD-0395,6,1936.71,2026-09-01 16:00:00,delivered,2026-09-01 12:00:00
OL-000201305,ORD-00067101,CUST-001780,PROD-0418,6,3724.17,2026-09-01 17:00:00,placed,2026-09-01 13:00:00
OL-000201306,ORD-00067102,CUST-002196,PROD-0741,9,4564.18,2026-09-01 18:00:00,delivered,2026-09-01 14:00:00
OL-000201307,ORD-00067102,CUST-002485,PROD-0801,4,1511.53,2026-09-01 19:00:00,delivered,2026-09-01 15:00:00
OL-000201308,ORD-00067102,CUST-000354,PROD-0385,4,178.09,2026-09-01 08:00:00,delivered,2026-09-01 16:00:00
OL-000201309,ORD-00067103,CUST-003410,PROD-0138,9,2878.68,2026-09-01 09:00:00,delivered,2026-09-01 17:00:00
OL-000201310,ORD-00067103,CUST-001111,PROD-0596,5,1802.01,2026-09-01 10:00:00,shipped,2026-09-01 18:00:00
OL-000201311,ORD-00067103,CUST-001958,PROD-0345,1,3552.28,2026-09-01 11:00:00,delivered,2026-09-01 19:00:00
OL-000201312,ORD-00067104,CUST-000249,PROD-0894,7,4793.82,2026-09-01 12:00:00,delivered,2026-09-01 12:00:00
OL-000201313,ORD-00067104,CUST-000419,PROD-0760,7,4407.3,2026-09-01 13:00:00,delivered,2026-09-01 13:00:00
OL-000201314,ORD-00067104,CUST-002018,PROD-0482,4,3822.75,2026-09-01 14:00:00,delivered,2026-09-01 14:00:00
OL-000201315,ORD-00067105,CUST-002946,PROD-0783,8,539.49,2026-09-01 15:00:00,delivered,2026-09-01 15:00:00
OL-000201316,ORD-00067105,CUST-003149,PROD-0086,8,3398.89,2026-09-01 16:00:00,delivered,2026-09-01 16:00:00
OL-000201317,ORD-00067105,CUST-002406,PROD-0226,6,3185.57,2026-09-01 17:00:00,delivered,2026-09-01 17:00:00
OL-000201318,ORD-00067106,CUST-000932,PROD-0418,4,3267.92,2026-09-01 18:00:00,delivered,2026-09-01 18:00:00
OL-000201319,ORD-00067106,CUST-001328,PROD-0489,9,2655.78,2026-09-01 19:00:00,delivered,2026-09-01 19:00:00
OL-000201320,ORD-00067106,CUST-000237,PROD-0531,2,2786.64,2026-09-01 08:00:00,shipped,2026-09-01 12:00:00
OL-000201321,ORD-00067107,CUST-002619,PROD-0511,7,4791.19,2026-09-01 09:00:00,delivered,2026-09-01 13:00:00
OL-000201322,ORD-00067107,CUST-000011,PROD-0677,8,2190.84,2026-09-01 10:00:00,delivered,2026-09-01 14:00:00
OL-000201323,ORD-00067107,CUST-000833,PROD-0103,8,3652.64,2026-09-01 11:00:00,delivered,2026-09-01 15:00:00
OL-000201324,ORD-00067108,CUST-003778,PROD-0895,6,813.73,2026-09-01 12:00:00,delivered,2026-09-01 16:00:00
OL-000201325,ORD-00067108,CUST-003619,PROD-0040,8,4588.16,2026-09-01 13:00:00,delivered,2026-09-01 17:00:00
OL-000201326,ORD-00067108,CUST-001675,PROD-0209,5,3189.26,2026-09-01 14:00:00,delivered,2026-09-01 18:00:00
OL-000201327,ORD-00067109,CUST-002119,PROD-0610,4,4642.98,2026-09-01 15:00:00,delivered,2026-09-01 19:00:00
OL-000201328,ORD-00067109,CUST-003365,PROD-0849,3,3113.7,2026-09-01 16:00:00,delivered,2026-09-01 12:00:00
OL-000201329,ORD-00067109,CUST-000916,PROD-0779,1,2569.7,2026-09-01 17:00:00,delivered,2026-09-01 13:00:00
OL-000201330,ORD-00067110,CUST-002503,PROD-0822,3,807.3,2026-09-01 18:00:00,shipped,2026-09-01 14:00:00
OL-000201331,ORD-00067110,CUST-001530,PROD-0291,3,746.38,2026-09-01 19:00:00,delivered,2026-09-01 15:00:00
OL-000201332,ORD-00067110,CUST-000287,PROD-0121,7,3914.46,2026-09-01 08:00:00,delivered,2026-09-01 16:00:00
OL-000201333,ORD-00067111,CUST-003050,PROD-0573,3,4408.93,2026-09-01 09:00:00,delivered,2026-09-01 17:00:00
OL-000201334,ORD-00067111,CUST-003143,PROD-0480,1,1264.24,2026-09-01 10:00:00,delivered,2026-09-01 18:00:00
OL-000201335,ORD-00067111,CUST-001077,PROD-0705,6,159.15,2026-09-01 11:00:00,delivered,2026-09-01 19:00:00
OL-000201336,ORD-00067112,CUST-003736,PROD-0338,4,2579.54,2026-09-01 12:00:00,delivered,2026-09-01 12:00:00
OL-000201337,ORD-00067112,CUST-000666,PROD-0478,4,4485.27,2026-09-01 13:00:00,delivered,2026-09-01 13:00:00
OL-000201338,ORD-00067112,CUST-002465,PROD-0497,9,4036.75,2026-09-01 14:00:00,delivered,2026-09-01 14:00:00
OL-000201339,ORD-00067113,CUST-003780,PROD-0119,8,380.97,2026-09-01 15:00:00,delivered,2026-09-01 15:00:00
OL-000201340,ORD-00067113,CUST-001402,PROD-0441,8,3534.29,2026-09-01 16:00:00,shipped,2026-09-01 16:00:00
OL-000201341,ORD-00067113,CUST-001358,PROD-0335,1,316.07,2026-09-01 17:00:00,cancelled,2026-09-01 17:00:00
OL-000201342,ORD-00067114,CUST-003451,PROD-0695,8,289.86,2026-09-01 18:00:00,delivered,2026-09-01 18:00:00
OL-000201343,ORD-00067114,CUST-000987,PROD-0413,7,350.3,2026-09-01 19:00:00,delivered,2026-09-01 19:00:00
OL-000201344,ORD-00067114,CUST-003067,PROD-0650,7,1466.86,2026-09-01 08:00:00,delivered,2026-09-01 12:00:00
OL-000201345,ORD-00067115,CUST-001439,PROD-0636,2,3628.13,2026-09-01 09:00:00,delivered,2026-09-01 13:00:00
OL-000201346,ORD-00067115,CUST-002321,PROD-0598,1,1495.76,2026-09-01 10:00:00,shipped,2026-09-01 14:00:00
OL-000201347,ORD-00067115,CUST-000324,PROD-0552,5,597.44,2026-09-01 11:00:00,placed,2026-09-01 15:00:00
OL-000201348,ORD-00067116,CUST-000645,PROD-0135,9,3116.12,2026-09-01 12:00:00,delivered,2026-09-01 16:00:00
OL-000201349,ORD-00067116,CUST-001353,PROD-0183,1,4390.13,2026-09-01 13:00:00,delivered,2026-09-01 17:00:00
OL-000201350,ORD-00067116,CUST-002290,PROD-0831,2,1721.59,2026-09-01 14:00:00,delivered,2026-09-01 18:00:00
OL-000201351,ORD-00067117,CUST-003076,PROD-0632,7,3047.66,2026-09-01 15:00:00,placed,2026-09-01 19:00:00
OL-000201352,ORD-00067117,CUST-000461,PROD-0503,5,2892.66,2026-09-01 16:00:00,delivered,2026-09-01 12:00:00
OL-000201353,ORD-00067117,CUST-001528,PROD-0135,5,1012.66,2026-09-01 17:00:00,shipped,2026-09-01 13:00:00
OL-000201354,ORD-00067118,CUST-003735,PROD-0341,8,2510.56,2026-09-01 18:00:00,shipped,2026-09-01 14:00:00
OL-000201355,ORD-00067118,CUST-002978,PROD-0430,3,1547.29,2026-09-01 19:00:00,delivered,2026-09-01 15:00:00
OL-000201356,ORD-00067118,CUST-001598,PROD-0420,8,3643.36,2026-09-01 08:00:00,delivered,2026-09-01 16:00:00
OL-000201357,ORD-00067119,CUST-003520,PROD-0709,6,2568.13,2026-09-01 09:00:00,placed,2026-09-01 17:00:00
OL-000201358,ORD-00067119,CUST-002290,PROD-0812,8,3663.02,2026-09-01 10:00:00,delivered,2026-09-01 18:00:00
OL-000201359,ORD-00067119,CUST-002616,PROD-0651,5,3181.14,2026-09-01 11:00:00,delivered,2026-09-01 19:00:00
OL-000201360,ORD-00067120,CUST-002158,PROD-0824,6,3303.51,2026-09-01 12:00:00,delivered,2026-09-01 12:00:00
OL-000201361,ORD-00067120,CUST-000101,PROD-0453,4,4663.18,2026-09-01 13:00:00,delivered,2026-09-01 13:00:00
OL-000201362,ORD-00067120,CUST-000342,PROD-0601,5,2586.1,2026-09-01 14:00:00,delivered,2026-09-01 14:00:00
OL-000201363,ORD-00067121,CUST-002981,PROD-0063,2,2649.23,2026-09-01 15:00:00,shipped,2026-09-01 15:00:00
OL-000201364,ORD-00067121,CUST-001557,PROD-0895,9,4502.09,2026-09-01 16:00:00,shipped,2026-09-01 16:00:00
OL-000201365,ORD-00067121,CUST-003215,PROD-0018,8,1363.73,2026-09-01 17:00:00,delivered,2026-09-01 17:00:00
OL-000201366,ORD-00067122,CUST-002135,PROD-0647,7,1519.25,2026-09-01 18:00:00,shipped,2026-09-01 18:00:00
OL-000201367,ORD-00067122,CUST-001670,PROD-0733,1,999.47,2026-09-01 19:00:00,shipped,2026-09-01 19:00:00
OL-000201368,ORD-00067122,CUST-002405,PROD-0528,2,3816.87,2026-09-01 08:00:00,delivered,2026-09-01 12:00:00
OL-000201369,ORD-00067123,CUST-003831,PROD-0680,6,1690.99,2026-09-01 09:00:00,placed,2026-09-01 13:00:00
OL-000201370,ORD-00067123,CUST-003976,PROD-0872,1,1736.38,2026-09-01 10:00:00,shipped,2026-09-01 14:00:00
OL-000201371,ORD-00067123,CUST-001955,PROD-0486,8,169.55,2026-09-01 11:00:00,delivered,2026-09-01 15:00:00
OL-000201372,ORD-00067124,CUST-000913,PROD-0890,6,2633.96,2026-09-01 12:00:00,delivered,2026-09-01 16:00:00
OL-000201373,ORD-00067124,CUST-000787,PROD-0564,3,512.95,2026-09-01 13:00:00,delivered,2026-09-01 17:00:00
OL-000201374,ORD-00067124,CUST-000609,PROD-0010,5,3250.59,2026-09-01 14:00:00,delivered,2026-09-01 18:00:00
OL-000201375,ORD-00067125,CUST-002387,PROD-0157,6,4601.64,2026-09-01 15:00:00,shipped,2026-09-01 19:00:00
OL-000201376,ORD-00067125,CUST-002142,PROD-0615,1,3570.57,2026-09-01 16:00:00,shipped,2026-09-01 12:00:00
OL-000201377,ORD-00067125,CUST-000766,PROD-0281,1,2616.71,2026-09-01 17:00:00,delivered,2026-09-01 13:00:00
OL-000201378,ORD-00067126,CUST-000431,PROD-0876,2,4207.27,2026-09-01 18:00:00,delivered,2026-09-01 14:00:00
OL-000201379,ORD-00067126,CUST-003622,PROD-0464,2,4704.65,2026-09-01 19:00:00,delivered,2026-09-01 15:00:00
OL-000201380,ORD-00067126,CUST-000061,PROD-0045,7,3012.11,2026-09-01 08:00:00,delivered,2026-09-01 16:00:00
OL-000201381,ORD-00067127,CUST-000261,PROD-0346,3,4176.45,2026-09-01 09:00:00,delivered,2026-09-01 17:00:00
OL-000201382,ORD-00067127,CUST-001716,PROD-0519,2,2491.72,2026-09-01 10:00:00,delivered,2026-09-01 18:00:00
OL-000201383,ORD-00067127,CUST-001829,PROD-0669,3,3059.68,2026-09-01 11:00:00,delivered,2026-09-01 19:00:00
OL-000201384,ORD-00067128,CUST-000218,PROD-0615,5,1747.22,2026-09-01 12:00:00,delivered,2026-09-01 12:00:00
OL-000201385,ORD-00067128,CUST-001780,PROD-0097,3,3007.39,2026-09-01 13:00:00,shipped,2026-09-01 13:00:00
OL-000201386,ORD-00067128,CUST-002271,PROD-0615,5,2646.16,2026-09-01 14:00:00,delivered,2026-09-01 14:00:00
OL-000201387,ORD-00067129,CUST-002524,PROD-0525,9,2000.85,2026-09-01 15:00:00,delivered,2026-09-01 15:00:00
OL-000201388,ORD-00067129,CUST-000580,PROD-0520,1,873.07,2026-09-01 16:00:00,shipped,2026-09-01 16:00:00
OL-000201389,ORD-00067129,CUST-003856,PROD-0104,7,288.95,2026-09-01 17:00:00,shipped,2026-09-01 17:00:00
OL-000201390,ORD-00067130,CUST-003005,PROD-0310,5,2940.68,2026-09-01 18:00:00,delivered,2026-09-01 18:00:00
OL-000201391,ORD-00067130,CUST-001537,PROD-0491,3,826.14,2026-09-01 19:00:00,delivered,2026-09-01 19:00:00
OL-000201392,ORD-00067130,CUST-000212,PROD-0648,6,2677.68,2026-09-01 08:00:00,delivered,2026-09-01 12:00:00
OL-000201393,ORD-00067131,CUST-001470,PROD-0763,1,4188.02,2026-09-01 09:00:00,delivered,2026-09-01 13:00:00
OL-000201394,ORD-00067131,CUST-001842,PROD-0752,4,282.93,2026-09-01 10:00:00,delivered,2026-09-01 14:00:00
OL-000201395,ORD-00067131,CUST-000157,PROD-0035,9,3195.49,2026-09-01 11:00:00,delivered,2026-09-01 15:00:00
OL-000201396,ORD-00067132,CUST-000894,PROD-0198,6,2567.26,2026-09-01 12:00:00,shipped,2026-09-01 16:00:00
OL-000201397,ORD-00067132,CUST-003625,PROD-0864,1,999.0,2026-09-01 13:00:00,delivered,2026-09-01 17:00:00
OL-000201398,ORD-00067132,CUST-001767,PROD-0350,5,2029.71,2026-09-01 14:00:00,placed,2026-09-01 18:00:00
OL-000201399,ORD-00067133,CUST-003825,PROD-0193,6,4419.82,2026-09-01 15:00:00,delivered,2026-09-01 19:00:00
OL-000201400,ORD-00067133,CUST-002137,PROD-0332,9,2611.3,2026-09-01 16:00:00,delivered,2026-09-01 12:00:00
OL-000201401,ORD-00067133,CUST-002641,PROD-0317,6,329.24,2026-09-01 17:00:00,delivered,2026-09-01 13:00:00
OL-000201402,ORD-00067134,CUST-000346,PROD-0845,7,3649.23,2026-09-01 18:00:00,delivered,2026-09-01 14:00:00
OL-000201403,ORD-00067134,CUST-003969,PROD-0137,8,834.16,2026-09-01 19:00:00,delivered,2026-09-01 15:00:00
OL-000201404,ORD-00067134,CUST-002479,PROD-0259,5,1794.46,2026-09-01 08:00:00,cancelled,2026-09-01 16:00:00
OL-000201405,ORD-00067135,CUST-000966,PROD-0104,3,2767.38,2026-09-01 09:00:00,placed,2026-09-01 17:00:00
OL-000201406,ORD-00067135,CUST-001118,PROD-0574,9,3910.6,2026-09-01 10:00:00,delivered,2026-09-01 18:00:00
OL-000201407,ORD-00067135,CUST-000071,PROD-0864,3,1187.81,2026-09-01 11:00:00,delivered,2026-09-01 19:00:00
OL-000201408,ORD-00067136,CUST-000725,PROD-0863,5,4290.34,2026-09-01 12:00:00,placed,2026-09-01 12:00:00
OL-000201409,ORD-00067136,CUST-000391,PROD-0169,6,1249.67,2026-09-01 13:00:00,placed,2026-09-01 13:00:00
OL-000201410,ORD-00067136,CUST-003601,PROD-0365,7,3768.49,2026-09-01 14:00:00,delivered,2026-09-01 14:00:00
OL-000201411,ORD-00067137,CUST-001775,PROD-0076,8,3741.44,2026-09-01 15:00:00,delivered,2026-09-01 15:00:00
OL-000201412,ORD-00067137,CUST-000842,PROD-0463,2,804.51,2026-09-01 16:00:00,delivered,2026-09-01 16:00:00
OL-000201413,ORD-00067137,CUST-001330,PROD-0440,6,4625.7,2026-09-01 17:00:00,delivered,2026-09-01 17:00:00
OL-000201414,ORD-00067138,CUST-003688,PROD-0661,3,1913.14,2026-09-01 18:00:00,delivered,2026-09-01 18:00:00
OL-000201415,ORD-00067138,CUST-000149,PROD-0822,3,479.76,2026-09-01 19:00:00,shipped,2026-09-01 19:00:00
OL-000201416,ORD-00067138,CUST-000079,PROD-0867,9,2153.89,2026-09-01 08:00:00,placed,2026-09-01 12:00:00
OL-000201417,ORD-00067139,CUST-001950,PROD-0119,2,687.84,2026-09-01 09:00:00,placed,2026-09-01 13:00:00
OL-000201418,ORD-00067139,CUST-001506,PROD-0565,2,4742.55,2026-09-01 10:00:00,delivered,2026-09-01 14:00:00
OL-000201419,ORD-00067139,CUST-002705,PROD-0761,5,3769.39,2026-09-01 11:00:00,delivered,2026-09-01 15:00:00
OL-000201420,ORD-00067140,CUST-001281,PROD-0128,2,713.79,2026-09-01 12:00:00,delivered,2026-09-01 16:00:00
OL-000201421,ORD-00067140,CUST-002789,PROD-0413,4,1496.84,2026-09-01 13:00:00,shipped,2026-09-01 17:00:00
OL-000201422,ORD-00067140,CUST-000726,PROD-0369,8,1597.6,2026-09-01 14:00:00,cancelled,2026-09-01 18:00:00
OL-000201423,ORD-00067141,CUST-000645,PROD-0660,4,2864.94,2026-09-01 15:00:00,delivered,2026-09-01 19:00:00
OL-000201424,ORD-00067141,CUST-000624,PROD-0822,3,1342.97,2026-09-01 16:00:00,shipped,2026-09-01 12:00:00
OL-000201425,ORD-00067141,CUST-000075,PROD-0652,8,427.39,2026-09-01 17:00:00,delivered,2026-09-01 13:00:00
OL-000201426,ORD-00067142,CUST-003333,PROD-0144,7,1427.43,2026-09-01 18:00:00,shipped,2026-09-01 14:00:00
OL-000201427,ORD-00067142,CUST-000047,PROD-0029,6,1425.88,2026-09-01 19:00:00,delivered,2026-09-01 15:00:00
OL-000201428,ORD-00067142,CUST-002867,PROD-0731,7,2905.56,2026-09-01 08:00:00,delivered,2026-09-01 16:00:00
OL-000201429,ORD-00067143,CUST-002463,PROD-0191,2,1647.41,2026-09-01 09:00:00,delivered,2026-09-01 17:00:00
OL-000201430,ORD-00067143,CUST-002106,PROD-0778,5,3355.75,2026-09-01 10:00:00,shipped,2026-09-01 18:00:00
OL-000201431,ORD-00067143,CUST-001651,PROD-0772,3,4062.82,2026-09-01 11:00:00,placed,2026-09-01 19:00:00
OL-000201432,ORD-00067144,CUST-000614,PROD-0284,7,4693.06,2026-09-01 12:00:00,delivered,2026-09-01 12:00:00
OL-000201433,ORD-00067144,CUST-001828,PROD-0049,5,870.14,2026-09-01 13:00:00,delivered,2026-09-01 13:00:00
OL-000201434,ORD-00067144,CUST-000492,PROD-0593,7,4506.88,2026-09-01 14:00:00,placed,2026-09-01 14:00:00
OL-000201435,ORD-00067145,CUST-000501,PROD-0093,4,2883.81,2026-09-01 15:00:00,delivered,2026-09-01 15:00:00
OL-000201436,ORD-00067145,CUST-001912,PROD-0738,3,3879.23,2026-09-01 16:00:00,delivered,2026-09-01 16:00:00
OL-000201437,ORD-00067145,CUST-002943,PROD-0652,1,3224.04,2026-09-01 17:00:00,delivered,2026-09-01 17:00:00
OL-000201438,ORD-00067146,CUST-003852,PROD-0528,4,2235.3,2026-09-01 18:00:00,delivered,2026-09-01 18:00:00
OL-000201439,ORD-00067146,CUST-001091,PROD-0258,7,1803.16,2026-09-01 19:00:00,shipped,2026-09-01 19:00:00
OL-000201440,ORD-00067146,CUST-002735,PROD-0812,9,266.36,2026-09-01 08:00:00,delivered,2026-09-01 12:00:00
OL-000201441,ORD-00067147,CUST-003640,PROD-0630,1,4694.31,2026-09-01 09:00:00,delivered,2026-09-01 13:00:00
OL-000201442,ORD-00067147,CUST-003826,PROD-0007,2,517.77,2026-09-01 10:00:00,shipped,2026-09-01 14:00:00
OL-000201443,ORD-00067147,CUST-003759,PROD-0330,8,2238.37,2026-09-01 11:00:00,delivered,2026-09-01 15:00:00
OL-000201444,ORD-00067148,CUST-002787,PROD-0468,4,3762.25,2026-09-01 12:00:00,delivered,2026-09-01 16:00:00
OL-000201445,ORD-00067148,CUST-003540,PROD-0161,6,2536.42,2026-09-01 13:00:00,delivered,2026-09-01 17:00:00
OL-000201446,ORD-00067148,CUST-002612,PROD-0651,7,1245.69,2026-09-01 14:00:00,shipped,2026-09-01 18:00:00
OL-000201447,ORD-00067149,CUST-002342,PROD-0350,9,2856.99,2026-09-01 15:00:00,shipped,2026-09-01 19:00:00
OL-000201448,ORD-00067149,CUST-000977,PROD-0239,4,4329.3,2026-09-01 16:00:00,delivered,2026-09-01 12:00:00
OL-000201449,ORD-00067149,CUST-002664,PROD-0452,3,3499.58,2026-09-01 17:00:00,delivered,2026-09-01 13:00:00
OL-000201450,ORD-00067150,CUST-003538,PROD-0748,8,4247.11,2026-09-01 18:00:00,delivered,2026-09-01 14:00:00
OL-000201451,ORD-00067150,CUST-002848,PROD-0175,8,1692.23,2026-09-01 19:00:00,placed,2026-09-01 15:00:00
OL-000201452,ORD-00067150,CUST-001859,PROD-0859,8,1673.25,2026-09-01 08:00:00,delivered,2026-09-01 16:00:00
OL-000201453,ORD-00067151,CUST-002832,PROD-0856,3,194.53,2026-09-01 09:00:00,delivered,2026-09-01 17:00:00
OL-000201454,ORD-00067151,CUST-003384,PROD-0172,7,680.3,2026-09-01 10:00:00,delivered,2026-09-01 18:00:00
OL-000201455,ORD-00067151,CUST-000008,PROD-0467,5,4773.88,2026-09-01 11:00:00,delivered,2026-09-01 19:00:00
OL-000201456,ORD-00067152,CUST-002954,PROD-0814,1,3884.46,2026-09-01 12:00:00,delivered,2026-09-01 12:00:00
OL-000201457,ORD-00067152,CUST-003922,PROD-0236,3,1664.29,2026-09-01 13:00:00,placed,2026-09-01 13:00:00
OL-000201458,ORD-00067152,CUST-003350,PROD-0528,3,3467.01,2026-09-01 14:00:00,delivered,2026-09-01 14:00:00
OL-000201459,ORD-00067153,CUST-002451,PROD-0442,5,4106.73,2026-09-01 15:00:00,delivered,2026-09-01 15:00:00
OL-000201460,ORD-00067153,CUST-003577,PROD-0764,9,327.25,2026-09-01 16:00:00,delivered,2026-09-01 16:00:00
OL-000201461,ORD-00067153,CUST-002832,PROD-0249,3,407.49,2026-09-01 17:00:00,shipped,2026-09-01 17:00:00
OL-000201462,ORD-00067154,CUST-000491,PROD-0747,9,3774.98,2026-09-01 18:00:00,delivered,2026-09-01 18:00:00
OL-000201463,ORD-00067154,CUST-003358,PROD-0228,5,3973.63,2026-09-01 19:00:00,delivered,2026-09-01 19:00:00
OL-000201464,ORD-00067154,CUST-003131,PROD-0691,8,1164.3,2026-09-01 08:00:00,delivered,2026-09-01 12:00:00
OL-000201465,ORD-00067155,CUST-000356,PROD-0673,1,1899.28,2026-09-01 09:00:00,placed,2026-09-01 13:00:00
OL-000201466,ORD-00067155,CUST-000977,PROD-0451,2,1716.82,2026-09-01 10:00:00,delivered,2026-09-01 14:00:00
OL-000201467,ORD-00067155,CUST-002071,PROD-0622,4,4193.76,2026-09-01 11:00:00,delivered,2026-09-01 15:00:00
OL-000201468,ORD-00067156,CUST-001675,PROD-0040,6,3542.78,2026-09-01 12:00:00,cancelled,2026-09-01 16:00:00
OL-000201469,ORD-00067156,CUST-002632,PROD-0783,1,4304.45,2026-09-01 13:00:00,shipped,2026-09-01 17:00:00
OL-000201470,ORD-00067156,CUST-000201,PROD-0155,2,3840.9,2026-09-01 14:00:00,delivered,2026-09-01 18:00:00
OL-000201471,ORD-00067157,CUST-001575,PROD-0155,8,2480.57,2026-09-01 15:00:00,delivered,2026-09-01 19:00:00
OL-000201472,ORD-00067157,CUST-003625,PROD-0875,9,3645.47,2026-09-01 16:00:00,shipped,2026-09-01 12:00:00
OL-000201473,ORD-00067157,CUST-002533,PROD-0122,5,4242.25,2026-09-01 17:00:00,shipped,2026-09-01 13:00:00
OL-000201474,ORD-00067158,CUST-000928,PROD-0640,2,3066.06,2026-09-01 18:00:00,shipped,2026-09-01 14:00:00
OL-000201475,ORD-00067158,CUST-000224,PROD-0527,6,4290.97,2026-09-01 19:00:00,shipped,2026-09-01 15:00:00
OL-000201476,ORD-00067158,CUST-001628,PROD-0490,4,2024.46,2026-09-01 08:00:00,delivered,2026-09-01 16:00:00
OL-000201477,ORD-00067159,CUST-000019,PROD-0410,6,4053.38,2026-09-01 09:00:00,shipped,2026-09-01 17:00:00
OL-000201478,ORD-00067159,CUST-003277,PROD-0762,4,1438.22,2026-09-01 10:00:00,shipped,2026-09-01 18:00:00
OL-000201479,ORD-00067159,CUST-003619,PROD-0224,6,3871.14,2026-09-01 11:00:00,delivered,2026-09-01 19:00:00
OL-000201480,ORD-00067160,CUST-001029,PROD-0062,6,3674.39,2026-09-01 12:00:00,delivered,2026-09-01 12:00:00
OL-000201481,ORD-00067160,CUST-003533,PROD-0623,2,2503.6,2026-09-01 13:00:00,placed,2026-09-01 13:00:00
OL-000201482,ORD-00067160,CUST-002997,PROD-0405,9,533.21,2026-09-01 14:00:00,delivered,2026-09-01 14:00:00
OL-000201483,ORD-00067161,CUST-000081,PROD-0068,8,4625.82,2026-09-01 15:00:00,shipped,2026-09-01 15:00:00
OL-000201484,ORD-00067161,CUST-000266,PROD-0392,3,3480.81,2026-09-01 16:00:00,delivered,2026-09-01 16:00:00
OL-000201485,ORD-00067161,CUST-003875,PROD-0599,9,816.35,2026-09-01 17:00:00,delivered,2026-09-01 17:00:00
OL-000201486,ORD-00067162,CUST-001648,PROD-0291,7,208.67,2026-09-01 18:00:00,delivered,2026-09-01 18:00:00
OL-000201487,ORD-00067162,CUST-000632,PROD-0437,5,3857.48,2026-09-01 19:00:00,delivered,2026-09-01 19:00:00
OL-000201488,ORD-00067162,CUST-000071,PROD-0857,8,3531.99,2026-09-01 08:00:00,delivered,2026-09-01 12:00:00
OL-000201489,ORD-00067163,CUST-003403,PROD-0234,2,1754.39,2026-09-01 09:00:00,delivered,2026-09-01 13:00:00
OL-000201490,ORD-00067163,CUST-002551,PROD-0252,4,3144.79,2026-09-01 10:00:00,delivered,2026-09-01 14:00:00
OL-000201491,ORD-00067163,CUST-003568,PROD-0326,4,1342.43,2026-09-01 11:00:00,delivered,2026-09-01 15:00:00
OL-000201492,ORD-00067164,CUST-001546,PROD-0581,9,1037.71,2026-09-01 12:00:00,delivered,2026-09-01 16:00:00
OL-000201493,ORD-00067164,CUST-003511,PROD-0867,3,396.32,2026-09-01 13:00:00,delivered,2026-09-01 17:00:00
OL-000201494,ORD-00067164,CUST-000893,PROD-0067,3,1102.69,2026-09-01 14:00:00,shipped,2026-09-01 18:00:00
OL-000201495,ORD-00067165,CUST-001717,PROD-0531,4,4650.72,2026-09-01 15:00:00,delivered,2026-09-01 19:00:00
OL-000201496,ORD-00067165,CUST-003869,PROD-0399,4,3525.9,2026-09-01 16:00:00,cancelled,2026-09-01 12:00:00
OL-000201497,ORD-00067165,CUST-000657,PROD-0133,5,2466.4,2026-09-01 17:00:00,delivered,2026-09-01 13:00:00
OL-000201498,ORD-00067166,CUST-000914,PROD-0477,8,406.42,2026-09-01 18:00:00,shipped,2026-09-01 14:00:00
OL-000201499,ORD-00067166,CUST-002540,PROD-0808,2,1289.26,2026-09-01 19:00:00,shipped,2026-09-01 15:00:00
OL-000201500,ORD-00067166,CUST-001799,PROD-0373,6,4454.23,2026-09-01 08:00:00,shipped,2026-09-01 16:00:00
OL-000201501,ORD-00067167,CUST-000369,PROD-0740,6,1714.35,2026-09-01 09:00:00,delivered,2026-09-01 17:00:00
OL-000201502,ORD-00067167,CUST-002712,PROD-0763,1,4623.51,2026-09-01 10:00:00,cancelled,2026-09-01 18:00:00
OL-000201503,ORD-00067167,CUST-003478,PROD-0822,1,2913.83,2026-09-01 11:00:00,shipped,2026-09-01 19:00:00
OL-000201504,ORD-00067168,CUST-001382,PROD-0166,8,2460.18,2026-09-01 12:00:00,delivered,2026-09-01 12:00:00
OL-000201505,ORD-00067168,CUST-000496,PROD-0892,6,4000.15,2026-09-01 13:00:00,delivered,2026-09-01 13:00:00
OL-000201506,ORD-00067168,CUST-003720,PROD-0414,4,1984.23,2026-09-01 14:00:00,delivered,2026-09-01 14:00:00
OL-000201507,ORD-00067169,CUST-002219,PROD-0457,4,1575.12,2026-09-01 15:00:00,delivered,2026-09-01 15:00:00
OL-000201508,ORD-00067169,CUST-000328,PROD-0198,7,4179.6,2026-09-01 16:00:00,delivered,2026-09-01 16:00:00
OL-000201509,ORD-00067169,CUST-001638,PROD-0744,4,835.22,2026-09-01 17:00:00,delivered,2026-09-01 17:00:00
OL-000201510,ORD-00067170,CUST-001853,PROD-0877,7,2519.33,2026-09-01 18:00:00,shipped,2026-09-01 18:00:00
OL-000201511,ORD-00067170,CUST-001097,PROD-0402,8,972.56,2026-09-01 19:00:00,delivered,2026-09-01 19:00:00
OL-000201512,ORD-00067170,CUST-000495,PROD-0170,6,814.2,2026-09-01 08:00:00,delivered,2026-09-01 12:00:00
OL-000201513,ORD-00067171,CUST-001252,PROD-0748,3,1017.71,2026-09-01 09:00:00,shipped,2026-09-01 13:00:00
OL-000201514,ORD-00067171,CUST-002269,PROD-0734,3,3082.95,2026-09-01 10:00:00,delivered,2026-09-01 14:00:00
OL-000201515,ORD-00067171,CUST-002263,PROD-0189,3,2295.17,2026-09-01 11:00:00,delivered,2026-09-01 15:00:00
OL-000201516,ORD-00067172,CUST-003583,PROD-0304,3,962.28,2026-09-01 12:00:00,delivered,2026-09-01 16:00:00
OL-000201517,ORD-00067172,CUST-000311,PROD-0220,7,1827.15,2026-09-01 13:00:00,shipped,2026-09-01 17:00:00
OL-000201518,ORD-00067172,CUST-003350,PROD-0016,8,2465.26,2026-09-01 14:00:00,delivered,2026-09-01 18:00:00
OL-000201519,ORD-00067173,CUST-002953,PROD-0083,4,3386.37,2026-09-01 15:00:00,delivered,2026-09-01 19:00:00
OL-000201520,ORD-00067173,CUST-000395,PROD-0639,1,1992.31,2026-09-01 16:00:00,delivered,2026-09-01 12:00:00
OL-000201521,ORD-00067173,CUST-003114,PROD-0730,9,2710.8,2026-09-01 17:00:00,shipped,2026-09-01 13:00:00
OL-000201522,ORD-00067174,CUST-000244,PROD-0329,8,3714.96,2026-09-01 18:00:00,delivered,2026-09-01 14:00:00
OL-000201523,ORD-00067174,CUST-002869,PROD-0102,3,183.25,2026-09-01 19:00:00,delivered,2026-09-01 15:00:00
OL-000201524,ORD-00067174,CUST-000863,PROD-0786,3,3618.54,2026-09-01 08:00:00,delivered,2026-09-01 16:00:00
OL-000201525,ORD-00067175,CUST-002763,PROD-0872,6,4003.91,2026-09-01 09:00:00,delivered,2026-09-01 17:00:00
OL-000201526,ORD-00067175,CUST-003719,PROD-0102,2,4053.93,2026-09-01 10:00:00,delivered,2026-09-01 18:00:00
OL-000201527,ORD-00067175,CUST-002146,PROD-0100,2,2519.58,2026-09-01 11:00:00,placed,2026-09-01 19:00:00
OL-000201528,ORD-00067176,CUST-003830,PROD-0679,4,4481.74,2026-09-01 12:00:00,delivered,2026-09-01 12:00:00
OL-000201529,ORD-00067176,CUST-000514,PROD-0822,9,4304.52,2026-09-01 13:00:00,delivered,2026-09-01 13:00:00
OL-000201530,ORD-00067176,CUST-000299,PROD-0089,1,1588.8,2026-09-01 14:00:00,shipped,2026-09-01 14:00:00
OL-000201531,ORD-00067177,CUST-000200,PROD-0236,8,1805.23,2026-09-01 15:00:00,cancelled,2026-09-01 15:00:00
OL-000201532,ORD-00067177,CUST-003258,PROD-0700,2,1272.43,2026-09-01 16:00:00,shipped,2026-09-01 16:00:00
OL-000201533,ORD-00067177,CUST-002614,PROD-0141,6,3956.15,2026-09-01 17:00:00,shipped,2026-09-01 17:00:00
OL-000201534,ORD-00067178,CUST-000022,PROD-0243,1,2489.99,2026-09-01 18:00:00,placed,2026-09-01 18:00:00
OL-000201535,ORD-00067178,CUST-002448,PROD-0604,7,1205.44,2026-09-01 19:00:00,delivered,2026-09-01 19:00:00
OL-000201536,ORD-00067178,CUST-003997,PROD-0019,3,3532.54,2026-09-01 08:00:00,shipped,2026-09-01 12:00:00
OL-000201537,ORD-00067179,CUST-001389,PROD-0312,6,3259.64,2026-09-01 09:00:00,delivered,2026-09-01 13:00:00
OL-000201538,ORD-00067179,CUST-001683,PROD-0816,5,3821.53,2026-09-01 10:00:00,delivered,2026-09-01 14:00:00
OL-000201539,ORD-00067179,CUST-001083,PROD-0666,9,3787.02,2026-09-01 11:00:00,cancelled,2026-09-01 15:00:00
OL-000201540,ORD-00067180,CUST-001465,PROD-0257,4,4028.59,2026-09-01 12:00:00,delivered,2026-09-01 16:00:00
OL-000201541,ORD-00067180,CUST-002022,PROD-0454,8,2385.5,2026-09-01 13:00:00,cancelled,2026-09-01 17:00:00
OL-000201542,ORD-00067180,CUST-000860,PROD-0234,5,2393.76,2026-09-01 14:00:00,delivered,2026-09-01 18:00:00
OL-000201543,ORD-00067181,CUST-002032,PROD-0648,2,1840.79,2026-09-01 15:00:00,delivered,2026-09-01 19:00:00
OL-000201544,ORD-00067181,CUST-000608,PROD-0692,4,3713.53,2026-09-01 16:00:00,delivered,2026-09-01 12:00:00
OL-000201545,ORD-00067181,CUST-001599,PROD-0817,1,2587.25,2026-09-01 17:00:00,delivered,2026-09-01 13:00:00
OL-000201546,ORD-00067182,CUST-001533,PROD-0802,6,569.8,2026-09-01 18:00:00,delivered,2026-09-01 14:00:00
OL-000201547,ORD-00067182,CUST-001588,PROD-0434,9,1561.25,2026-09-01 19:00:00,delivered,2026-09-01 15:00:00
OL-000201548,ORD-00067182,CUST-002496,PROD-0480,7,3233.51,2026-09-01 08:00:00,delivered,2026-09-01 16:00:00
OL-000201549,ORD-00067183,CUST-001053,PROD-0376,3,4452.8,2026-09-01 09:00:00,shipped,2026-09-01 17:00:00
OL-000201550,ORD-00067183,CUST-003998,PROD-0421,3,284.11,2026-09-01 10:00:00,delivered,2026-09-01 18:00:00
OL-000201551,ORD-00067183,CUST-000531,PROD-0308,1,613.18,2026-09-01 11:00:00,delivered,2026-09-01 19:00:00
OL-000201552,ORD-00067184,CUST-001585,PROD-0116,2,2607.02,2026-09-01 12:00:00,delivered,2026-09-01 12:00:00
OL-000201553,ORD-00067184,CUST-000050,PROD-0289,3,2635.94,2026-09-01 13:00:00,delivered,2026-09-01 13:00:00
OL-000201554,ORD-00067184,CUST-000279,PROD-0291,4,1437.74,2026-09-01 14:00:00,shipped,2026-09-01 14:00:00
OL-000201555,ORD-00067185,CUST-001608,PROD-0022,2,366.53,2026-09-01 15:00:00,shipped,2026-09-01 15:00:00
OL-000201556,ORD-00067185,CUST-001838,PROD-0219,9,2282.55,2026-09-01 16:00:00,delivered,2026-09-01 16:00:00
OL-000201557,ORD-00067185,CUST-001950,PROD-0693,2,3532.36,2026-09-01 17:00:00,delivered,2026-09-01 17:00:00
OL-000201558,ORD-00067186,CUST-001127,PROD-0532,1,3530.74,2026-09-01 18:00:00,delivered,2026-09-01 18:00:00
OL-000201559,ORD-00067186,CUST-000368,PROD-0086,3,4679.64,2026-09-01 19:00:00,delivered,2026-09-01 19:00:00
OL-000201560,ORD-00067186,CUST-003524,PROD-0301,2,1996.28,2026-09-01 08:00:00,placed,2026-09-01 12:00:00
OL-000201561,ORD-00067187,CUST-002869,PROD-0636,2,3025.61,2026-09-01 09:00:00,placed,2026-09-01 13:00:00
OL-000201562,ORD-00067187,CUST-003004,PROD-0332,5,456.23,2026-09-01 10:00:00,delivered,2026-09-01 14:00:00
OL-000201563,ORD-00067187,CUST-003242,PROD-0648,6,1746.67,2026-09-01 11:00:00,delivered,2026-09-01 15:00:00
OL-000201564,ORD-00067188,CUST-003892,PROD-0647,3,4308.54,2026-09-01 12:00:00,delivered,2026-09-01 16:00:00
OL-000201565,ORD-00067188,CUST-001776,PROD-0893,4,4064.11,2026-09-01 13:00:00,placed,2026-09-01 17:00:00
OL-000201566,ORD-00067188,CUST-001784,PROD-0202,4,2957.06,2026-09-01 14:00:00,delivered,2026-09-01 18:00:00
OL-000201567,ORD-00067189,CUST-002556,PROD-0761,5,2859.68,2026-09-01 15:00:00,delivered,2026-09-01 19:00:00
OL-000201568,ORD-00067189,CUST-001000,PROD-0824,8,2039.34,2026-09-01 16:00:00,placed,2026-09-01 12:00:00
OL-000201569,ORD-00067189,CUST-003366,PROD-0687,9,4410.28,2026-09-01 17:00:00,delivered,2026-09-01 13:00:00
OL-000201570,ORD-00067190,CUST-002407,PROD-0756,7,2702.47,2026-09-01 18:00:00,delivered,2026-09-01 14:00:00
OL-000201571,ORD-00067190,CUST-002803,PROD-0066,5,3756.68,2026-09-01 19:00:00,delivered,2026-09-01 15:00:00
OL-000201572,ORD-00067190,CUST-003004,PROD-0468,7,2247.58,2026-09-01 08:00:00,delivered,2026-09-01 16:00:00
OL-000201573,ORD-00067191,CUST-000990,PROD-0126,8,122.58,2026-09-01 09:00:00,delivered,2026-09-01 17:00:00
OL-000201574,ORD-00067191,CUST-003716,PROD-0446,5,223.6,2026-09-01 10:00:00,delivered,2026-09-01 18:00:00
OL-000201575,ORD-00067191,CUST-001235,PROD-0155,2,2034.39,2026-09-01 11:00:00,placed,2026-09-01 19:00:00
OL-000201576,ORD-00067192,CUST-002357,PROD-0555,3,3160.89,2026-09-01 12:00:00,delivered,2026-09-01 12:00:00
OL-000201577,ORD-00067192,CUST-003475,PROD-0104,5,2742.21,2026-09-01 13:00:00,delivered,2026-09-01 13:00:00
OL-000201578,ORD-00067192,CUST-002119,PROD-0440,4,4682.7,2026-09-01 14:00:00,placed,2026-09-01 14:00:00
OL-000201579,ORD-00067193,CUST-001079,PROD-0655,1,1601.9,2026-09-01 15:00:00,delivered,2026-09-01 15:00:00
OL-000201580,ORD-00067193,CUST-001431,PROD-0240,3,1368.82,2026-09-01 16:00:00,shipped,2026-09-01 16:00:00
OL-000201581,ORD-00067193,CUST-002163,PROD-0707,6,1292.58,2026-09-01 17:00:00,delivered,2026-09-01 17:00:00
OL-000201582,ORD-00067194,CUST-003960,PROD-0165,7,4780.79,2026-09-01 18:00:00,shipped,2026-09-01 18:00:00
OL-000201583,ORD-00067194,CUST-000736,PROD-0819,8,3839.65,2026-09-01 19:00:00,placed,2026-09-01 19:00:00
OL-000201584,ORD-00067194,CUST-000507,PROD-0141,9,2721.03,2026-09-01 08:00:00,shipped,2026-09-01 12:00:00
OL-000201585,ORD-00067195,CUST-002758,PROD-0035,5,1024.45,2026-09-01 09:00:00,delivered,2026-09-01 13:00:00
OL-000201586,ORD-00067195,CUST-000799,PROD-0439,4,2162.5,2026-09-01 10:00:00,delivered,2026-09-01 14:00:00
OL-000201587,ORD-00067195,CUST-003916,PROD-0068,6,3512.78,2026-09-01 11:00:00,shipped,2026-09-01 15:00:00
OL-000201588,ORD-00067196,CUST-003136,PROD-0549,8,1821.02,2026-09-01 12:00:00,placed,2026-09-01 16:00:00
OL-000201589,ORD-00067196,CUST-003051,PROD-0011,5,1221.83,2026-09-01 13:00:00,placed,2026-09-01 17:00:00
OL-000201590,ORD-00067196,CUST-001029,PROD-0750,7,2832.12,2026-09-01 14:00:00,delivered,2026-09-01 18:00:00
OL-000201591,ORD-00067197,CUST-000261,PROD-0270,1,1330.57,2026-09-01 15:00:00,delivered,2026-09-01 19:00:00
OL-000201592,ORD-00067197,CUST-001670,PROD-0040,2,4271.57,2026-09-01 16:00:00,delivered,2026-09-01 12:00:00
OL-000201593,ORD-00067197,CUST-002656,PROD-0123,5,743.76,2026-09-01 17:00:00,delivered,2026-09-01 13:00:00
OL-000201594,ORD-00067198,CUST-001434,PROD-0528,5,452.31,2026-09-01 18:00:00,delivered,2026-09-01 14:00:00
OL-000201595,ORD-00067198,CUST-003011,PROD-0197,3,4778.07,2026-09-01 19:00:00,delivered,2026-09-01 15:00:00
OL-000201596,ORD-00067198,CUST-002917,PROD-0297,6,243.99,2026-09-01 08:00:00,delivered,2026-09-01 16:00:00
OL-000201597,ORD-00067199,CUST-002815,PROD-0341,1,3040.32,2026-09-01 09:00:00,delivered,2026-09-01 17:00:00
OL-000201598,ORD-00067199,CUST-001090,PROD-0289,4,2761.46,2026-09-01 10:00:00,shipped,2026-09-01 18:00:00
OL-000201599,ORD-00067199,CUST-001658,PROD-0032,5,2682.83,2026-09-01 11:00:00,delivered,2026-09-01 19:00:00
OL-000201600,ORD-00067200,CUST-000216,PROD-0356,3,491.0,2026-09-01 12:00:00,delivered,2026-09-01 12:00:00
OL-000201601,ORD-00067200,CUST-002013,PROD-0891,4,422.25,2026-09-01 13:00:00,delivered,2026-09-01 13:00:00
OL-000201602,ORD-00067200,CUST-002935,PROD-0366,6,1604.99,2026-09-01 14:00:00,delivered,2026-09-01 14:00:00
OL-000201603,ORD-00067201,CUST-001860,PROD-0227,9,4496.22,2026-09-01 15:00:00,shipped,2026-09-01 15:00:00
OL-000201604,ORD-00067201,CUST-000461,PROD-0670,5,3257.16,2026-09-01 16:00:00,shipped,2026-09-01 16:00:00
OL-000201605,ORD-00067201,CUST-001104,PROD-0323,2,1673.49,2026-09-01 17:00:00,shipped,2026-09-01 17:00:00
OL-000201606,ORD-00067202,CUST-000661,PROD-0339,9,1653.65,2026-09-01 18:00:00,placed,2026-09-01 18:00:00
OL-000201607,ORD-00067202,CUST-000073,PROD-0498,3,819.3,2026-09-01 19:00:00,delivered,2026-09-01 19:00:00
OL-000201608,ORD-00067202,CUST-001451,PROD-0238,5,3223.36,2026-09-01 08:00:00,delivered,2026-09-01 12:00:00
OL-000201609,ORD-00067203,CUST-001893,PROD-0799,3,3101.24,2026-09-01 09:00:00,placed,2026-09-01 13:00:00
OL-000201610,ORD-00067203,CUST-002516,PROD-0378,1,257.94,2026-09-01 10:00:00,delivered,2026-09-01 14:00:00
OL-000201611,ORD-00067203,CUST-002733,PROD-0643,2,4381.1,2026-09-01 11:00:00,shipped,2026-09-01 15:00:00
OL-000201612,ORD-00067204,CUST-003841,PROD-0540,6,543.0,2026-09-01 12:00:00,placed,2026-09-01 16:00:00
OL-000201613,ORD-00067204,CUST-001051,PROD-0304,1,3581.23,2026-09-01 13:00:00,shipped,2026-09-01 17:00:00
OL-000201614,ORD-00067204,CUST-003827,PROD-0871,4,1977.39,2026-09-01 14:00:00,delivered,2026-09-01 18:00:00
OL-000201615,ORD-00067205,CUST-002749,PROD-0085,4,2759.71,2026-09-01 15:00:00,delivered,2026-09-01 19:00:00
OL-000201616,ORD-00067205,CUST-003877,PROD-0537,2,4132.51,2026-09-01 16:00:00,delivered,2026-09-01 12:00:00
OL-000201617,ORD-00067205,CUST-002522,PROD-0768,8,3133.88,2026-09-01 17:00:00,delivered,2026-09-01 13:00:00
OL-000201618,ORD-00067206,CUST-002241,PROD-0279,5,2314.41,2026-09-01 18:00:00,delivered,2026-09-01 14:00:00
OL-000201619,ORD-00067206,CUST-000209,PROD-0262,4,438.13,2026-09-01 19:00:00,shipped,2026-09-01 15:00:00
OL-000201620,ORD-00067206,CUST-002119,PROD-0195,1,3742.06,2026-09-01 08:00:00,delivered,2026-09-01 16:00:00
OL-000201621,ORD-00067207,CUST-000128,PROD-0499,9,2515.01,2026-09-01 09:00:00,placed,2026-09-01 17:00:00
OL-000201622,ORD-00067207,CUST-003160,PROD-0500,1,229.92,2026-09-01 10:00:00,delivered,2026-09-01 18:00:00
OL-000201623,ORD-00067207,CUST-002654,PROD-0687,4,2375.0,2026-09-01 11:00:00,cancelled,2026-09-01 19:00:00
OL-000201624,ORD-00067208,CUST-000966,PROD-0614,4,4494.47,2026-09-01 12:00:00,delivered,2026-09-01 12:00:00
OL-000201625,ORD-00067208,CUST-003189,PROD-0016,2,4325.5,2026-09-01 13:00:00,delivered,2026-09-01 13:00:00
OL-000201626,ORD-00067208,CUST-001117,PROD-0297,4,554.06,2026-09-01 14:00:00,placed,2026-09-01 14:00:00
OL-000201627,ORD-00067209,CUST-003988,PROD-0752,1,2542.49,2026-09-01 15:00:00,delivered,2026-09-01 15:00:00
OL-000201628,ORD-00067209,CUST-002971,PROD-0070,9,753.72,2026-09-01 16:00:00,delivered,2026-09-01 16:00:00
OL-000201629,ORD-00067209,CUST-000156,PROD-0555,9,2745.08,2026-09-01 17:00:00,shipped,2026-09-01 17:00:00
OL-000201630,ORD-00067210,CUST-002950,PROD-0665,3,1959.27,2026-09-01 18:00:00,shipped,2026-09-01 18:00:00
OL-000201631,ORD-00067210,CUST-001686,PROD-0899,4,4528.76,2026-09-01 19:00:00,shipped,2026-09-01 19:00:00
OL-000201632,ORD-00067210,CUST-000006,PROD-0134,9,1168.71,2026-09-01 08:00:00,shipped,2026-09-01 12:00:00
OL-000201633,ORD-00067211,CUST-001183,PROD-0489,3,1375.85,2026-09-01 09:00:00,delivered,2026-09-01 13:00:00
OL-000201634,ORD-00067211,CUST-001281,PROD-0056,3,2718.91,2026-09-01 10:00:00,placed,2026-09-01 14:00:00
OL-000201635,ORD-00067211,CUST-001157,PROD-0857,4,1923.69,2026-09-01 11:00:00,delivered,2026-09-01 15:00:00
OL-000201636,ORD-00067212,CUST-000532,PROD-0403,8,330.66,2026-09-01 12:00:00,delivered,2026-09-01 16:00:00
OL-000201637,ORD-00067212,CUST-002393,PROD-0397,3,3606.61,2026-09-01 13:00:00,shipped,2026-09-01 17:00:00
OL-000201638,ORD-00067212,CUST-000609,PROD-0395,4,1313.58,2026-09-01 14:00:00,delivered,2026-09-01 18:00:00
OL-000201639,ORD-00067213,CUST-001337,PROD-0824,8,2495.13,2026-09-01 15:00:00,delivered,2026-09-01 19:00:00
OL-000201640,ORD-00067213,CUST-002900,PROD-0899,2,3100.4,2026-09-01 16:00:00,cancelled,2026-09-01 12:00:00
OL-000201641,ORD-00067213,CUST-002920,PROD-0387,7,1235.46,2026-09-01 17:00:00,delivered,2026-09-01 13:00:00
OL-000201642,ORD-00067214,CUST-000923,PROD-0092,3,3271.56,2026-09-01 18:00:00,delivered,2026-09-01 14:00:00
OL-000201643,ORD-00067214,CUST-003216,PROD-0816,3,3978.31,2026-09-01 19:00:00,delivered,2026-09-01 15:00:00
OL-000201644,ORD-00067214,CUST-003428,PROD-0445,6,1478.26,2026-09-01 08:00:00,delivered,2026-09-01 16:00:00
OL-000201645,ORD-00067215,CUST-003598,PROD-0255,1,1773.52,2026-09-01 09:00:00,shipped,2026-09-01 17:00:00
OL-000201646,ORD-00067215,CUST-000682,PROD-0629,2,2339.67,2026-09-01 10:00:00,delivered,2026-09-01 18:00:00
OL-000201647,ORD-00067215,CUST-002439,PROD-0882,4,1349.8,2026-09-01 11:00:00,delivered,2026-09-01 19:00:00
OL-000201648,ORD-00067216,CUST-002369,PROD-0383,1,4142.4,2026-09-01 12:00:00,shipped,2026-09-01 12:00:00
OL-000201649,ORD-00067216,CUST-003852,PROD-0504,8,4086.98,2026-09-01 13:00:00,delivered,2026-09-01 13:00:00
OL-000201650,ORD-00067216,CUST-001643,PROD-0131,3,3310.48,2026-09-01 14:00:00,delivered,2026-09-01 14:00:00
OL-000201651,ORD-00067217,CUST-003149,PROD-0513,9,843.96,2026-09-01 15:00:00,delivered,2026-09-01 15:00:00
OL-000201652,ORD-00067217,CUST-001003,PROD-0512,9,3259.32,2026-09-01 16:00:00,delivered,2026-09-01 16:00:00
OL-000201653,ORD-00067217,CUST-002050,PROD-0589,7,2947.0,2026-09-01 17:00:00,delivered,2026-09-01 17:00:00
OL-000201654,ORD-00067218,CUST-002838,PROD-0265,6,345.01,2026-09-01 18:00:00,delivered,2026-09-01 18:00:00
OL-000201655,ORD-00067218,CUST-001805,PROD-0434,4,1488.36,2026-09-01 19:00:00,delivered,2026-09-01 19:00:00
OL-000201656,ORD-00067218,CUST-002066,PROD-0267,2,4098.53,2026-09-01 08:00:00,placed,2026-09-01 12:00:00
OL-000201657,ORD-00067219,CUST-002878,PROD-0823,6,2801.03,2026-09-01 09:00:00,delivered,2026-09-01 13:00:00
OL-000201658,ORD-00067219,CUST-000520,PROD-0040,3,4305.03,2026-09-01 10:00:00,shipped,2026-09-01 14:00:00
OL-000201659,ORD-00067219,CUST-000585,PROD-0695,5,4007.83,2026-09-01 11:00:00,delivered,2026-09-01 15:00:00
OL-000201660,ORD-00067220,CUST-002677,PROD-0893,9,2435.0,2026-09-01 12:00:00,delivered,2026-09-01 16:00:00
OL-000201661,ORD-00067220,CUST-000267,PROD-0486,1,4156.11,2026-09-01 13:00:00,delivered,2026-09-01 17:00:00
OL-000201662,ORD-00067220,CUST-001348,PROD-0380,9,3779.71,2026-09-01 14:00:00,shipped,2026-09-01 18:00:00
OL-000201663,ORD-00067221,CUST-000480,PROD-0224,1,4303.86,2026-09-01 15:00:00,placed,2026-09-01 19:00:00
OL-000201664,ORD-00067221,CUST-001835,PROD-0743,6,3878.09,2026-09-01 16:00:00,delivered,2026-09-01 12:00:00
OL-000201665,ORD-00067221,CUST-000093,PROD-0858,1,771.77,2026-09-01 17:00:00,delivered,2026-09-01 13:00:00
OL-000201666,ORD-00067222,CUST-003559,PROD-0330,2,2019.83,2026-09-01 18:00:00,delivered,2026-09-01 14:00:00
OL-000201667,ORD-00067222,CUST-001135,PROD-0393,2,1394.26,2026-09-01 19:00:00,shipped,2026-09-01 15:00:00
OL-000201668,ORD-00067222,CUST-000266,PROD-0750,9,3883.55,2026-09-01 08:00:00,delivered,2026-09-01 16:00:00
OL-000201669,ORD-00067223,CUST-000616,PROD-0652,7,2503.8,2026-09-01 09:00:00,cancelled,2026-09-01 17:00:00
OL-000201670,ORD-00067223,CUST-000253,PROD-0499,2,955.53,2026-09-01 10:00:00,delivered,2026-09-01 18:00:00
OL-000201671,ORD-00067223,CUST-002870,PROD-0369,4,2634.34,2026-09-01 11:00:00,delivered,2026-09-01 19:00:00
OL-000201672,ORD-00067224,CUST-002380,PROD-0764,1,2366.76,2026-09-01 12:00:00,shipped,2026-09-01 12:00:00
OL-000201673,ORD-00067224,CUST-000120,PROD-0753,2,2828.97,2026-09-01 13:00:00,delivered,2026-09-01 13:00:00
OL-000201674,ORD-00067224,CUST-002370,PROD-0632,9,1046.08,2026-09-01 14:00:00,delivered,2026-09-01 14:00:00
OL-000201675,ORD-00067225,CUST-000137,PROD-0576,8,3067.37,2026-09-01 15:00:00,delivered,2026-09-01 15:00:00
OL-000201676,ORD-00067225,CUST-001945,PROD-0164,9,4033.57,2026-09-01 16:00:00,delivered,2026-09-01 16:00:00
OL-000201677,ORD-00067225,CUST-001468,PROD-0286,8,2575.83,2026-09-01 17:00:00,placed,2026-09-01 17:00:00
OL-000201678,ORD-00067226,CUST-000670,PROD-0270,1,1908.07,2026-09-01 18:00:00,delivered,2026-09-01 18:00:00
OL-000201679,ORD-00067226,CUST-002391,PROD-0124,4,1283.49,2026-09-01 19:00:00,delivered,2026-09-01 19:00:00
OL-000201680,ORD-00067226,CUST-002863,PROD-0706,3,2916.19,2026-09-01 08:00:00,delivered,2026-09-01 12:00:00
OL-000201681,ORD-00067227,CUST-000970,PROD-0171,4,3672.88,2026-09-01 09:00:00,delivered,2026-09-01 13:00:00
OL-000201682,ORD-00067227,CUST-003831,PROD-0373,3,1306.56,2026-09-01 10:00:00,delivered,2026-09-01 14:00:00
OL-000201683,ORD-00067227,CUST-002957,PROD-0445,4,4028.46,2026-09-01 11:00:00,delivered,2026-09-01 15:00:00
OL-000201684,ORD-00067228,CUST-000185,PROD-0818,9,4021.48,2026-09-01 12:00:00,shipped,2026-09-01 16:00:00
OL-000201685,ORD-00067228,CUST-000376,PROD-0808,2,3978.91,2026-09-01 13:00:00,shipped,2026-09-01 17:00:00
OL-000201686,ORD-00067228,CUST-000299,PROD-0605,5,1138.53,2026-09-01 14:00:00,delivered,2026-09-01 18:00:00
OL-000201687,ORD-00067229,CUST-001154,PROD-0192,7,3564.82,2026-09-01 15:00:00,delivered,2026-09-01 19:00:00
OL-000201688,ORD-00067229,CUST-002296,PROD-0060,7,2930.29,2026-09-01 16:00:00,shipped,2026-09-01 12:00:00
OL-000201689,ORD-00067229,CUST-001401,PROD-0328,8,1510.34,2026-09-01 17:00:00,delivered,2026-09-01 13:00:00
OL-000201690,ORD-00067230,CUST-002087,PROD-0392,4,1508.05,2026-09-01 18:00:00,delivered,2026-09-01 14:00:00
OL-000201691,ORD-00067230,CUST-002714,PROD-0595,9,3446.71,2026-09-01 19:00:00,shipped,2026-09-01 15:00:00
OL-000201692,ORD-00067230,CUST-001519,PROD-0803,7,1513.95,2026-09-01 08:00:00,placed,2026-09-01 16:00:00
OL-000201693,ORD-00067231,CUST-002147,PROD-0812,6,2195.5,2026-09-01 09:00:00,delivered,2026-09-01 17:00:00
OL-000201694,ORD-00067231,CUST-001521,PROD-0893,9,3191.64,2026-09-01 10:00:00,delivered,2026-09-01 18:00:00
OL-000201695,ORD-00067231,CUST-002250,PROD-0493,6,1089.13,2026-09-01 11:00:00,delivered,2026-09-01 19:00:00
OL-000201696,ORD-00067232,CUST-003320,PROD-0238,3,2155.62,2026-09-01 12:00:00,shipped,2026-09-01 12:00:00
OL-000201697,ORD-00067232,CUST-002924,PROD-0882,6,2568.56,2026-09-01 13:00:00,delivered,2026-09-01 13:00:00
OL-000201698,ORD-00067232,CUST-000120,PROD-0180,3,1915.24,2026-09-01 14:00:00,shipped,2026-09-01 14:00:00
OL-000201699,ORD-00067233,CUST-002763,PROD-0859,3,1906.64,2026-09-01 15:00:00,delivered,2026-09-01 15:00:00
OL-000201700,ORD-00067233,CUST-002273,PROD-0608,7,1696.02,2026-09-01 16:00:00,placed,2026-09-01 16:00:00
OL-000201701,ORD-00067233,CUST-002628,PROD-0638,2,3662.72,2026-09-01 17:00:00,delivered,2026-09-01 17:00:00
OL-000201702,ORD-00067234,CUST-002725,PROD-0888,8,2071.39,2026-09-01 18:00:00,placed,2026-09-01 18:00:00
OL-000201703,ORD-00067234,CUST-003016,PROD-0198,7,1403.13,2026-09-01 19:00:00,delivered,2026-09-01 19:00:00
OL-000201704,ORD-00067234,CUST-003400,PROD-0495,8,4669.99,2026-09-01 08:00:00,delivered,2026-09-01 12:00:00
OL-000201705,ORD-00067235,CUST-000043,PROD-0240,9,204.48,2026-09-01 09:00:00,delivered,2026-09-01 13:00:00
OL-000201706,ORD-00067235,CUST-002829,PROD-0444,9,4744.08,2026-09-01 10:00:00,delivered,2026-09-01 14:00:00
OL-000201707,ORD-00067235,CUST-000730,PROD-0566,2,577.45,2026-09-01 11:00:00,placed,2026-09-01 15:00:00
OL-000201708,ORD-00067236,CUST-003043,PROD-0835,8,1258.3,2026-09-01 12:00:00,delivered,2026-09-01 16:00:00
OL-000201709,ORD-00067236,CUST-002742,PROD-0269,5,716.28,2026-09-01 13:00:00,delivered,2026-09-01 17:00:00
OL-000201710,ORD-00067236,CUST-003157,PROD-0018,5,4287.43,2026-09-01 14:00:00,delivered,2026-09-01 18:00:00
OL-000201711,ORD-00067237,CUST-001071,PROD-0371,5,1739.99,2026-09-01 15:00:00,delivered,2026-09-01 19:00:00
OL-000201712,ORD-00067237,CUST-001847,PROD-0113,5,3343.22,2026-09-01 16:00:00,delivered,2026-09-01 12:00:00
OL-000201713,ORD-00067237,CUST-003920,PROD-0692,3,2916.9,2026-09-01 17:00:00,delivered,2026-09-01 13:00:00
OL-000201714,ORD-00067238,CUST-000250,PROD-0761,5,746.53,2026-09-01 18:00:00,cancelled,2026-09-01 14:00:00
OL-000201715,ORD-00067238,CUST-000897,PROD-0067,4,1045.91,2026-09-01 19:00:00,cancelled,2026-09-01 15:00:00
OL-000201716,ORD-00067238,CUST-003240,PROD-0834,4,642.31,2026-09-01 08:00:00,delivered,2026-09-01 16:00:00
OL-000201717,ORD-00067239,CUST-000897,PROD-0207,1,4322.24,2026-09-01 09:00:00,delivered,2026-09-01 17:00:00
OL-000201718,ORD-00067239,CUST-001848,PROD-0430,4,2033.41,2026-09-01 10:00:00,shipped,2026-09-01 18:00:00
OL-000201719,ORD-00067239,CUST-001849,PROD-0223,8,3246.94,2026-09-01 11:00:00,delivered,2026-09-01 19:00:00
OL-000201720,ORD-00067240,CUST-002784,PROD-0737,9,678.25,2026-09-01 12:00:00,shipped,2026-09-01 12:00:00
OL-000201721,ORD-00067240,CUST-002822,PROD-0137,8,4665.65,2026-09-01 13:00:00,delivered,2026-09-01 13:00:00
OL-000201722,ORD-00067240,CUST-001469,PROD-0010,5,3167.23,2026-09-01 14:00:00,placed,2026-09-01 14:00:00
OL-000201723,ORD-00067241,CUST-001239,PROD-0514,5,2441.58,2026-09-01 15:00:00,delivered,2026-09-01 15:00:00
OL-000201724,ORD-00067241,CUST-002958,PROD-0499,3,1261.4,2026-09-01 16:00:00,delivered,2026-09-01 16:00:00
OL-000201725,ORD-00067241,CUST-002840,PROD-0502,7,4273.02,2026-09-01 17:00:00,shipped,2026-09-01 17:00:00
OL-000201726,ORD-00067242,CUST-000783,PROD-0158,4,3013.72,2026-09-01 18:00:00,cancelled,2026-09-01 18:00:00
OL-000201727,ORD-00067242,CUST-003642,PROD-0808,7,3093.85,2026-09-01 19:00:00,shipped,2026-09-01 19:00:00
OL-000201728,ORD-00067242,CUST-001133,PROD-0095,6,3760.89,2026-09-01 08:00:00,shipped,2026-09-01 12:00:00
OL-000201729,ORD-00067243,CUST-000365,PROD-0548,7,4575.47,2026-09-01 09:00:00,placed,2026-09-01 13:00:00
OL-000201730,ORD-00067243,CUST-001358,PROD-0034,2,4451.5,2026-09-01 10:00:00,shipped,2026-09-01 14:00:00
OL-000201731,ORD-00067243,CUST-003315,PROD-0142,6,2679.8,2026-09-01 11:00:00,delivered,2026-09-01 15:00:00
OL-000201732,ORD-00067244,CUST-001153,PROD-0823,4,3563.69,2026-09-01 12:00:00,delivered,2026-09-01 16:00:00
OL-000201733,ORD-00067244,CUST-001310,PROD-0785,1,2742.28,2026-09-01 13:00:00,delivered,2026-09-01 17:00:00
OL-000201734,ORD-00067244,CUST-003541,PROD-0180,5,1610.91,2026-09-01 14:00:00,placed,2026-09-01 18:00:00
OL-000201735,ORD-00067245,CUST-003551,PROD-0545,9,1941.37,2026-09-01 15:00:00,shipped,2026-09-01 19:00:00
OL-000201736,ORD-00067245,CUST-003592,PROD-0784,9,3805.48,2026-09-01 16:00:00,delivered,2026-09-01 12:00:00
OL-000201737,ORD-00067245,CUST-003493,PROD-0652,6,3677.49,2026-09-01 17:00:00,delivered,2026-09-01 13:00:00
OL-000201738,ORD-00067246,CUST-000739,PROD-0722,4,2961.51,2026-09-01 18:00:00,shipped,2026-09-01 14:00:00
OL-000201739,ORD-00067246,CUST-000036,PROD-0007,3,2659.51,2026-09-01 19:00:00,delivered,2026-09-01 15:00:00
OL-000201740,ORD-00067246,CUST-003694,PROD-0658,4,3798.55,2026-09-01 08:00:00,shipped,2026-09-01 16:00:00
OL-000201741,ORD-00067247,CUST-001826,PROD-0437,2,3974.26,2026-09-01 09:00:00,delivered,2026-09-01 17:00:00
OL-000201742,ORD-00067247,CUST-003015,PROD-0565,1,4341.45,2026-09-01 10:00:00,placed,2026-09-01 18:00:00
OL-000201743,ORD-00067247,CUST-001683,PROD-0200,1,2386.55,2026-09-01 11:00:00,delivered,2026-09-01 19:00:00
OL-000201744,ORD-00067248,CUST-000849,PROD-0289,5,943.79,2026-09-01 12:00:00,delivered,2026-09-01 12:00:00
OL-000201745,ORD-00067248,CUST-001837,PROD-0077,8,3854.05,2026-09-01 13:00:00,placed,2026-09-01 13:00:00
OL-000201746,ORD-00067248,CUST-002905,PROD-0332,8,1129.38,2026-09-01 14:00:00,delivered,2026-09-01 14:00:00
OL-000201747,ORD-00067249,CUST-000380,PROD-0029,3,897.02,2026-09-01 15:00:00,delivered,2026-09-01 15:00:00
OL-000201748,ORD-00067249,CUST-001588,PROD-0137,4,3991.01,2026-09-01 16:00:00,placed,2026-09-01 16:00:00
OL-000201749,ORD-00067249,CUST-002091,PROD-0320,3,2858.77,2026-09-01 17:00:00,delivered,2026-09-01 17:00:00
OL-000201750,ORD-00067250,CUST-000111,PROD-0043,1,4255.49,2026-09-01 18:00:00,shipped,2026-09-01 18:00:00
OL-000201751,ORD-00067250,CUST-001283,PROD-0002,5,1722.23,2026-09-01 19:00:00,delivered,2026-09-01 19:00:00
OL-000201752,ORD-00067250,CUST-000757,PROD-0144,6,846.16,2026-09-01 08:00:00,delivered,2026-09-01 12:00:00
OL-000201753,ORD-00067251,CUST-003611,PROD-0662,5,576.87,2026-09-01 09:00:00,shipped,2026-09-01 13:00:00
OL-000201754,ORD-00067251,CUST-000437,PROD-0457,3,3688.04,2026-09-01 10:00:00,delivered,2026-09-01 14:00:00
OL-000201755,ORD-00067251,CUST-003406,PROD-0562,6,2225.13,2026-09-01 11:00:00,delivered,2026-09-01 15:00:00
OL-000201756,ORD-00067252,CUST-003425,PROD-0698,5,3852.99,2026-09-01 12:00:00,cancelled,2026-09-01 16:00:00
OL-000201757,ORD-00067252,CUST-002897,PROD-0154,2,1806.6,2026-09-01 13:00:00,delivered,2026-09-01 17:00:00
OL-000201758,ORD-00067252,CUST-003356,PROD-0056,3,3369.98,2026-09-01 14:00:00,placed,2026-09-01 18:00:00
OL-000201759,ORD-00067253,CUST-002585,PROD-0790,8,4593.99,2026-09-01 15:00:00,delivered,2026-09-01 19:00:00
OL-000201760,ORD-00067253,CUST-003786,PROD-0627,9,2031.1,2026-09-01 16:00:00,delivered,2026-09-01 12:00:00
OL-000201761,ORD-00067253,CUST-001105,PROD-0770,4,3847.24,2026-09-01 17:00:00,delivered,2026-09-01 13:00:00
OL-000201762,ORD-00067254,CUST-002070,PROD-0098,7,722.62,2026-09-01 18:00:00,delivered,2026-09-01 14:00:00
OL-000201763,ORD-00067254,CUST-000633,PROD-0573,1,121.4,2026-09-01 19:00:00,shipped,2026-09-01 15:00:00
OL-000201764,ORD-00067254,CUST-003223,PROD-0513,4,930.3,2026-09-01 08:00:00,delivered,2026-09-01 16:00:00
OL-000201765,ORD-00067255,CUST-000638,PROD-0615,3,1584.36,2026-09-01 09:00:00,delivered,2026-09-01 17:00:00
OL-000201766,ORD-00067255,CUST-000782,PROD-0160,1,3821.6,2026-09-01 10:00:00,delivered,2026-09-01 18:00:00
OL-000201767,ORD-00067255,CUST-003703,PROD-0074,8,4546.79,2026-09-01 11:00:00,shipped,2026-09-01 19:00:00
OL-000201768,ORD-00067256,CUST-000210,PROD-0074,8,3566.83,2026-09-01 12:00:00,delivered,2026-09-01 12:00:00
OL-000201769,ORD-00067256,CUST-001850,PROD-0883,6,1305.59,2026-09-01 13:00:00,delivered,2026-09-01 13:00:00
OL-000201770,ORD-00067256,CUST-000407,PROD-0806,1,4217.4,2026-09-01 14:00:00,placed,2026-09-01 14:00:00
OL-000201771,ORD-00067257,CUST-003241,PROD-0632,4,4458.68,2026-09-01 15:00:00,delivered,2026-09-01 15:00:00
OL-000201772,ORD-00067257,CUST-001032,PROD-0360,3,3429.63,2026-09-01 16:00:00,shipped,2026-09-01 16:00:00
OL-000201773,ORD-00067257,CUST-003829,PROD-0309,3,4670.16,2026-09-01 17:00:00,shipped,2026-09-01 17:00:00
OL-000201774,ORD-00067258,CUST-000302,PROD-0521,5,2885.7,2026-09-01 18:00:00,delivered,2026-09-01 18:00:00
OL-000201775,ORD-00067258,CUST-002652,PROD-0291,9,2063.43,2026-09-01 19:00:00,delivered,2026-09-01 19:00:00
OL-000201776,ORD-00067258,CUST-000793,PROD-0177,8,3442.54,2026-09-01 08:00:00,delivered,2026-09-01 12:00:00
OL-000201777,ORD-00067259,CUST-001591,PROD-0283,3,1949.78,2026-09-01 09:00:00,placed,2026-09-01 13:00:00
OL-000201778,ORD-00067259,CUST-000063,PROD-0484,5,1032.89,2026-09-01 10:00:00,shipped,2026-09-01 14:00:00
OL-000201779,ORD-00067259,CUST-000946,PROD-0378,3,3926.07,2026-09-01 11:00:00,shipped,2026-09-01 15:00:00
OL-000201780,ORD-00067260,CUST-002547,PROD-0866,1,4094.36,2026-09-01 12:00:00,shipped,2026-09-01 16:00:00
OL-000201781,ORD-00067260,CUST-003936,PROD-0080,7,4235.92,2026-09-01 13:00:00,delivered,2026-09-01 17:00:00
OL-000201782,ORD-00067260,CUST-001852,PROD-0359,2,2072.13,2026-09-01 14:00:00,placed,2026-09-01 18:00:00
OL-000201783,ORD-00067261,CUST-003234,PROD-0276,4,1021.1,2026-09-01 15:00:00,delivered,2026-09-01 19:00:00
OL-000201784,ORD-00067261,CUST-001061,PROD-0574,4,585.57,2026-09-01 16:00:00,delivered,2026-09-01 12:00:00
OL-000201785,ORD-00067261,CUST-003067,PROD-0479,9,1196.69,2026-09-01 17:00:00,delivered,2026-09-01 13:00:00
OL-000201786,ORD-00067262,CUST-002042,PROD-0601,6,486.15,2026-09-01 18:00:00,shipped,2026-09-01 14:00:00
OL-000201787,ORD-00067262,CUST-003024,PROD-0644,8,1971.2,2026-09-01 19:00:00,delivered,2026-09-01 15:00:00
OL-000201788,ORD-00067262,CUST-000703,PROD-0339,6,3596.89,2026-09-01 08:00:00,delivered,2026-09-01 16:00:00
OL-000201789,ORD-00067263,CUST-003095,PROD-0684,9,4221.34,2026-09-01 09:00:00,shipped,2026-09-01 17:00:00
OL-000201790,ORD-00067263,CUST-001511,PROD-0581,6,245.1,2026-09-01 10:00:00,delivered,2026-09-01 18:00:00
OL-000201791,ORD-00067263,CUST-000754,PROD-0893,4,4314.31,2026-09-01 11:00:00,placed,2026-09-01 19:00:00
OL-000201792,ORD-00067264,CUST-002762,PROD-0551,2,3861.61,2026-09-01 12:00:00,delivered,2026-09-01 12:00:00
OL-000201793,ORD-00067264,CUST-001842,PROD-0600,9,4606.85,2026-09-01 13:00:00,shipped,2026-09-01 13:00:00
OL-000201794,ORD-00067264,CUST-003980,PROD-0188,6,1085.0,2026-09-01 14:00:00,delivered,2026-09-01 14:00:00
OL-000201795,ORD-00067265,CUST-000173,PROD-0468,8,2367.6,2026-09-01 15:00:00,delivered,2026-09-01 15:00:00
OL-000201796,ORD-00067265,CUST-003173,PROD-0295,5,3396.85,2026-09-01 16:00:00,delivered,2026-09-01 16:00:00
OL-000201797,ORD-00067265,CUST-003211,PROD-0057,1,1520.58,2026-09-01 17:00:00,delivered,2026-09-01 17:00:00
OL-000201798,ORD-00067266,CUST-000539,PROD-0371,1,2727.97,2026-09-01 18:00:00,shipped,2026-09-01 18:00:00
OL-000201799,ORD-00067266,CUST-001605,PROD-0022,7,656.01,2026-09-01 19:00:00,shipped,2026-09-01 19:00:00
OL-000201800,ORD-00067266,CUST-001977,PROD-0836,2,3395.69,2026-09-01 08:00:00,delivered,2026-09-01 12:00:00
OL-000201801,ORD-00067267,CUST-001812,PROD-0733,6,3217.14,2026-09-01 09:00:00,placed,2026-09-01 13:00:00
OL-000201802,ORD-00067267,CUST-000812,PROD-0487,4,285.91,2026-09-01 10:00:00,delivered,2026-09-01 14:00:00
OL-000201803,ORD-00067267,CUST-003434,PROD-0857,7,1686.86,2026-09-01 11:00:00,delivered,2026-09-01 15:00:00
OL-000201804,ORD-00067268,CUST-000616,PROD-0002,7,3036.97,2026-09-01 12:00:00,delivered,2026-09-01 16:00:00
OL-000201805,ORD-00067268,CUST-002242,PROD-0180,3,4477.33,2026-09-01 13:00:00,delivered,2026-09-01 17:00:00
OL-000201806,ORD-00067268,CUST-000441,PROD-0101,6,2237.09,2026-09-01 14:00:00,delivered,2026-09-01 18:00:00
OL-000201807,ORD-00067269,CUST-000613,PROD-0663,1,136.23,2026-09-01 15:00:00,delivered,2026-09-01 19:00:00
OL-000201808,ORD-00067269,CUST-000624,PROD-0748,6,375.92,2026-09-01 16:00:00,delivered,2026-09-01 12:00:00
OL-000201809,ORD-00067269,CUST-003699,PROD-0148,5,3816.12,2026-09-01 17:00:00,shipped,2026-09-01 13:00:00
OL-000201810,ORD-00067270,CUST-001510,PROD-0274,5,3155.85,2026-09-01 18:00:00,delivered,2026-09-01 14:00:00
OL-000201811,ORD-00067270,CUST-001757,PROD-0880,1,2979.1,2026-09-01 19:00:00,placed,2026-09-01 15:00:00
OL-000201812,ORD-00067270,CUST-000734,PROD-0367,8,3247.8,2026-09-01 08:00:00,shipped,2026-09-01 16:00:00
OL-000201813,ORD-00067271,CUST-001449,PROD-0468,2,972.11,2026-09-01 09:00:00,cancelled,2026-09-01 17:00:00
OL-000201814,ORD-00067271,CUST-001926,PROD-0899,5,2560.57,2026-09-01 10:00:00,shipped,2026-09-01 18:00:00
OL-000201815,ORD-00067271,CUST-000169,PROD-0882,4,2427.13,2026-09-01 11:00:00,cancelled,2026-09-01 19:00:00
OL-000201816,ORD-00067272,CUST-000839,PROD-0422,8,3144.06,2026-09-01 12:00:00,delivered,2026-09-01 12:00:00
OL-000201817,ORD-00067272,CUST-001574,PROD-0374,1,1713.99,2026-09-01 13:00:00,delivered,2026-09-01 13:00:00
OL-000201818,ORD-00067272,CUST-003273,PROD-0558,5,4437.81,2026-09-01 14:00:00,placed,2026-09-01 14:00:00
OL-000201819,ORD-00067273,CUST-002609,PROD-0489,7,3219.33,2026-09-01 15:00:00,delivered,2026-09-01 15:00:00
OL-000201820,ORD-00067273,CUST-003552,PROD-0795,3,1629.58,2026-09-01 16:00:00,delivered,2026-09-01 16:00:00
OL-000201821,ORD-00067273,CUST-000214,PROD-0608,7,1944.23,2026-09-01 17:00:00,shipped,2026-09-01 17:00:00
OL-000201822,ORD-00067274,CUST-000314,PROD-0778,6,1242.49,2026-09-01 18:00:00,delivered,2026-09-01 18:00:00
OL-000201823,ORD-00067274,CUST-002501,PROD-0616,1,521.82,2026-09-01 19:00:00,shipped,2026-09-01 19:00:00
OL-000201824,ORD-00067274,CUST-001773,PROD-0601,9,1181.88,2026-09-01 08:00:00,delivered,2026-09-01 12:00:00
OL-000201825,ORD-00067275,CUST-001778,PROD-0212,6,2299.71,2026-09-01 09:00:00,cancelled,2026-09-01 13:00:00
OL-000201826,ORD-00067275,CUST-001749,PROD-0404,4,255.8,2026-09-01 10:00:00,delivered,2026-09-01 14:00:00
OL-000201827,ORD-00067275,CUST-000944,PROD-0326,8,3459.4,2026-09-01 11:00:00,delivered,2026-09-01 15:00:00
OL-000201828,ORD-00067276,CUST-000591,PROD-0197,2,4505.15,2026-09-01 12:00:00,delivered,2026-09-01 16:00:00
OL-000201829,ORD-00067276,CUST-001511,PROD-0804,2,3918.04,2026-09-01 13:00:00,delivered,2026-09-01 17:00:00
OL-000201830,ORD-00067276,CUST-000478,PROD-0402,1,4033.44,2026-09-01 14:00:00,cancelled,2026-09-01 18:00:00
OL-000201831,ORD-00067277,CUST-001866,PROD-0608,4,4264.1,2026-09-01 15:00:00,delivered,2026-09-01 19:00:00
OL-000201832,ORD-00067277,CUST-003246,PROD-0313,6,3448.48,2026-09-01 16:00:00,delivered,2026-09-01 12:00:00
OL-000201833,ORD-00067277,CUST-001544,PROD-0802,9,267.72,2026-09-01 17:00:00,delivered,2026-09-01 13:00:00
OL-000201834,ORD-00067278,CUST-000223,PROD-0093,4,3525.67,2026-09-01 18:00:00,delivered,2026-09-01 14:00:00
OL-000201835,ORD-00067278,CUST-001521,PROD-0383,6,2408.09,2026-09-01 19:00:00,placed,2026-09-01 15:00:00
OL-000201836,ORD-00067278,CUST-000309,PROD-0059,3,996.11,2026-09-01 08:00:00,delivered,2026-09-01 16:00:00
OL-000201837,ORD-00067279,CUST-003349,PROD-0214,7,1178.58,2026-09-01 09:00:00,delivered,2026-09-01 17:00:00
OL-000201838,ORD-00067279,CUST-000100,PROD-0206,5,4557.46,2026-09-01 10:00:00,shipped,2026-09-01 18:00:00
OL-000201839,ORD-00067279,CUST-001154,PROD-0308,4,2430.93,2026-09-01 11:00:00,delivered,2026-09-01 19:00:00
OL-000201840,ORD-00067280,CUST-003185,PROD-0774,3,724.24,2026-09-01 12:00:00,delivered,2026-09-01 12:00:00
OL-000201841,ORD-00067280,CUST-000596,PROD-0775,5,4174.72,2026-09-01 13:00:00,delivered,2026-09-01 13:00:00
OL-000201842,ORD-00067280,CUST-003605,PROD-0111,9,2882.38,2026-09-01 14:00:00,shipped,2026-09-01 14:00:00
OL-000201843,ORD-00067281,CUST-001176,PROD-0242,6,4611.27,2026-09-01 15:00:00,delivered,2026-09-01 15:00:00
OL-000201844,ORD-00067281,CUST-003823,PROD-0176,3,4255.88,2026-09-01 16:00:00,delivered,2026-09-01 16:00:00
OL-000201845,ORD-00067281,CUST-003573,PROD-0337,1,2101.78,2026-09-01 17:00:00,delivered,2026-09-01 17:00:00
OL-000201846,ORD-00067282,CUST-003740,PROD-0006,5,149.42,2026-09-01 18:00:00,delivered,2026-09-01 18:00:00
OL-000201847,ORD-00067282,CUST-002414,PROD-0601,3,2209.63,2026-09-01 19:00:00,delivered,2026-09-01 19:00:00
OL-000201848,ORD-00067282,CUST-002443,PROD-0206,1,1915.2,2026-09-01 08:00:00,delivered,2026-09-01 12:00:00
OL-000201849,ORD-00067283,CUST-003724,PROD-0869,1,832.7,2026-09-01 09:00:00,delivered,2026-09-01 13:00:00
OL-000201850,ORD-00067283,CUST-000974,PROD-0703,8,1395.13,2026-09-01 10:00:00,cancelled,2026-09-01 14:00:00
OL-000201851,ORD-00067283,CUST-001776,PROD-0745,7,1166.8,2026-09-01 11:00:00,placed,2026-09-01 15:00:00
OL-000201852,ORD-00067284,CUST-000251,PROD-0021,8,4060.95,2026-09-01 12:00:00,delivered,2026-09-01 16:00:00
OL-000201853,ORD-00067284,CUST-003877,PROD-0551,5,212.01,2026-09-01 13:00:00,delivered,2026-09-01 17:00:00
OL-000201854,ORD-00067284,CUST-003806,PROD-0578,6,4359.42,2026-09-01 14:00:00,delivered,2026-09-01 18:00:00
OL-000201855,ORD-00067285,CUST-001608,PROD-0718,6,2553.4,2026-09-01 15:00:00,delivered,2026-09-01 19:00:00
OL-000201856,ORD-00067285,CUST-003436,PROD-0386,7,2819.17,2026-09-01 16:00:00,delivered,2026-09-01 12:00:00
OL-000201857,ORD-00067285,CUST-000648,PROD-0607,9,962.51,2026-09-01 17:00:00,delivered,2026-09-01 13:00:00
OL-000201858,ORD-00067286,CUST-003402,PROD-0612,1,4654.18,2026-09-01 18:00:00,placed,2026-09-01 14:00:00
OL-000201859,ORD-00067286,CUST-001384,PROD-0767,6,1781.08,2026-09-01 19:00:00,delivered,2026-09-01 15:00:00
OL-000201860,ORD-00067286,CUST-002146,PROD-0320,3,4179.51,2026-09-01 08:00:00,delivered,2026-09-01 16:00:00
OL-000201861,ORD-00067287,CUST-001511,PROD-0001,4,2871.58,2026-09-01 09:00:00,delivered,2026-09-01 17:00:00
OL-000201862,ORD-00067287,CUST-000459,PROD-0352,6,1594.39,2026-09-01 10:00:00,delivered,2026-09-01 18:00:00
OL-000201863,ORD-00067287,CUST-003233,PROD-0239,2,1346.32,2026-09-01 11:00:00,shipped,2026-09-01 19:00:00
OL-000201864,ORD-00067288,CUST-001182,PROD-0426,9,860.4,2026-09-01 12:00:00,delivered,2026-09-01 12:00:00
OL-000201865,ORD-00067288,CUST-000082,PROD-0763,2,1977.96,2026-09-01 13:00:00,delivered,2026-09-01 13:00:00
OL-000201866,ORD-00067288,CUST-003933,PROD-0653,1,3487.29,2026-09-01 14:00:00,shipped,2026-09-01 14:00:00
OL-000201867,ORD-00067289,CUST-001357,PROD-0162,5,772.55,2026-09-01 15:00:00,delivered,2026-09-01 15:00:00
OL-000201868,ORD-00067289,CUST-000981,PROD-0630,8,1229.63,2026-09-01 16:00:00,shipped,2026-09-01 16:00:00
OL-000201869,ORD-00067289,CUST-003456,PROD-0137,6,3563.77,2026-09-01 17:00:00,delivered,2026-09-01 17:00:00
OL-000201870,ORD-00067290,CUST-002750,PROD-0454,3,4383.65,2026-09-01 18:00:00,delivered,2026-09-01 18:00:00
OL-000201871,ORD-00067290,CUST-002461,PROD-0472,8,807.64,2026-09-01 19:00:00,shipped,2026-09-01 19:00:00
OL-000201872,ORD-00067290,CUST-001170,PROD-0862,7,1508.03,2026-09-01 08:00:00,delivered,2026-09-01 12:00:00
OL-000201873,ORD-00067291,CUST-001903,PROD-0240,4,3448.59,2026-09-01 09:00:00,delivered,2026-09-01 13:00:00
OL-000201874,ORD-00067291,CUST-001923,PROD-0196,2,1008.27,2026-09-01 10:00:00,delivered,2026-09-01 14:00:00
OL-000201875,ORD-00067291,CUST-002006,PROD-0463,2,176.47,2026-09-01 11:00:00,placed,2026-09-01 15:00:00
OL-000201876,ORD-00067292,CUST-001720,PROD-0294,9,175.46,2026-09-01 12:00:00,cancelled,2026-09-01 16:00:00
OL-000201877,ORD-00067292,CUST-003269,PROD-0731,6,1564.68,2026-09-01 13:00:00,delivered,2026-09-01 17:00:00
OL-000201878,ORD-00067292,CUST-001333,PROD-0700,6,2863.68,2026-09-01 14:00:00,placed,2026-09-01 18:00:00
OL-000201879,ORD-00067293,CUST-001812,PROD-0862,9,3980.79,2026-09-01 15:00:00,shipped,2026-09-01 19:00:00
OL-000201880,ORD-00067293,CUST-003518,PROD-0513,9,2270.38,2026-09-01 16:00:00,delivered,2026-09-01 12:00:00
OL-000201881,ORD-00067293,CUST-001763,PROD-0713,7,2055.02,2026-09-01 17:00:00,delivered,2026-09-01 13:00:00
OL-000201882,ORD-00067294,CUST-003941,PROD-0436,6,257.42,2026-09-01 18:00:00,delivered,2026-09-01 14:00:00
OL-000201883,ORD-00067294,CUST-000933,PROD-0615,6,3481.3,2026-09-01 19:00:00,placed,2026-09-01 15:00:00
OL-000201884,ORD-00067294,CUST-003720,PROD-0793,1,1884.99,2026-09-01 08:00:00,delivered,2026-09-01 16:00:00
OL-000201885,ORD-00067295,CUST-002338,PROD-0067,8,1918.84,2026-09-01 09:00:00,placed,2026-09-01 17:00:00
OL-000201886,ORD-00067295,CUST-003268,PROD-0578,7,1119.03,2026-09-01 10:00:00,delivered,2026-09-01 18:00:00
OL-000201887,ORD-00067295,CUST-001394,PROD-0539,1,3858.69,2026-09-01 11:00:00,delivered,2026-09-01 19:00:00
OL-000201888,ORD-00067296,CUST-002622,PROD-0598,3,1260.81,2026-09-01 12:00:00,placed,2026-09-01 12:00:00
OL-000201889,ORD-00067296,CUST-000116,PROD-0898,6,3752.62,2026-09-01 13:00:00,delivered,2026-09-01 13:00:00
OL-000201890,ORD-00067296,CUST-003435,PROD-0531,9,3354.82,2026-09-01 14:00:00,placed,2026-09-01 14:00:00
OL-000201891,ORD-00067297,CUST-001095,PROD-0125,3,1624.04,2026-09-01 15:00:00,delivered,2026-09-01 15:00:00
OL-000201892,ORD-00067297,CUST-000392,PROD-0519,8,2856.42,2026-09-01 16:00:00,delivered,2026-09-01 16:00:00
OL-000201893,ORD-00067297,CUST-003646,PROD-0869,9,1204.26,2026-09-01 17:00:00,placed,2026-09-01 17:00:00
OL-000201894,ORD-00067298,CUST-000682,PROD-0585,4,1691.51,2026-09-01 18:00:00,shipped,2026-09-01 18:00:00
OL-000201895,ORD-00067298,CUST-001427,PROD-0374,2,2464.46,2026-09-01 19:00:00,delivered,2026-09-01 19:00:00
OL-000201896,ORD-00067298,CUST-002788,PROD-0377,1,1119.85,2026-09-01 08:00:00,delivered,2026-09-01 12:00:00
OL-000201897,ORD-00067299,CUST-002177,PROD-0820,2,4296.89,2026-09-01 09:00:00,delivered,2026-09-01 13:00:00
OL-000201898,ORD-00067299,CUST-000755,PROD-0526,8,1582.16,2026-09-01 10:00:00,delivered,2026-09-01 14:00:00
OL-000201899,ORD-00067299,CUST-001770,PROD-0734,5,817.61,2026-09-01 11:00:00,delivered,2026-09-01 15:00:00
OL-000201900,ORD-00067300,CUST-001959,PROD-0663,2,3100.17,2026-09-01 12:00:00,cancelled,2026-09-01 16:00:00
OL-000201901,ORD-00067300,CUST-003646,PROD-0160,9,1358.1,2026-09-01 13:00:00,shipped,2026-09-01 17:00:00
OL-000201902,ORD-00067300,CUST-000519,PROD-0170,7,266.15,2026-09-01 14:00:00,delivered,2026-09-01 18:00:00
OL-000201903,ORD-00067301,CUST-001699,PROD-0269,5,3147.7,2026-09-01 15:00:00,cancelled,2026-09-01 19:00:00
OL-000201904,ORD-00067301,CUST-000606,PROD-0134,5,3652.39,2026-09-01 16:00:00,placed,2026-09-01 12:00:00
OL-000201905,ORD-00067301,CUST-003169,PROD-0882,6,245.59,2026-09-01 17:00:00,shipped,2026-09-01 13:00:00
OL-000201906,ORD-00067302,CUST-001198,PROD-0414,5,3353.6,2026-09-01 18:00:00,delivered,2026-09-01 14:00:00
OL-000201907,ORD-00067302,CUST-001377,PROD-0405,8,768.24,2026-09-01 19:00:00,shipped,2026-09-01 15:00:00
OL-000201908,ORD-00067302,CUST-003821,PROD-0046,7,3420.06,2026-09-01 08:00:00,placed,2026-09-01 16:00:00
OL-000201909,ORD-00067303,CUST-001635,PROD-0326,2,1385.73,2026-09-01 09:00:00,delivered,2026-09-01 17:00:00
OL-000201910,ORD-00067303,CUST-000928,PROD-0306,8,2192.5,2026-09-01 10:00:00,delivered,2026-09-01 18:00:00
OL-000201911,ORD-00067303,CUST-003989,PROD-0352,2,4017.81,2026-09-01 11:00:00,shipped,2026-09-01 19:00:00
OL-000201912,ORD-00067304,CUST-003043,PROD-0247,2,314.52,2026-09-01 12:00:00,shipped,2026-09-01 12:00:00
OL-000201913,ORD-00067304,CUST-000931,PROD-0598,1,2866.39,2026-09-01 13:00:00,delivered,2026-09-01 13:00:00
OL-000201914,ORD-00067304,CUST-002101,PROD-0348,6,3957.06,2026-09-01 14:00:00,delivered,2026-09-01 14:00:00
OL-000201915,ORD-00067305,CUST-000113,PROD-0424,1,149.31,2026-09-01 15:00:00,delivered,2026-09-01 15:00:00
OL-000201916,ORD-00067305,CUST-001400,PROD-0790,2,4730.81,2026-09-01 16:00:00,placed,2026-09-01 16:00:00
OL-000201917,ORD-00067305,CUST-001049,PROD-0665,4,4033.42,2026-09-01 17:00:00,delivered,2026-09-01 17:00:00
OL-000201918,ORD-00067306,CUST-002551,PROD-0103,5,1027.74,2026-09-01 18:00:00,delivered,2026-09-01 18:00:00
OL-000201919,ORD-00067306,CUST-003715,PROD-0792,7,428.25,2026-09-01 19:00:00,shipped,2026-09-01 19:00:00
OL-000201920,ORD-00067306,CUST-003279,PROD-0003,4,3664.08,2026-09-01 08:00:00,shipped,2026-09-01 12:00:00
OL-000201921,ORD-00067307,CUST-000172,PROD-0719,4,4569.26,2026-09-01 09:00:00,delivered,2026-09-01 13:00:00
OL-000201922,ORD-00067307,CUST-002415,PROD-0622,2,1145.47,2026-09-01 10:00:00,delivered,2026-09-01 14:00:00
OL-000201923,ORD-00067307,CUST-002069,PROD-0711,5,2666.76,2026-09-01 11:00:00,shipped,2026-09-01 15:00:00
OL-000201924,ORD-00067308,CUST-000511,PROD-0801,5,1773.29,2026-09-01 12:00:00,delivered,2026-09-01 16:00:00
OL-000201925,ORD-00067308,CUST-002517,PROD-0060,7,3296.52,2026-09-01 13:00:00,delivered,2026-09-01 17:00:00
OL-000201926,ORD-00067308,CUST-003650,PROD-0851,4,1891.29,2026-09-01 14:00:00,shipped,2026-09-01 18:00:00
OL-000201927,ORD-00067309,CUST-000943,PROD-0154,4,2268.05,2026-09-01 15:00:00,delivered,2026-09-01 19:00:00
OL-000201928,ORD-00067309,CUST-001308,PROD-0275,6,1136.32,2026-09-01 16:00:00,delivered,2026-09-01 12:00:00
OL-000201929,ORD-00067309,CUST-000647,PROD-0204,6,2409.94,2026-09-01 17:00:00,delivered,2026-09-01 13:00:00
OL-000201930,ORD-00067310,CUST-000731,PROD-0663,8,3553.87,2026-09-01 18:00:00,cancelled,2026-09-01 14:00:00
OL-000201931,ORD-00067310,CUST-001698,PROD-0385,9,1452.55,2026-09-01 19:00:00,delivered,2026-09-01 15:00:00
OL-000201932,ORD-00067310,CUST-001830,PROD-0120,4,1614.63,2026-09-01 08:00:00,placed,2026-09-01 16:00:00
OL-000201933,ORD-00067311,CUST-002026,PROD-0894,9,2627.52,2026-09-01 09:00:00,delivered,2026-09-01 17:00:00
OL-000201934,ORD-00067311,CUST-002321,PROD-0417,1,3531.02,2026-09-01 10:00:00,placed,2026-09-01 18:00:00
OL-000201935,ORD-00067311,CUST-001419,PROD-0444,2,2266.79,2026-09-01 11:00:00,shipped,2026-09-01 19:00:00
OL-000201936,ORD-00067312,CUST-001317,PROD-0662,1,4088.06,2026-09-01 12:00:00,placed,2026-09-01 12:00:00
OL-000201937,ORD-00067312,CUST-001449,PROD-0206,9,2161.46,2026-09-01 13:00:00,shipped,2026-09-01 13:00:00
OL-000201938,ORD-00067312,CUST-003534,PROD-0358,5,1054.43,2026-09-01 14:00:00,delivered,2026-09-01 14:00:00
OL-000201939,ORD-00067313,CUST-003264,PROD-0250,7,2626.53,2026-09-01 15:00:00,delivered,2026-09-01 15:00:00
OL-000201940,ORD-00067313,CUST-002288,PROD-0545,4,4074.04,2026-09-01 16:00:00,delivered,2026-09-01 16:00:00
OL-000201941,ORD-00067313,CUST-000327,PROD-0400,7,1970.82,2026-09-01 17:00:00,delivered,2026-09-01 17:00:00
OL-000201942,ORD-00067314,CUST-003518,PROD-0162,2,1130.37,2026-09-01 18:00:00,delivered,2026-09-01 18:00:00
OL-000201943,ORD-00067314,CUST-000797,PROD-0818,3,2388.07,2026-09-01 19:00:00,delivered,2026-09-01 19:00:00
OL-000201944,ORD-00067314,CUST-000613,PROD-0175,5,4393.15,2026-09-01 08:00:00,delivered,2026-09-01 12:00:00
OL-000201945,ORD-00067315,CUST-000072,PROD-0306,4,180.79,2026-09-01 09:00:00,placed,2026-09-01 13:00:00
OL-000201946,ORD-00067315,CUST-003012,PROD-0387,4,3271.77,2026-09-01 10:00:00,shipped,2026-09-01 14:00:00
OL-000201947,ORD-00067315,CUST-003086,PROD-0294,2,3057.13,2026-09-01 11:00:00,shipped,2026-09-01 15:00:00
OL-000201948,ORD-00067316,CUST-001601,PROD-0635,6,2542.87,2026-09-01 12:00:00,delivered,2026-09-01 16:00:00
OL-000201949,ORD-00067316,CUST-000044,PROD-0137,6,1988.64,2026-09-01 13:00:00,shipped,2026-09-01 17:00:00
OL-000201950,ORD-00067316,CUST-001024,PROD-0558,9,2089.79,2026-09-01 14:00:00,shipped,2026-09-01 18:00:00
OL-000201951,ORD-00067317,CUST-003016,PROD-0106,7,1239.12,2026-09-01 15:00:00,cancelled,2026-09-01 19:00:00
OL-000201952,ORD-00067317,CUST-002414,PROD-0625,5,2612.33,2026-09-01 16:00:00,delivered,2026-09-01 12:00:00
OL-000201953,ORD-00067317,CUST-000963,PROD-0619,4,3508.4,2026-09-01 17:00:00,delivered,2026-09-01 13:00:00
OL-000201954,ORD-00067318,CUST-001920,PROD-0659,6,2704.6,2026-09-01 18:00:00,shipped,2026-09-01 14:00:00
OL-000201955,ORD-00067318,CUST-003368,PROD-0753,7,3090.01,2026-09-01 19:00:00,delivered,2026-09-01 15:00:00
OL-000201956,ORD-00067318,CUST-001230,PROD-0110,1,4629.2,2026-09-01 08:00:00,delivered,2026-09-01 16:00:00
OL-000201957,ORD-00067319,CUST-000284,PROD-0357,4,4044.45,2026-09-01 09:00:00,delivered,2026-09-01 17:00:00
OL-000201958,ORD-00067319,CUST-002373,PROD-0658,7,2550.23,2026-09-01 10:00:00,delivered,2026-09-01 18:00:00
OL-000201959,ORD-00067319,CUST-003250,PROD-0049,7,1409.62,2026-09-01 11:00:00,delivered,2026-09-01 19:00:00
OL-000201960,ORD-00067320,CUST-003302,PROD-0555,4,4131.87,2026-09-01 12:00:00,delivered,2026-09-01 12:00:00
OL-000201961,ORD-00067320,CUST-003276,PROD-0529,3,4731.43,2026-09-01 13:00:00,shipped,2026-09-01 13:00:00
OL-000201962,ORD-00067320,CUST-001366,PROD-0758,5,2511.96,2026-09-01 14:00:00,delivered,2026-09-01 14:00:00
OL-000201963,ORD-00067321,CUST-000785,PROD-0555,2,603.83,2026-09-01 15:00:00,placed,2026-09-01 15:00:00
OL-000201964,ORD-00067321,CUST-001708,PROD-0224,1,3687.51,2026-09-01 16:00:00,delivered,2026-09-01 16:00:00
OL-000201965,ORD-00067321,CUST-003609,PROD-0188,6,1277.43,2026-09-01 17:00:00,delivered,2026-09-01 17:00:00
OL-000201966,ORD-00067322,CUST-001171,PROD-0145,2,2775.93,2026-09-01 18:00:00,delivered,2026-09-01 18:00:00
OL-000201967,ORD-00067322,CUST-001795,PROD-0715,9,2597.78,2026-09-01 19:00:00,delivered,2026-09-01 19:00:00
OL-000201968,ORD-00067322,CUST-000720,PROD-0571,2,924.9,2026-09-01 08:00:00,delivered,2026-09-01 12:00:00
OL-000201969,ORD-00067323,CUST-003000,PROD-0812,9,2545.99,2026-09-01 09:00:00,delivered,2026-09-01 13:00:00
OL-000201970,ORD-00067323,CUST-001380,PROD-0095,2,1807.07,2026-09-01 10:00:00,delivered,2026-09-01 14:00:00
OL-000201971,ORD-00067323,CUST-002253,PROD-0083,8,3600.23,2026-09-01 11:00:00,delivered,2026-09-01 15:00:00
OL-000201972,ORD-00067324,CUST-000807,PROD-0541,7,1782.22,2026-09-01 12:00:00,shipped,2026-09-01 16:00:00
OL-000201973,ORD-00067324,CUST-000455,PROD-0563,8,1899.4,2026-09-01 13:00:00,delivered,2026-09-01 17:00:00
OL-000201974,ORD-00067324,CUST-003479,PROD-0429,3,450.0,2026-09-01 14:00:00,delivered,2026-09-01 18:00:00
OL-000201975,ORD-00067325,CUST-000657,PROD-0900,7,2346.99,2026-09-01 15:00:00,placed,2026-09-01 19:00:00
OL-000201976,ORD-00067325,CUST-001687,PROD-0134,4,2196.9,2026-09-01 16:00:00,cancelled,2026-09-01 12:00:00
OL-000201977,ORD-00067325,CUST-001929,PROD-0001,2,3750.55,2026-09-01 17:00:00,delivered,2026-09-01 13:00:00
OL-000201978,ORD-00067326,CUST-001559,PROD-0009,5,4108.59,2026-09-01 18:00:00,shipped,2026-09-01 14:00:00
OL-000201979,ORD-00067326,CUST-000581,PROD-0335,6,2635.47,2026-09-01 19:00:00,delivered,2026-09-01 15:00:00
OL-000201980,ORD-00067326,CUST-001327,PROD-0413,9,1382.77,2026-09-01 08:00:00,delivered,2026-09-01 16:00:00
OL-000201981,ORD-00067327,CUST-002051,PROD-0828,1,959.91,2026-09-01 09:00:00,delivered,2026-09-01 17:00:00
OL-000201982,ORD-00067327,CUST-000815,PROD-0131,6,4190.77,2026-09-01 10:00:00,shipped,2026-09-01 18:00:00
OL-000201983,ORD-00067327,CUST-002952,PROD-0707,8,3800.64,2026-09-01 11:00:00,delivered,2026-09-01 19:00:00
OL-000201984,ORD-00067328,CUST-001828,PROD-0697,1,4245.12,2026-09-01 12:00:00,delivered,2026-09-01 12:00:00
OL-000201985,ORD-00067328,CUST-001810,PROD-0073,2,2468.53,2026-09-01 13:00:00,delivered,2026-09-01 13:00:00
OL-000201986,ORD-00067328,CUST-003765,PROD-0682,8,551.33,2026-09-01 14:00:00,shipped,2026-09-01 14:00:00
OL-000201987,ORD-00067329,CUST-002623,PROD-0100,2,3002.23,2026-09-01 15:00:00,delivered,2026-09-01 15:00:00
OL-000201988,ORD-00067329,CUST-002067,PROD-0469,2,2615.21,2026-09-01 16:00:00,shipped,2026-09-01 16:00:00
OL-000201989,ORD-00067329,CUST-000130,PROD-0415,3,514.24,2026-09-01 17:00:00,placed,2026-09-01 17:00:00
OL-000201990,ORD-00067330,CUST-002559,PROD-0754,7,473.0,2026-09-01 18:00:00,shipped,2026-09-01 18:00:00
OL-000201991,ORD-00067330,CUST-001671,PROD-0229,7,4441.2,2026-09-01 19:00:00,delivered,2026-09-01 19:00:00
OL-000201992,ORD-00067330,CUST-003711,PROD-0372,8,2655.87,2026-09-01 08:00:00,delivered,2026-09-01 12:00:00
OL-000201993,ORD-00067331,CUST-000722,PROD-0339,7,3624.11,2026-09-01 09:00:00,delivered,2026-09-01 13:00:00
OL-000201994,ORD-00067331,CUST-000144,PROD-0486,5,2644.64,2026-09-01 10:00:00,delivered,2026-09-01 14:00:00
OL-000201995,ORD-00067331,CUST-001949,PROD-0656,2,1892.27,2026-09-01 11:00:00,placed,2026-09-01 15:00:00
OL-000201996,ORD-00067332,CUST-002335,PROD-0473,2,2061.38,2026-09-01 12:00:00,delivered,2026-09-01 16:00:00
OL-000201997,ORD-00067332,CUST-002601,PROD-0107,7,4419.17,2026-09-01 13:00:00,placed,2026-09-01 17:00:00
OL-000201998,ORD-00067332,CUST-002033,PROD-0049,6,4410.04,2026-09-01 14:00:00,placed,2026-09-01 18:00:00
OL-000201999,ORD-00067333,CUST-000371,PROD-0359,7,2586.62,2026-09-01 15:00:00,shipped,2026-09-01 19:00:00
OL-100000000,ORD-33333333,CUST-000001,PROD-0001,4,1000.00,2026-08-31 08:00:00,delivered,2026-09-01 19:00:00
OL-200099998,ORD-66699999,CUST-000002,PROD-0002,2,500.00,2026-09-01 09:00:00,shipped,2026-09-01 20:00:00
OL-200099998,ORD-66699999,CUST-000002,PROD-0002,2,500.00,2026-09-01 09:00:00,delivered,2026-09-01 20:00:00
