order_line_id,order_id,customer_id,product_id,quantity,unit_price,order_ts,status,updated_at
OL-000300000,ORD-00100000,CUST-002874,PROD-0883,7,2553.7,2026-08-12 08:00:00,shipped,2026-09-02 12:00:00
OL-000300001,ORD-00100000,CUST-000120,PROD-0231,7,1173.75,2026-09-02 09:00:00,shipped,2026-09-02 13:00:00
OL-000300002,ORD-00100000,CUST-003173,PROD-0527,1,588.84,2026-09-02 10:00:00,delivered,2026-09-02 14:00:00
OL-000300003,ORD-00100001,CUST-001551,PROD-0606,5,3365.63,2026-09-02 11:00:00,delivered,2026-09-02 15:00:00
OL-000300004,ORD-00100001,CUST-001388,PROD-0862,6,1796.77,2026-09-02 12:00:00,shipped,2026-09-02 16:00:00
OL-000300005,ORD-00100001,CUST-000287,PROD-0603,3,644.21,2026-09-02 13:00:00,placed,2026-09-02 17:00:00
OL-000300006,ORD-00100002,CUST-002562,PROD-0842,6,624.11,2026-09-02 14:00:00,cancelled,2026-09-02 18:00:00
OL-000300007,ORD-00100002,CUST-000393,PROD-0489,1,1732.5,2026-09-02 15:00:00,delivered,2026-09-02 19:00:00
OL-000300008,ORD-00100002,CUST-001059,PROD-0766,4,1002.62,2026-09-02 16:00:00,shipped,2026-09-02 12:00:00
OL-000300009,ORD-00100003,CUST-003935,PROD-0837,1,323.32,2026-09-02 17:00:00,delivered,2026-09-02 13:00:00
OL-000300010,ORD-00100003,CUST-002846,PROD-0755,1,3576.67,2026-09-02 18:00:00,delivered,2026-09-02 14:00:00
OL-000300011,ORD-00100003,CUST-001929,PROD-0646,6,1849.33,2026-09-02 19:00:00,delivered,2026-09-02 15:00:00
OL-000300012,ORD-00100004,CUST-001981,PROD-0467,9,824.75,2026-09-02 08:00:00,cancelled,2026-09-02 16:00:00
OL-000300013,ORD-00100004,CUST-003987,PROD-0860,6,3004.06,2026-09-02 09:00:00,delivered,2026-09-02 17:00:00
OL-000300014,ORD-00100004,CUST-000915,PROD-0015,5,856.02,2026-09-02 10:00:00,delivered,2026-09-02 18:00:00
OL-000300015,ORD-00100005,CUST-003869,PROD-0366,9,2662.18,2026-09-02 11:00:00,delivered,2026-09-02 19:00:00
OL-000300016,ORD-00100005,CUST-001394,PROD-0116,7,641.91,2026-09-02 12:00:00,delivered,2026-09-02 12:00:00
OL-000300017,ORD-00100005,CUST-003116,PROD-0050,1,4794.94,2026-09-02 13:00:00,delivered,2026-09-02 13:00:00
OL-000300018,ORD-00100006,CUST-000735,PROD-0658,8,693.25,2026-09-02 14:00:00,delivered,2026-09-02 14:00:00
OL-000300019,ORD-00100006,CUST-001203,PROD-0661,1,3019.9,2026-09-02 15:00:00,placed,2026-09-02 15:00:00
OL-000300020,ORD-00100006,CUST-001122,PROD-0183,2,151.54,2026-09-02 16:00:00,delivered,2026-09-02 16:00:00
OL-000300021,ORD-00100007,CUST-003403,PROD-0063,4,4135.68,2026-09-02 17:00:00,shipped,2026-09-02 17:00:00
OL-000300022,ORD-00100007,CUST-002099,PROD-0770,5,4676.36,2026-09-02 18:00:00,delivered,2026-09-02 18:00:00
OL-000300023,ORD-00100007,CUST-001998,PROD-0067,6,2676.88,2026-09-02 19:00:00,shipped,2026-09-02 19:00:00
OL-000300024,ORD-00100008,CUST-001238,PROD-0561,5,1997.44,2026-09-02 08:00:00,delivered,2026-09-02 12:00:00
OL-000300025,ORD-00100008,CUST-001033,PROD-0135,8,460.58,2026-09-02 09:00:00,delivered,2026-09-02 13:00:00
OL-000300026,ORD-00100008,CUST-001809,PROD-0406,3,468.01,2026-09-02 10:00:00,delivered,2026-09-02 14:00:00
OL-000300027,ORD-00100009,CUST-003696,PROD-0590,8,514.18,2026-09-02 11:00:00,delivered,2026-09-02 15:00:00
OL-000300028,ORD-00100009,CUST-002061,PROD-0846,5,3609.97,2026-09-02 12:00:00,delivered,2026-09-02 16:00:00
OL-000300029,ORD-00100009,CUST-002294,PROD-0500,1,3402.28,2026-09-02 13:00:00,placed,2026-09-02 17:00:00
OL-000300030,ORD-00100010,CUST-002835,PROD-0143,5,4164.4,2026-09-02 14:00:00,cancelled,2026-09-02 18:00:00
OL-000300031,ORD-00100010,CUST-000950,PROD-0612,8,1290.38,2026-09-02 15:00:00,delivered,2026-09-02 19:00:00
OL-000300032,ORD-00100010,CUST-001333,PROD-0509,2,1613.41,2026-09-02 16:00:00,shipped,2026-09-02 12:00:00
OL-000300033,ORD-00100011,CUST-003736,PROD-0416,1,489.59,2026-09-02 17:00:00,delivered,2026-09-02 13:00:00
OL-000300034,ORD-00100011,CUST-003943,PROD-0648,7,1908.19,2026-09-02 18:00:00,delivered,2026-09-02 14:00:00
OL-000300035,ORD-00100011,CUST-000904,PROD-0161,9,2221.26,2026-09-02 19:00:00,delivered,2026-09-02 15:00:00
OL-000300036,ORD-00100012,CUST-000057,PROD-0549,1,1681.98,2026-09-02 08:00:00,delivered,2026-09-02 16:00:00
OL-000300037,ORD-00100012,CUST-002227,PROD-0017,3,899.47,2026-09-02 09:00:00,placed,2026-09-02 17:00:00
OL-000300038,ORD-00100012,CUST-002054,PROD-0053,2,1951.64,2026-09-02 10:00:00,delivered,2026-09-02 18:00:00
OL-000300039,ORD-00100013,CUST-001151,PROD-0833,5,2005.24,2026-09-02 11:00:00,delivered,2026-09-02 19:00:00
OL-000300040,ORD-00100013,CUST-002432,PROD-0327,2,1626.17,2026-09-02 12:00:00,cancelled,2026-09-02 12:00:00
OL-000300041,ORD-00100013,CUST-003260,PROD-0211,5,196.32,2026-09-02 13:00:00,shipped,2026-09-02 13:00:00
OL-000300042,ORD-00100014,CUST-000711,PROD-0576,1,896.02,2026-09-02 14:00:00,shipped,2026-09-02 14:00:00
OL-000300043,ORD-00100014,CUST-002860,PROD-0280,3,4314.06,2026-09-02 15:00:00,delivered,2026-09-02 15:00:00
OL-000300044,ORD-00100014,CUST-001125,PROD-0153,6,1281.93,2026-09-02 16:00:00,shipped,2026-09-02 16:00:00
OL-000300045,ORD-00100015,CUST-000670,PROD-0676,7,3715.71,2026-09-02 17:00:00,delivered,2026-09-02 17:00:00
OL-000300046,ORD-00100015,CUST-001846,PROD-0500,8,956.41,2026-09-02 18:00:00,delivered,2026-09-02 18:00:00
OL-000300047,ORD-00100015,CUST-003597,PROD-0456,5,3343.3,2026-09-02 19:00:00,delivered,2026-09-02 19:00:00
OL-000300048,ORD-00100016,CUST-000460,PROD-0822,7,2368.76,2026-09-02 08:00:00,delivered,2026-09-02 12:00:00
OL-000300049,ORD-00100016,CUST-000922,PROD-0492,4,1298.28,2026-09-02 09:00:00,delivered,2026-09-02 13:00:00
OL-000300050,ORD-00100016,CUST-001490,PROD-0231,3,1734.27,2026-09-02 10:00:00,delivered,2026-09-02 14:00:00
OL-000300051,ORD-00100017,CUST-001119,PROD-0552,5,274.45,2026-09-02 11:00:00,delivered,2026-09-02 15:00:00
OL-000300052,ORD-00100017,CUST-000944,PROD-0822,7,575.53,2026-09-02 12:00:00,delivered,2026-09-02 16:00:00
OL-000300053,ORD-00100017,CUST-002614,PROD-0216,1,928.73,2026-09-02 13:00:00,delivered,2026-09-02 17:00:00
OL-000300054,ORD-00100018,CUST-002607,PROD-0897,6,3201.39,2026-09-02 14:00:00,delivered,2026-09-02 18:00:00
OL-000300055,ORD-00100018,CUST-000023,PROD-0587,8,2446.35,2026-09-02 15:00:00,delivered,2026-09-02 19:00:00
OL-000300056,ORD-00100018,CUST-000912,PROD-0777,5,906.76,2026-09-02 16:00:00,delivered,2026-09-02 12:00:00
OL-000300057,ORD-00100019,CUST-000693,PROD-0062,1,4531.65,2026-09-02 17:00:00,delivered,2026-09-02 13:00:00
OL-000300058,ORD-00100019,CUST-002837,PROD-0075,8,347.14,2026-09-02 18:00:00,delivered,2026-09-02 14:00:00
OL-000300059,ORD-00100019,CUST-001061,PROD-0064,2,878.71,2026-09-02 19:00:00,delivered,2026-09-02 15:00:00
OL-000300060,ORD-00100020,CUST-000317,PROD-0817,9,245.23,2026-09-02 08:00:00,placed,2026-09-02 16:00:00
OL-000300061,ORD-00100020,CUST-002921,PROD-0572,1,2703.1,2026-09-02 09:00:00,delivered,2026-09-02 17:00:00
OL-000300062,ORD-00100020,CUST-002211,PROD-0340,8,643.48,2026-09-02 10:00:00,delivered,2026-09-02 18:00:00
OL-000300063,ORD-00100021,CUST-000183,PROD-0011,9,2400.42,2026-09-02 11:00:00,delivered,2026-09-02 19:00:00
OL-000300064,ORD-00100021,CUST-000463,PROD-0816,9,3108.98,2026-09-02 12:00:00,delivered,2026-09-02 12:00:00
OL-000300065,ORD-00100021,CUST-002368,PROD-0565,4,3073.07,2026-09-02 13:00:00,delivered,2026-09-02 13:00:00
OL-000300066,ORD-00100022,CUST-003797,PROD-0848,1,1939.43,2026-09-02 14:00:00,delivered,2026-09-02 14:00:00
OL-000300067,ORD-00100022,CUST-002183,PROD-0389,4,4721.79,2026-09-02 15:00:00,shipped,2026-09-02 15:00:00
OL-000300068,ORD-00100022,CUST-000548,PROD-0213,9,3740.55,2026-09-02 16:00:00,placed,2026-09-02 16:00:00
OL-000300069,ORD-00100023,CUST-003305,PROD-0832,5,1426.75,2026-09-02 17:00:00,delivered,2026-09-02 17:00:00
OL-000300070,ORD-00100023,CUST-002095,PROD-0391,6,519.84,2026-09-02 18:00:00,delivered,2026-09-02 18:00:00
OL-000300071,ORD-00100023,CUST-001727,PROD-0015,1,1673.94,2026-09-02 19:00:00,delivered,2026-09-02 19:00:00
OL-000300072,ORD-00100024,CUST-000057,PROD-0405,8,1992.49,2026-09-02 08:00:00,shipped,2026-09-02 12:00:00
OL-000300073,ORD-00100024,CUST-001307,PROD-0438,4,3667.65,2026-09-02 09:00:00,delivered,2026-09-02 13:00:00
OL-000300074,ORD-00100024,CUST-001601,PROD-0335,6,4228.18,2026-09-02 10:00:00,delivered,2026-09-02 14:00:00
OL-000300075,ORD-00100025,CUST-002409,PROD-0376,9,2635.68,2026-09-02 11:00:00,shipped,2026-09-02 15:00:00
OL-000300076,ORD-00100025,CUST-002001,PROD-0731,1,2377.79,2026-09-02 12:00:00,delivered,2026-09-02 16:00:00
OL-000300077,ORD-00100025,CUST-001256,PROD-0248,2,4624.43,2026-09-02 13:00:00,delivered,2026-09-02 17:00:00
OL-000300078,ORD-00100026,CUST-002176,PROD-0218,5,2775.45,2026-09-02 14:00:00,delivered,2026-09-02 18:00:00
OL-000300079,ORD-00100026,CUST-002007,PROD-0317,2,4741.34,2026-09-02 15:00:00,shipped,2026-09-02 19:00:00
OL-000300080,ORD-00100026,CUST-001126,PROD-0008,4,1644.6,2026-09-02 16:00:00,placed,2026-09-02 12:00:00
OL-000300081,ORD-00100027,CUST-001933,PROD-0573,2,2058.12,2026-09-02 17:00:00,delivered,2026-09-02 13:00:00
OL-000300082,ORD-00100027,CUST-000956,PROD-0724,4,2955.42,2026-09-02 18:00:00,delivered,2026-09-02 14:00:00
OL-000300083,ORD-00100027,CUST-003760,PROD-0309,4,2390.65,2026-09-02 19:00:00,delivered,2026-09-02 15:00:00
OL-000300084,ORD-00100028,CUST-001622,PROD-0309,3,4752.75,2026-09-02 08:00:00,delivered,2026-09-02 16:00:00
OL-000300085,ORD-00100028,CUST-001517,PROD-0533,9,3007.34,2026-09-02 09:00:00,placed,2026-09-02 17:00:00
OL-000300086,ORD-00100028,CUST-000188,PROD-0797,5,485.0,2026-09-02 10:00:00,placed,2026-09-02 18:00:00
OL-000300087,ORD-00100029,CUST-000093,PROD-0772,9,1750.87,2026-09-02 11:00:00,delivered,2026-09-02 19:00:00
OL-000300088,ORD-00100029,CUST-003908,PROD-0164,8,1760.42,2026-09-02 12:00:00,placed,2026-09-02 12:00:00
OL-000300089,ORD-00100029,CUST-002990,PROD-0662,3,1331.69,2026-09-02 13:00:00,delivered,2026-09-02 13:00:00
OL-000300090,ORD-00100030,CUST-002237,PROD-0070,1,3792.2,2026-09-02 14:00:00,placed,2026-09-02 14:00:00
OL-000300091,ORD-00100030,CUST-002873,PROD-0265,7,4513.37,2026-09-02 15:00:00,placed,2026-09-02 15:00:00
OL-000300092,ORD-00100030,CUST-001885,PROD-0643,2,3131.6,2026-09-02 16:00:00,cancelled,2026-09-02 16:00:00
OL-000300093,ORD-00100031,CUST-000134,PROD-0836,4,1559.09,2026-09-02 17:00:00,shipped,2026-09-02 17:00:00
OL-000300094,ORD-00100031,CUST-001167,PROD-0443,7,4136.66,2026-09-02 18:00:00,delivered,2026-09-02 18:00:00
OL-000300095,ORD-00100031,CUST-003813,PROD-0773,5,192.79,2026-09-02 19:00:00,shipped,2026-09-02 19:00:00
OL-000300096,ORD-00100032,CUST-003174,PROD-0522,8,1895.7,2026-09-02 08:00:00,delivered,2026-09-02 12:00:00
OL-000300097,ORD-00100032,CUST-003255,PROD-0379,4,1604.5,2026-09-02 09:00:00,delivered,2026-09-02 13:00:00
OL-000300098,ORD-00100032,CUST-002977,PROD-0530,1,833.93,2026-09-02 10:00:00,delivered,2026-09-02 14:00:00
OL-000300099,ORD-00100033,CUST-002363,PROD-0815,9,1943.04,2026-09-02 11:00:00,shipped,2026-09-02 15:00:00
OL-000300100,ORD-00100033,CUST-002829,PROD-0526,7,1453.43,2026-09-02 12:00:00,cancelled,2026-09-02 16:00:00
OL-000300101,ORD-00100033,CUST-003408,PROD-0180,2,1715.53,2026-09-02 13:00:00,delivered,2026-09-02 17:00:00
OL-000300102,ORD-00100034,CUST-003811,PROD-0318,2,3269.54,2026-09-02 14:00:00,shipped,2026-09-02 18:00:00
OL-000300103,ORD-00100034,CUST-000321,PROD-0049,1,805.99,2026-09-02 15:00:00,delivered,2026-09-02 19:00:00
OL-000300104,ORD-00100034,CUST-000530,PROD-0261,1,970.24,2026-09-02 16:00:00,delivered,2026-09-02 12:00:00
OL-000300105,ORD-00100035,CUST-000233,PROD-0731,7,1725.69,2026-09-02 17:00:00,delivered,2026-09-02 13:00:00
OL-000300106,ORD-00100035,CUST-003068,PROD-0567,9,3036.81,2026-09-02 18:00:00,shipped,2026-09-02 14:00:00
OL-000300107,ORD-00100035,CUST-000498,PROD-0467,1,286.7,2026-09-02 19:00:00,delivered,2026-09-02 15:00:00
OL-000300108,ORD-00100036,CUST-003953,PROD-0755,9,4485.95,2026-09-02 08:00:00,shipped,2026-09-02 16:00:00
OL-000300109,ORD-00100036,CUST-002886,PROD-0832,6,729.16,2026-09-02 09:00:00,delivered,2026-09-02 17:00:00
OL-000300110,ORD-00100036,CUST-000197,PROD-0412,2,2435.31,2026-09-02 10:00:00,shipped,2026-09-02 18:00:00
OL-000300111,ORD-00100037,CUST-001701,PROD-0362,5,3341.41,2026-09-02 11:00:00,delivered,2026-09-02 19:00:00
OL-000300112,ORD-00100037,CUST-002254,PROD-0295,8,3569.19,2026-09-02 12:00:00,placed,2026-09-02 12:00:00
OL-000300113,ORD-00100037,CUST-002415,PROD-0174,8,832.07,2026-09-02 13:00:00,delivered,2026-09-02 13:00:00
OL-000300114,ORD-00100038,CUST-002983,PROD-0033,6,4355.34,2026-09-02 14:00:00,shipped,2026-09-02 14:00:00
OL-000300115,ORD-00100038,CUST-002728,PROD-0027,9,3261.11,2026-09-02 15:00:00,delivered,2026-09-02 15:00:00
OL-000300116,ORD-00100038,CUST-001665,PROD-0814,7,1487.83,2026-09-02 16:00:00,delivered,2026-09-02 16:00:00
OL-000300117,ORD-00100039,CUST-003063,PROD-0096,1,1950.39,2026-09-02 17:00:00,delivered,2026-09-02 17:00:00
OL-000300118,ORD-00100039,CUST-000177,PROD-0574,4,4394.38,2026-09-02 18:00:00,cancelled,2026-09-02 18:00:00
OL-000300119,ORD-00100039,CUST-000849,PROD-0382,2,3606.51,2026-09-02 19:00:00,placed,2026-09-02 19:00:00
OL-000300120,ORD-00100040,CUST-002671,PROD-0433,1,1356.9,2026-09-02 08:00:00,cancelled,2026-09-02 12:00:00
OL-000300121,ORD-00100040,CUST-002642,PROD-0353,2,2943.22,2026-09-02 09:00:00,delivered,2026-09-02 13:00:00
OL-000300122,ORD-00100040,CUST-000590,PROD-0152,5,4730.86,2026-09-02 10:00:00,shipped,2026-09-02 14:00:00
OL-000300123,ORD-00100041,CUST-000285,PROD-0163,7,3034.7,2026-09-02 11:00:00,shipped,2026-09-02 15:00:00
OL-000300124,ORD-00100041,CUST-002998,PROD-0088,5,1576.01,2026-09-02 12:00:00,delivered,2026-09-02 16:00:00
OL-000300125,ORD-00100041,CUST-002148,PROD-0849,3,4549.87,2026-09-02 13:00:00,delivered,2026-09-02 17:00:00
OL-000300126,ORD-00100042,CUST-002958,PROD-0292,1,1954.42,2026-09-02 14:00:00,delivered,2026-09-02 18:00:00
OL-000300127,ORD-00100042,CUST-001004,PROD-0060,1,3086.57,2026-09-02 15:00:00,delivered,2026-09-02 19:00:00
OL-000300128,ORD-00100042,CUST-003071,PROD-0367,7,3387.85,2026-09-02 16:00:00,delivered,2026-09-02 12:00:00
OL-000300129,ORD-00100043,CUST-001294,PROD-0636,4,3771.43,2026-09-02 17:00:00,delivered,2026-09-02 13:00:00
OL-000300130,ORD-00100043,CUST-003035,PROD-0191,1,3577.15,2026-09-02 18:00:00,delivered,2026-09-02 14:00:00
OL-000300131,ORD-00100043,CUST-002524,PROD-0336,8,4373.75,2026-09-02 19:00:00,shipped,2026-09-02 15:00:00
OL-000300132,ORD-00100044,CUST-000045,PROD-0306,4,284.63,2026-09-02 08:00:00,delivered,2026-09-02 16:00:00
OL-000300133,ORD-00100044,CUST-003015,PROD-0446,1,4659.4,2026-09-02 09:00:00,delivered,2026-09-02 17:00:00
OL-000300134,ORD-00100044,CUST-003685,PROD-0629,7,2066.02,2026-09-02 10:00:00,delivered,2026-09-02 18:00:00
OL-000300135,ORD-00100045,CUST-002345,PROD-0836,6,3084.48,2026-09-02 11:00:00,delivered,2026-09-02 19:00:00
OL-000300136,ORD-00100045,CUST-000235,PROD-0859,1,4618.7,2026-09-02 12:00:00,delivered,2026-09-02 12:00:00
OL-000300137,ORD-00100045,CUST-003067,PROD-0811,8,3083.75,2026-09-02 13:00:00,delivered,2026-09-02 13:00:00
OL-000300138,ORD-00100046,CUST-002970,PROD-0700,7,2033.79,2026-09-02 14:00:00,delivered,2026-09-02 14:00:00
OL-000300139,ORD-00100046,CUST-003301,PROD-0504,3,3901.45,2026-09-02 15:00:00,delivered,2026-09-02 15:00:00
OL-000300140,ORD-00100046,CUST-000710,PROD-0147,4,3848.3,2026-09-02 16:00:00,delivered,2026-09-02 16:00:00
OL-000300141,ORD-00100047,CUST-002859,PROD-0074,8,3638.93,2026-09-02 17:00:00,cancelled,2026-09-02 17:00:00
OL-000300142,ORD-00100047,CUST-003510,PROD-0895,1,3034.0,2026-09-02 18:00:00,delivered,2026-09-02 18:00:00
OL-000300143,ORD-00100047,CUST-001054,PROD-0578,9,4757.0,2026-09-02 19:00:00,delivered,2026-09-02 19:00:00
OL-000300144,ORD-00100048,CUST-003717,PROD-0369,7,3896.39,2026-09-02 08:00:00,delivered,2026-09-02 12:00:00
OL-000300145,ORD-00100048,CUST-002912,PROD-0725,2,3089.43,2026-09-02 09:00:00,shipped,2026-09-02 13:00:00
OL-000300146,ORD-00100048,CUST-000718,PROD-0859,6,4076.72,2026-09-02 10:00:00,delivered,2026-09-02 14:00:00
OL-000300147,ORD-00100049,CUST-000373,PROD-0024,3,2368.71,2026-09-02 11:00:00,delivered,2026-09-02 15:00:00
OL-000300148,ORD-00100049,CUST-002865,PROD-0831,2,911.94,2026-09-02 12:00:00,shipped,2026-09-02 16:00:00
OL-000300149,ORD-00100049,CUST-003375,PROD-0692,9,1884.18,2026-09-02 13:00:00,shipped,2026-09-02 17:00:00
OL-000300150,ORD-00100050,CUST-001388,PROD-0781,4,636.55,2026-09-02 14:00:00,delivered,2026-09-02 18:00:00
OL-000300151,ORD-00100050,CUST-000426,PROD-0884,6,3982.49,2026-09-02 15:00:00,delivered,2026-09-02 19:00:00
OL-000300152,ORD-00100050,CUST-000661,PROD-0745,3,2275.17,2026-09-02 16:00:00,delivered,2026-09-02 12:00:00
OL-000300153,ORD-00100051,CUST-002139,PROD-0321,4,2709.25,2026-09-02 17:00:00,delivered,2026-09-02 13:00:00
OL-000300154,ORD-00100051,CUST-001697,PROD-0311,8,224.17,2026-09-02 18:00:00,placed,2026-09-02 14:00:00
OL-000300155,ORD-00100051,CUST-002629,PROD-0888,9,4381.23,2026-09-02 19:00:00,shipped,2026-09-02 15:00:00
OL-000300156,ORD-00100052,CUST-000686,PROD-0699,8,2936.45,2026-09-02 08:00:00,shipped,2026-09-02 16:00:00
OL-000300157,ORD-00100052,CUST-002816,PROD-0777,7,1672.42,2026-09-02 09:00:00,shipped,2026-09-02 17:00:00
OL-000300158,ORD-00100052,CUST-001026,PROD-0164,7,408.88,2026-09-02 10:00:00,delivered,2026-09-02 18:00:00
OL-000300159,ORD-00100053,CUST-000344,PROD-0478,7,2645.35,2026-09-02 11:00:00,delivered,2026-09-02 19:00:00
OL-000300160,ORD-00100053,CUST-001408,PROD-0651,2,3479.12,2026-09-02 12:00:00,delivered,2026-09-02 12:00:00
OL-000300161,ORD-00100053,CUST-003606,PROD-0280,1,930.76,2026-09-02 13:00:00,shipped,2026-09-02 13:00:00
OL-000300162,ORD-00100054,CUST-001104,PROD-0686,2,3660.52,2026-09-02 14:00:00,shipped,2026-09-02 14:00:00
OL-000300163,ORD-00100054,CUST-001390,PROD-0003,7,4199.37,2026-09-02 15:00:00,delivered,2026-09-02 15:00:00
OL-000300164,ORD-00100054,CUST-001955,PROD-0575,1,282.15,2026-09-02 16:00:00,shipped,2026-09-02 16:00:00
OL-000300165,ORD-00100055,CUST-003310,PROD-0130,8,2739.82,2026-09-02 17:00:00,delivered,2026-09-02 17:00:00
OL-000300166,ORD-00100055,CUST-001421,PROD-0014,4,245.09,2026-09-02 18:00:00,delivered,2026-09-02 18:00:00
OL-000300167,ORD-00100055,CUST-003066,PROD-0305,6,757.65,2026-09-02 19:00:00,placed,2026-09-02 19:00:00
OL-000300168,ORD-00100056,CUST-001061,PROD-0882,9,4680.96,2026-09-02 08:00:00,placed,2026-09-02 12:00:00
OL-000300169,ORD-00100056,CUST-001370,PROD-0028,2,4709.11,2026-09-02 09:00:00,delivered,2026-09-02 13:00:00
OL-000300170,ORD-00100056,CUST-001749,PROD-0629,3,3814.0,2026-09-02 10:00:00,placed,2026-09-02 14:00:00
OL-000300171,ORD-00100057,CUST-001502,PROD-0331,8,2544.45,2026-09-02 11:00:00,shipped,2026-09-02 15:00:00
OL-000300172,ORD-00100057,CUST-003368,PROD-0082,8,2809.91,2026-09-02 12:00:00,delivered,2026-09-02 16:00:00
OL-000300173,ORD-00100057,CUST-001234,PROD-0503,5,4497.37,2026-09-02 13:00:00,shipped,2026-09-02 17:00:00
OL-000300174,ORD-00100058,CUST-000718,PROD-0230,7,1980.95,2026-09-02 14:00:00,shipped,2026-09-02 18:00:00
OL-000300175,ORD-00100058,CUST-000029,PROD-0470,1,4705.65,2026-09-02 15:00:00,delivered,2026-09-02 19:00:00
OL-000300176,ORD-00100058,CUST-001342,PROD-0332,2,2887.92,2026-09-02 16:00:00,delivered,2026-09-02 12:00:00
OL-000300177,ORD-00100059,CUST-002062,PROD-0412,3,2964.75,2026-09-02 17:00:00,shipped,2026-09-02 13:00:00
OL-000300178,ORD-00100059,CUST-001988,PROD-0764,3,4064.29,2026-09-02 18:00:00,shipped,2026-09-02 14:00:00
OL-000300179,ORD-00100059,CUST-003233,PROD-0209,1,3109.66,2026-09-02 19:00:00,delivered,2026-09-02 15:00:00
OL-000300180,ORD-00100060,CUST-002899,PROD-0589,3,1865.03,2026-09-02 08:00:00,delivered,2026-09-02 16:00:00
OL-000300181,ORD-00100060,CUST-003832,PROD-0794,3,167.58,2026-09-02 09:00:00,delivered,2026-09-02 17:00:00
OL-000300182,ORD-00100060,CUST-003541,PROD-0893,2,4706.51,2026-09-02 10:00:00,delivered,2026-09-02 18:00:00
OL-000300183,ORD-00100061,CUST-000375,PROD-0802,5,3139.51,2026-09-02 11:00:00,shipped,2026-09-02 19:00:00
OL-000300184,ORD-00100061,CUST-002259,PROD-0632,6,2861.06,2026-09-02 12:00:00,delivered,2026-09-02 12:00:00
OL-000300185,ORD-00100061,CUST-002780,PROD-0131,4,2292.3,2026-09-02 13:00:00,shipped,2026-09-02 13:00:00
OL-000300186,ORD-00100062,CUST-003078,PROD-0485,3,2898.34,2026-09-02 14:00:00,delivered,2026-09-02 14:00:00
OL-000300187,ORD-00100062,CUST-002485,PROD-0708,6,1929.03,2026-09-02 15:00:00,delivered,2026-09-02 15:00:00
OL-000300188,ORD-00100062,CUST-000440,PROD-0628,6,4755.12,2026-09-02 16:00:00,shipped,2026-09-02 16:00:00
OL-000300189,ORD-00100063,CUST-000206,PROD-0715,6,4793.4,2026-09-02 17:00:00,delivered,2026-09-02 17:00:00
OL-000300190,ORD-00100063,CUST-000758,PROD-0794,6,2549.65,2026-09-02 18:00:00,delivered,2026-09-02 18:00:00
OL-000300191,ORD-00100063,CUST-000401,PROD-0221,2,3836.94,2026-09-02 19:00:00,delivered,2026-09-02 19:00:00
OL-000300192,ORD-00100064,CUST-001901,PROD-0722,8,4704.1,2026-09-02 08:00:00,delivered,2026-09-02 12:00:00
OL-000300193,ORD-00100064,CUST-000158,PROD-0406,2,1397.61,2026-09-02 09:00:00,delivered,2026-09-02 13:00:00
OL-000300194,ORD-00100064,CUST-000252,PROD-0697,4,2071.92,2026-09-02 10:00:00,placed,2026-09-02 14:00:00
OL-000300195,ORD-00100065,CUST-000186,PROD-0308,4,1651.92,2026-09-02 11:00:00,delivered,2026-09-02 15:00:00
OL-000300196,ORD-00100065,CUST-000167,PROD-0032,9,3293.02,2026-09-02 12:00:00,delivered,2026-09-02 16:00:00
OL-000300197,ORD-00100065,CUST-001301,PROD-0056,3,2983.2,2026-09-02 13:00:00,shipped,2026-09-02 17:00:00
OL-000300198,ORD-00100066,CUST-001380,PROD-0759,9,1296.2,2026-09-02 14:00:00,shipped,2026-09-02 18:00:00
OL-000300199,ORD-00100066,CUST-003724,PROD-0113,4,3274.08,2026-09-02 15:00:00,placed,2026-09-02 19:00:00
OL-000300200,ORD-00100066,CUST-003414,PROD-0288,8,3536.78,2026-09-02 16:00:00,delivered,2026-09-02 12:00:00
OL-000300201,ORD-00100067,CUST-002860,PROD-0585,7,161.61,2026-09-02 17:00:00,delivered,2026-09-02 13:00:00
OL-000300202,ORD-00100067,CUST-000309,PROD-0299,7,902.65,2026-09-02 18:00:00,shipped,2026-09-02 14:00:00
OL-000300203,ORD-00100067,CUST-003385,PROD-0630,6,3805.56,2026-09-02 19:00:00,delivered,2026-09-02 15:00:00
OL-000300204,ORD-00100068,CUST-001633,PROD-0866,8,335.93,2026-09-02 08:00:00,cancelled,2026-09-02 16:00:00
OL-000300205,ORD-00100068,CUST-001690,PROD-0406,2,640.97,2026-09-02 09:00:00,delivered,2026-09-02 17:00:00
OL-000300206,ORD-00100068,CUST-003877,PROD-0126,4,1796.94,2026-09-02 10:00:00,delivered,2026-09-02 18:00:00
OL-000300207,ORD-00100069,CUST-002392,PROD-0877,9,2478.51,2026-09-02 11:00:00,shipped,2026-09-02 19:00:00
OL-000300208,ORD-00100069,CUST-000296,PROD-0890,9,4347.63,2026-09-02 12:00:00,delivered,2026-09-02 12:00:00
OL-000300209,ORD-00100069,CUST-002671,PROD-0202,8,1012.78,2026-09-02 13:00:00,delivered,2026-09-02 13:00:00
OL-000300210,ORD-00100070,CUST-003580,PROD-0303,8,3863.88,2026-09-02 14:00:00,delivered,2026-09-02 14:00:00
OL-000300211,ORD-00100070,CUST-003077,PROD-0002,6,3040.9,2026-09-02 15:00:00,delivered,2026-09-02 15:00:00
OL-000300212,ORD-00100070,CUST-003768,PROD-0587,6,4693.63,2026-09-02 16:00:00,delivered,2026-09-02 16:00:00
OL-000300213,ORD-00100071,CUST-000091,PROD-0647,9,1099.92,2026-09-02 17:00:00,delivered,2026-09-02 17:00:00
OL-000300214,ORD-00100071,CUST-001779,PROD-0773,5,3533.53,2026-09-02 18:00:00,shipped,2026-09-02 18:00:00
OL-000300215,ORD-00100071,CUST-002541,PROD-0416,5,4346.92,2026-09-02 19:00:00,delivered,2026-09-02 19:00:00
OL-000300216,ORD-00100072,CUST-003504,PROD-0214,2,2959.16,2026-09-02 08:00:00,delivered,2026-09-02 12:00:00
OL-000300217,ORD-00100072,CUST-002931,PROD-0181,3,2594.97,2026-09-02 09:00:00,placed,2026-09-02 13:00:00
OL-000300218,ORD-00100072,CUST-002781,PROD-0364,8,2555.85,2026-09-02 10:00:00,delivered,2026-09-02 14:00:00
OL-000300219,ORD-00100073,CUST-003591,PROD-0650,5,1532.84,2026-09-02 11:00:00,cancelled,2026-09-02 15:00:00
OL-000300220,ORD-00100073,CUST-002395,PROD-0808,4,381.45,2026-09-02 12:00:00,delivered,2026-09-02 16:00:00
OL-000300221,ORD-00100073,CUST-000128,PROD-0811,2,176.69,2026-09-02 13:00:00,placed,2026-09-02 17:00:00
OL-000300222,ORD-00100074,CUST-003757,PROD-0254,4,1065.14,2026-09-02 14:00:00,shipped,2026-09-02 18:00:00
OL-000300223,ORD-00100074,CUST-001283,PROD-0230,3,4332.8,2026-09-02 15:00:00,delivered,2026-09-02 19:00:00
OL-000300224,ORD-00100074,CUST-002373,PROD-0087,5,575.79,2026-09-02 16:00:00,delivered,2026-09-02 12:00:00
OL-000300225,ORD-00100075,CUST-003478,PROD-0025,2,2264.39,2026-09-02 17:00:00,delivered,2026-09-02 13:00:00
OL-000300226,ORD-00100075,CUST-001350,PROD-0029,9,4325.14,2026-09-02 18:00:00,delivered,2026-09-02 14:00:00
OL-000300227,ORD-00100075,CUST-001469,PROD-0300,8,711.81,2026-09-02 19:00:00,delivered,2026-09-02 15:00:00
OL-000300228,ORD-00100076,CUST-000726,PROD-0679,9,4362.51,2026-09-02 08:00:00,shipped,2026-09-02 16:00:00
OL-000300229,ORD-00100076,CUST-001797,PROD-0611,6,3264.32,2026-09-02 09:00:00,delivered,2026-09-02 17:00:00
OL-000300230,ORD-00100076,CUST-001320,PROD-0808,8,135.94,2026-09-02 10:00:00,delivered,2026-09-02 18:00:00
OL-000300231,ORD-00100077,CUST-002151,PROD-0770,5,1654.38,2026-09-02 11:00:00,delivered,2026-09-02 19:00:00
OL-000300232,ORD-00100077,CUST-003846,PROD-0526,8,1339.64,2026-09-02 12:00:00,cancelled,2026-09-02 12:00:00
OL-000300233,ORD-00100077,CUST-003510,PROD-0100,6,1140.66,2026-09-02 13:00:00,delivered,2026-09-02 13:00:00
OL-000300234,ORD-00100078,CUST-002456,PROD-0787,9,3376.74,2026-09-02 14:00:00,delivered,2026-09-02 14:00:00
OL-000300235,ORD-00100078,CUST-000827,PROD-0615,9,4356.52,2026-09-02 15:00:00,delivered,2026-09-02 15:00:00
OL-000300236,ORD-00100078,CUST-002941,PROD-0279,2,2279.96,2026-09-02 16:00:00,delivered,2026-09-02 16:00:00
OL-000300237,ORD-00100079,CUST-001209,PROD-0064,7,3616.19,2026-09-02 17:00:00,delivered,2026-09-02 17:00:00
OL-000300238,ORD-00100079,CUST-000172,PROD-0560,9,3330.5,2026-09-02 18:00:00,shipped,2026-09-02 18:00:00
OL-000300239,ORD-00100079,CUST-000247,PROD-0269,3,3916.8,2026-09-02 19:00:00,delivered,2026-09-02 19:00:00
OL-000300240,ORD-00100080,CUST-003528,PROD-0821,7,2324.2,2026-09-02 08:00:00,shipped,2026-09-02 12:00:00
OL-000300241,ORD-00100080,CUST-001453,PROD-0638,5,2846.97,2026-09-02 09:00:00,delivered,2026-09-02 13:00:00
OL-000300242,ORD-00100080,CUST-001173,PROD-0447,3,3071.46,2026-09-02 10:00:00,delivered,2026-09-02 14:00:00
OL-000300243,ORD-00100081,CUST-003090,PROD-0832,4,1205.02,2026-09-02 11:00:00,delivered,2026-09-02 15:00:00
OL-000300244,ORD-00100081,CUST-003971,PROD-0360,3,3622.95,2026-09-02 12:00:00,delivered,2026-09-02 16:00:00
OL-000300245,ORD-00100081,CUST-001580,PROD-0603,6,843.46,2026-09-02 13:00:00,shipped,2026-09-02 17:00:00
OL-000300246,ORD-00100082,CUST-001380,PROD-0005,3,3980.17,2026-09-02 14:00:00,placed,2026-09-02 18:00:00
OL-000300247,ORD-00100082,CUST-001508,PROD-0348,8,1419.49,2026-09-02 15:00:00,delivered,2026-09-02 19:00:00
OL-000300248,ORD-00100082,CUST-003473,PROD-0452,7,154.06,2026-09-02 16:00:00,delivered,2026-09-02 12:00:00
OL-000300249,ORD-00100083,CUST-000929,PROD-0405,5,4726.11,2026-09-02 17:00:00,placed,2026-09-02 13:00:00
OL-000300250,ORD-00100083,CUST-003401,PROD-0898,6,527.9,2026-09-02 18:00:00,delivered,2026-09-02 14:00:00
OL-000300251,ORD-00100083,CUST-001078,PROD-0271,5,285.4,2026-09-02 19:00:00,delivered,2026-09-02 15:00:00
OL-000300252,ORD-00100084,CUST-000251,PROD-0491,9,1076.38,2026-09-02 08:00:00,delivered,2026-09-02 16:00:00
OL-000300253,ORD-00100084,CUST-000601,PROD-0241,2,1774.78,2026-09-02 09:00:00,placed,2026-09-02 17:00:00
OL-000300254,ORD-00100084,CUST-001730,PROD-0328,9,1711.34,2026-09-02 10:00:00,delivered,2026-09-02 18:00:00
OL-000300255,ORD-00100085,CUST-003661,PROD-0597,4,4444.32,2026-09-02 11:00:00,delivered,2026-09-02 19:00:00
OL-000300256,ORD-00100085,CUST-000693,PROD-0489,8,952.29,2026-09-02 12:00:00,delivered,2026-09-02 12:00:00
OL-000300257,ORD-00100085,CUST-002598,PROD-0445,4,2138.83,2026-09-02 13:00:00,delivered,2026-09-02 13:00:00
OL-000300258,ORD-00100086,CUST-001001,PROD-0513,4,3305.71,2026-09-02 14:00:00,delivered,2026-09-02 14:00:00
OL-000300259,ORD-00100086,CUST-001309,PROD-0459,7,4749.63,2026-09-02 15:00:00,shipped,2026-09-02 15:00:00
OL-000300260,ORD-00100086,CUST-001333,PROD-0577,1,1520.84,2026-09-02 16:00:00,cancelled,2026-09-02 16:00:00
OL-000300261,ORD-00100087,CUST-002739,PROD-0001,4,2615.51,2026-09-02 17:00:00,delivered,2026-09-02 17:00:00
OL-000300262,ORD-00100087,CUST-000476,PROD-0329,3,3246.27,2026-09-02 18:00:00,shipped,2026-09-02 18:00:00
OL-000300263,ORD-00100087,CUST-002097,PROD-0204,6,3017.48,2026-09-02 19:00:00,delivered,2026-09-02 19:00:00
OL-000300264,ORD-00100088,CUST-001832,PROD-0306,5,4105.36,2026-09-02 08:00:00,placed,2026-09-02 12:00:00
OL-000300265,ORD-00100088,CUST-002691,PROD-0643,2,3756.42,2026-09-02 09:00:00,delivered,2026-09-02 13:00:00
OL-000300266,ORD-00100088,CUST-002151,PROD-0463,3,435.96,2026-09-02 10:00:00,delivered,2026-09-02 14:00:00
OL-000300267,ORD-00100089,CUST-003988,PROD-0372,7,1803.65,2026-09-02 11:00:00,delivered,2026-09-02 15:00:00
OL-000300268,ORD-00100089,CUST-001219,PROD-0562,5,3679.6,2026-09-02 12:00:00,delivered,2026-09-02 16:00:00
OL-000300269,ORD-00100089,CUST-003001,PROD-0004,1,1646.04,2026-09-02 13:00:00,delivered,2026-09-02 17:00:00
OL-000300270,ORD-00100090,CUST-002902,PROD-0340,2,1361.88,2026-09-02 14:00:00,shipped,2026-09-02 18:00:00
OL-000300271,ORD-00100090,CUST-000352,PROD-0557,9,3172.17,2026-09-02 15:00:00,delivered,2026-09-02 19:00:00
OL-000300272,ORD-00100090,CUST-001309,PROD-0086,8,3495.15,2026-09-02 16:00:00,delivered,2026-09-02 12:00:00
OL-000300273,ORD-00100091,CUST-002744,PROD-0822,6,617.09,2026-09-02 17:00:00,delivered,2026-09-02 13:00:00
OL-000300274,ORD-00100091,CUST-001685,PROD-0478,1,2143.57,2026-09-02 18:00:00,delivered,2026-09-02 14:00:00
OL-000300275,ORD-00100091,CUST-003549,PROD-0713,8,696.41,2026-09-02 19:00:00,shipped,2026-09-02 15:00:00
OL-000300276,ORD-00100092,CUST-002021,PROD-0162,5,4281.75,2026-09-02 08:00:00,delivered,2026-09-02 16:00:00
OL-000300277,ORD-00100092,CUST-000674,PROD-0769,5,2827.76,2026-09-02 09:00:00,delivered,2026-09-02 17:00:00
OL-000300278,ORD-00100092,CUST-002507,PROD-0766,7,3429.29,2026-09-02 10:00:00,shipped,2026-09-02 18:00:00
OL-000300279,ORD-00100093,CUST-001615,PROD-0545,6,4464.76,2026-09-02 11:00:00,shipped,2026-09-02 19:00:00
OL-000300280,ORD-00100093,CUST-001438,PROD-0228,4,2114.41,2026-09-02 12:00:00,shipped,2026-09-02 12:00:00
OL-000300281,ORD-00100093,CUST-002937,PROD-0584,1,1911.59,2026-09-02 13:00:00,cancelled,2026-09-02 13:00:00
OL-000300282,ORD-00100094,CUST-002852,PROD-0319,9,2168.18,2026-09-02 14:00:00,delivered,2026-09-02 14:00:00
OL-000300283,ORD-00100094,CUST-000618,PROD-0198,1,170.83,2026-09-02 15:00:00,delivered,2026-09-02 15:00:00
OL-000300284,ORD-00100094,CUST-003095,PROD-0833,5,3707.02,2026-09-02 16:00:00,delivered,2026-09-02 16:00:00
OL-000300285,ORD-00100095,CUST-000487,PROD-0157,1,2654.22,2026-09-02 17:00:00,shipped,2026-09-02 17:00:00
OL-000300286,ORD-00100095,CUST-000062,PROD-0507,6,3566.92,2026-09-02 18:00:00,delivered,2026-09-02 18:00:00
OL-000300287,ORD-00100095,CUST-003040,PROD-0542,2,3861.67,2026-09-02 19:00:00,cancelled,2026-09-02 19:00:00
OL-000300288,ORD-00100096,CUST-003773,PROD-0194,2,219.49,2026-09-02 08:00:00,shipped,2026-09-02 12:00:00
OL-000300289,ORD-00100096,CUST-000338,PROD-0856,9,1538.65,2026-09-02 09:00:00,delivered,2026-09-02 13:00:00
OL-000300290,ORD-00100096,CUST-001713,PROD-0873,7,2714.89,2026-09-02 10:00:00,shipped,2026-09-02 14:00:00
OL-000300291,ORD-00100097,CUST-003577,PROD-0338,4,386.9,2026-09-02 11:00:00,placed,2026-09-02 15:00:00
OL-000300292,ORD-00100097,CUST-003228,PROD-0747,9,1885.03,2026-09-02 12:00:00,delivered,2026-09-02 16:00:00
OL-000300293,ORD-00100097,CUST-002146,PROD-0025,4,1440.34,2026-09-02 13:00:00,delivered,2026-09-02 17:00:00
OL-000300294,ORD-00100098,CUST-003795,PROD-0791,4,877.14,2026-09-02 14:00:00,delivered,2026-09-02 18:00:00
OL-000300295,ORD-00100098,CUST-002205,PROD-0298,8,3927.58,2026-09-02 15:00:00,delivered,2026-09-02 19:00:00
OL-000300296,ORD-00100098,CUST-000077,PROD-0586,4,860.09,2026-09-02 16:00:00,delivered,2026-09-02 12:00:00
OL-000300297,ORD-00100099,CUST-003008,PROD-0489,7,1147.16,2026-09-02 17:00:00,delivered,2026-09-02 13:00:00
OL-000300298,ORD-00100099,CUST-003661,PROD-0652,6,3902.43,2026-09-02 18:00:00,delivered,2026-09-02 14:00:00
OL-000300299,ORD-00100099,CUST-003432,PROD-0258,5,2072.68,2026-09-02 19:00:00,delivered,2026-09-02 15:00:00
OL-000300300,ORD-00100100,CUST-002679,PROD-0629,2,4143.22,2026-09-02 08:00:00,delivered,2026-09-02 16:00:00
OL-000300301,ORD-00100100,CUST-002070,PROD-0704,7,3620.69,2026-09-02 09:00:00,delivered,2026-09-02 17:00:00
OL-000300302,ORD-00100100,CUST-000999,PROD-0086,6,4702.29,2026-09-02 10:00:00,placed,2026-09-02 18:00:00
OL-000300303,ORD-00100101,CUST-002741,PROD-0432,5,3415.63,2026-09-02 11:00:00,delivered,2026-09-02 19:00:00
OL-000300304,ORD-00100101,CUST-002734,PROD-0854,5,2909.98,2026-09-02 12:00:00,placed,2026-09-02 12:00:00
OL-000300305,ORD-00100101,CUST-000441,PROD-0503,9,4600.85,2026-09-02 13:00:00,placed,2026-09-02 13:00:00
OL-000300306,ORD-00100102,CUST-000054,PROD-0476,2,3644.64,2026-09-02 14:00:00,placed,2026-09-02 14:00:00
OL-000300307,ORD-00100102,CUST-002055,PROD-0205,4,947.18,2026-09-02 15:00:00,delivered,2026-09-02 15:00:00
OL-000300308,ORD-00100102,CUST-000415,PROD-0291,8,2789.87,2026-09-02 16:00:00,delivered,2026-09-02 16:00:00
OL-000300309,ORD-00100103,CUST-000849,PROD-0746,5,2947.74,2026-09-02 17:00:00,shipped,2026-09-02 17:00:00
OL-000300310,ORD-00100103,CUST-002171,PROD-0120,7,4496.25,2026-09-02 18:00:00,delivered,2026-09-02 18:00:00
OL-000300311,ORD-00100103,CUST-001164,PROD-0046,8,514.77,2026-09-02 19:00:00,delivered,2026-09-02 19:00:00
OL-000300312,ORD-00100104,CUST-000569,PROD-0206,7,4595.75,2026-09-02 08:00:00,placed,2026-09-02 12:00:00
OL-000300313,ORD-00100104,CUST-001835,PROD-0627,6,1449.87,2026-09-02 09:00:00,delivered,2026-09-02 13:00:00
OL-000300314,ORD-00100104,CUST-002859,PROD-0771,5,4148.62,2026-09-02 10:00:00,delivered,2026-09-02 14:00:00
OL-000300315,ORD-00100105,CUST-002828,PROD-0045,1,2721.28,2026-09-02 11:00:00,delivered,2026-09-02 15:00:00
OL-000300316,ORD-00100105,CUST-002019,PROD-0062,8,2564.0,2026-09-02 12:00:00,delivered,2026-09-02 16:00:00
OL-000300317,ORD-00100105,CUST-001933,PROD-0260,8,2922.29,2026-09-02 13:00:00,placed,2026-09-02 17:00:00
OL-000300318,ORD-00100106,CUST-000374,PROD-0583,4,2265.76,2026-09-02 14:00:00,delivered,2026-09-02 18:00:00
OL-000300319,ORD-00100106,CUST-002959,PROD-0007,3,4138.97,2026-09-02 15:00:00,delivered,2026-09-02 19:00:00
OL-000300320,ORD-00100106,CUST-003386,PROD-0853,4,3826.8,2026-09-02 16:00:00,delivered,2026-09-02 12:00:00
OL-000300321,ORD-00100107,CUST-003369,PROD-0006,5,2107.79,2026-09-02 17:00:00,cancelled,2026-09-02 13:00:00
OL-000300322,ORD-00100107,CUST-001801,PROD-0694,4,3419.55,2026-09-02 18:00:00,shipped,2026-09-02 14:00:00
OL-000300323,ORD-00100107,CUST-003171,PROD-0175,7,3239.09,2026-09-02 19:00:00,shipped,2026-09-02 15:00:00
OL-000300324,ORD-00100108,CUST-001630,PROD-0141,3,4717.32,2026-09-02 08:00:00,shipped,2026-09-02 16:00:00
OL-000300325,ORD-00100108,CUST-000092,PROD-0634,4,324.01,2026-09-02 09:00:00,delivered,2026-09-02 17:00:00
OL-000300326,ORD-00100108,CUST-003327,PROD-0050,7,3463.72,2026-09-02 10:00:00,shipped,2026-09-02 18:00:00
OL-000300327,ORD-00100109,CUST-000304,PROD-0117,8,2210.39,2026-09-02 11:00:00,delivered,2026-09-02 19:00:00
OL-000300328,ORD-00100109,CUST-001925,PROD-0083,3,3387.45,2026-09-02 12:00:00,delivered,2026-09-02 12:00:00
OL-000300329,ORD-00100109,CUST-003144,PROD-0275,5,625.23,2026-09-02 13:00:00,shipped,2026-09-02 13:00:00
OL-000300330,ORD-00100110,CUST-002800,PROD-0105,9,1873.11,2026-09-02 14:00:00,placed,2026-09-02 14:00:00
OL-000300331,ORD-00100110,CUST-002704,PROD-0402,8,4010.31,2026-09-02 15:00:00,delivered,2026-09-02 15:00:00
OL-000300332,ORD-00100110,CUST-002812,PROD-0034,2,4079.32,2026-09-02 16:00:00,shipped,2026-09-02 16:00:00
OL-000300333,ORD-00100111,CUST-000999,PROD-0238,9,3560.76,2026-09-02 17:00:00,delivered,2026-09-02 17:00:00
OL-000300334,ORD-00100111,CUST-003611,PROD-0189,1,919.52,2026-09-02 18:00:00,shipped,2026-09-02 18:00:00
OL-000300335,ORD-00100111,CUST-001636,PROD-0722,2,1354.65,2026-09-02 19:00:00,delivered,2026-09-02 19:00:00
OL-000300336,ORD-00100112,CUST-002921,PROD-0124,7,3945.5,2026-09-02 08:00:00,placed,2026-09-02 12:00:00
OL-000300337,ORD-00100112,CUST-002635,PROD-0209,9,283.45,2026-09-02 09:00:00,shipped,2026-09-02 13:00:00
OL-000300338,ORD-00100112,CUST-001211,PROD-0585,6,235.93,2026-09-02 10:00:00,delivered,2026-09-02 14:00:00
OL-000300339,ORD-00100113,CUST-000298,PROD-0475,9,3325.9,2026-09-02 11:00:00,shipped,2026-09-02 15:00:00
OL-000300340,ORD-00100113,CUST-000236,PROD-0542,3,4751.18,2026-09-02 12:00:00,delivered,2026-09-02 16:00:00
OL-000300341,ORD-00100113,CUST-001194,PROD-0685,4,4492.33,2026-09-02 13:00:00,delivered,2026-09-02 17:00:00
OL-000300342,ORD-00100114,CUST-003646,PROD-0638,1,451.28,2026-09-02 14:00:00,shipped,2026-09-02 18:00:00
OL-000300343,ORD-00100114,CUST-002052,PROD-0527,7,3032.49,2026-09-02 15:00:00,delivered,2026-09-02 19:00:00
OL-000300344,ORD-00100114,CUST-000484,PROD-0008,4,3965.16,2026-09-02 16:00:00,delivered,2026-09-02 12:00:00
OL-000300345,ORD-00100115,CUST-000450,PROD-0878,6,3725.31,2026-09-02 17:00:00,delivered,2026-09-02 13:00:00
OL-000300346,ORD-00100115,CUST-002387,PROD-0731,6,2458.83,2026-09-02 18:00:00,shipped,2026-09-02 14:00:00
OL-000300347,ORD-00100115,CUST-002115,PROD-0521,6,3496.96,2026-09-02 19:00:00,delivered,2026-09-02 15:00:00
OL-000300348,ORD-00100116,CUST-000526,PROD-0880,3,1419.35,2026-09-02 08:00:00,delivered,2026-09-02 16:00:00
OL-000300349,ORD-00100116,CUST-003682,PROD-0748,3,609.35,2026-09-02 09:00:00,delivered,2026-09-02 17:00:00
OL-000300350,ORD-00100116,CUST-000068,PROD-0023,7,2267.82,2026-09-02 10:00:00,delivered,2026-09-02 18:00:00
OL-000300351,ORD-00100117,CUST-001310,PROD-0198,6,209.02,2026-09-02 11:00:00,delivered,2026-09-02 19:00:00
OL-000300352,ORD-00100117,CUST-003667,PROD-0188,2,437.81,2026-09-02 12:00:00,delivered,2026-09-02 12:00:00
OL-000300353,ORD-00100117,CUST-001941,PROD-0714,6,4197.33,2026-09-02 13:00:00,shipped,2026-09-02 13:00:00
OL-000300354,ORD-00100118,CUST-003494,PROD-0732,5,1088.14,2026-09-02 14:00:00,delivered,2026-09-02 14:00:00
OL-000300355,ORD-00100118,CUST-002406,PROD-0161,7,4523.63,2026-09-02 15:00:00,delivered,2026-09-02 15:00:00
OL-000300356,ORD-00100118,CUST-001850,PROD-0268,4,2224.69,2026-09-02 16:00:00,delivered,2026-09-02 16:00:00
OL-000300357,ORD-00100119,CUST-002995,PROD-0503,5,844.2,2026-09-02 17:00:00,delivered,2026-09-02 17:00:00
OL-000300358,ORD-00100119,CUST-000600,PROD-0715,1,1309.44,2026-09-02 18:00:00,shipped,2026-09-02 18:00:00
OL-000300359,ORD-00100119,CUST-002973,PROD-0415,3,1858.17,2026-09-02 19:00:00,shipped,2026-09-02 19:00:00
OL-000300360,ORD-00100120,CUST-001066,PROD-0442,8,4561.28,2026-09-02 08:00:00,cancelled,2026-09-02 12:00:00
OL-000300361,ORD-00100120,CUST-000681,PROD-0426,4,445.05,2026-09-02 09:00:00,delivered,2026-09-02 13:00:00
OL-000300362,ORD-00100120,CUST-001400,PROD-0206,8,791.09,2026-09-02 10:00:00,delivered,2026-09-02 14:00:00
OL-000300363,ORD-00100121,CUST-001000,PROD-0468,3,334.7,2026-09-02 11:00:00,delivered,2026-09-02 15:00:00
OL-000300364,ORD-00100121,CUST-001133,PROD-0814,7,3799.47,2026-09-02 12:00:00,delivered,2026-09-02 16:00:00
OL-000300365,ORD-00100121,CUST-003701,PROD-0476,7,1009.08,2026-09-02 13:00:00,cancelled,2026-09-02 17:00:00
OL-000300366,ORD-00100122,CUST-002441,PROD-0579,7,4104.05,2026-09-02 14:00:00,placed,2026-09-02 18:00:00
OL-000300367,ORD-00100122,CUST-000337,PROD-0373,9,1410.58,2026-09-02 15:00:00,delivered,2026-09-02 19:00:00
OL-000300368,ORD-00100122,CUST-003607,PROD-0619,2,1160.76,2026-09-02 16:00:00,shipped,2026-09-02 12:00:00
OL-000300369,ORD-00100123,CUST-002510,PROD-0466,4,2377.8,2026-09-02 17:00:00,delivered,2026-09-02 13:00:00
OL-000300370,ORD-00100123,CUST-002200,PROD-0834,1,669.71,2026-09-02 18:00:00,delivered,2026-09-02 14:00:00
OL-000300371,ORD-00100123,CUST-003801,PROD-0065,9,1486.11,2026-09-02 19:00:00,shipped,2026-09-02 15:00:00
OL-000300372,ORD-00100124,CUST-000990,PROD-0188,6,977.75,2026-09-02 08:00:00,delivered,2026-09-02 16:00:00
OL-000300373,ORD-00100124,CUST-002117,PROD-0357,6,3266.75,2026-09-02 09:00:00,delivered,2026-09-02 17:00:00
OL-000300374,ORD-00100124,CUST-001005,PROD-0258,4,2871.81,2026-09-02 10:00:00,shipped,2026-09-02 18:00:00
OL-000300375,ORD-00100125,CUST-000720,PROD-0384,3,350.86,2026-09-02 11:00:00,delivered,2026-09-02 19:00:00
OL-000300376,ORD-00100125,CUST-001440,PROD-0232,1,2648.33,2026-09-02 12:00:00,delivered,2026-09-02 12:00:00
OL-000300377,ORD-00100125,CUST-001331,PROD-0578,4,2322.32,2026-09-02 13:00:00,cancelled,2026-09-02 13:00:00
OL-000300378,ORD-00100126,CUST-000829,PROD-0768,3,2073.1,2026-09-02 14:00:00,delivered,2026-09-02 14:00:00
OL-000300379,ORD-00100126,CUST-003917,PROD-0607,8,3014.15,2026-09-02 15:00:00,delivered,2026-09-02 15:00:00
OL-000300380,ORD-00100126,CUST-002019,PROD-0097,1,133.83,2026-09-02 16:00:00,delivered,2026-09-02 16:00:00
OL-000300381,ORD-00100127,CUST-002971,PROD-0373,7,3466.29,2026-09-02 17:00:00,shipped,2026-09-02 17:00:00
OL-000300382,ORD-00100127,CUST-001869,PROD-0110,5,3829.94,2026-09-02 18:00:00,delivered,2026-09-02 18:00:00
OL-000300383,ORD-00100127,CUST-001899,PROD-0696,8,2564.31,2026-09-02 19:00:00,placed,2026-09-02 19:00:00
OL-000300384,ORD-00100128,CUST-003869,PROD-0607,5,2705.3,2026-09-02 08:00:00,delivered,2026-09-02 12:00:00
OL-000300385,ORD-00100128,CUST-000476,PROD-0607,2,2309.56,2026-09-02 09:00:00,shipped,2026-09-02 13:00:00
OL-000300386,ORD-00100128,CUST-002681,PROD-0116,2,4723.07,2026-09-02 10:00:00,delivered,2026-09-02 14:00:00
OL-000300387,ORD-00100129,CUST-000578,PROD-0784,2,3338.91,2026-09-02 11:00:00,delivered,2026-09-02 15:00:00
OL-000300388,ORD-00100129,CUST-003077,PROD-0313,5,897.51,2026-09-02 12:00:00,delivered,2026-09-02 16:00:00
OL-000300389,ORD-00100129,CUST-001318,PROD-0737,9,3518.78,2026-09-02 13:00:00,delivered,2026-09-02 17:00:00
OL-000300390,ORD-00100130,CUST-000001,PROD-0585,2,3381.55,2026-09-02 14:00:00,delivered,2026-09-02 18:00:00
OL-000300391,ORD-00100130,CUST-000296,PROD-0591,9,2701.15,2026-09-02 15:00:00,shipped,2026-09-02 19:00:00
OL-000300392,ORD-00100130,CUST-002414,PROD-0484,8,3200.96,2026-09-02 16:00:00,delivered,2026-09-02 12:00:00
OL-000300393,ORD-00100131,CUST-000853,PROD-0666,8,2654.23,2026-09-02 17:00:00,shipped,2026-09-02 13:00:00
OL-000300394,ORD-00100131,CUST-003607,PROD-0379,1,2786.99,2026-09-02 18:00:00,delivered,2026-09-02 14:00:00
OL-000300395,ORD-00100131,CUST-003652,PROD-0150,7,419.37,2026-09-02 19:00:00,placed,2026-09-02 15:00:00
OL-000300396,ORD-00100132,CUST-002934,PROD-0088,5,2526.84,2026-09-02 08:00:00,delivered,2026-09-02 16:00:00
OL-000300397,ORD-00100132,CUST-001393,PROD-0731,4,2824.74,2026-09-02 09:00:00,delivered,2026-09-02 17:00:00
OL-000300398,ORD-00100132,CUST-001306,PROD-0829,6,1496.16,2026-09-02 10:00:00,shipped,2026-09-02 18:00:00
OL-000300399,ORD-00100133,CUST-000505,PROD-0093,6,3192.04,2026-09-02 11:00:00,delivered,2026-09-02 19:00:00
OL-000300400,ORD-00100133,CUST-003985,PROD-0710,9,4049.97,2026-09-02 12:00:00,delivered,2026-09-02 12:00:00
OL-000300401,ORD-00100133,CUST-003384,PROD-0339,2,3030.11,2026-09-02 13:00:00,delivered,2026-09-02 13:00:00
OL-000300402,ORD-00100134,CUST-000159,PROD-0241,9,3144.85,2026-09-02 14:00:00,placed,2026-09-02 14:00:00
OL-000300403,ORD-00100134,CUST-003426,PROD-0761,5,3134.55,2026-09-02 15:00:00,delivered,2026-09-02 15:00:00
OL-000300404,ORD-00100134,CUST-000332,PROD-0789,1,2757.89,2026-09-02 16:00:00,shipped,2026-09-02 16:00:00
OL-000300405,ORD-00100135,CUST-000074,PROD-0423,1,4191.18,2026-09-02 17:00:00,delivered,2026-09-02 17:00:00
OL-000300406,ORD-00100135,CUST-002890,PROD-0609,7,3739.88,2026-09-02 18:00:00,delivered,2026-09-02 18:00:00
OL-000300407,ORD-00100135,CUST-000462,PROD-0011,4,1355.54,2026-09-02 19:00:00,shipped,2026-09-02 19:00:00
OL-000300408,ORD-00100136,CUST-001427,PROD-0787,2,805.22,2026-09-02 08:00:00,delivered,2026-09-02 12:00:00
OL-000300409,ORD-00100136,CUST-001998,PROD-0050,6,4374.25,2026-09-02 09:00:00,delivered,2026-09-02 13:00:00
OL-000300410,ORD-00100136,CUST-000482,PROD-0507,1,4311.83,2026-09-02 10:00:00,delivered,2026-09-02 14:00:00
OL-000300411,ORD-00100137,CUST-002835,PROD-0150,7,1523.49,2026-09-02 11:00:00,shipped,2026-09-02 15:00:00
OL-000300412,ORD-00100137,CUST-001513,PROD-0896,5,1439.35,2026-09-02 12:00:00,delivered,2026-09-02 16:00:00
OL-000300413,ORD-00100137,CUST-000847,PROD-0111,8,305.33,2026-09-02 13:00:00,cancelled,2026-09-02 17:00:00
OL-000300414,ORD-00100138,CUST-000508,PROD-0018,5,1547.57,2026-09-02 14:00:00,placed,2026-09-02 18:00:00
OL-000300415,ORD-00100138,CUST-000979,PROD-0151,2,4405.83,2026-09-02 15:00:00,delivered,2026-09-02 19:00:00
OL-000300416,ORD-00100138,CUST-003361,PROD-0820,8,3257.94,2026-09-02 16:00:00,delivered,2026-09-02 12:00:00
OL-000300417,ORD-00100139,CUST-002358,PROD-0056,8,3510.76,2026-09-02 17:00:00,placed,2026-09-02 13:00:00
OL-000300418,ORD-00100139,CUST-001751,PROD-0020,8,2029.84,2026-09-02 18:00:00,delivered,2026-09-02 14:00:00
OL-000300419,ORD-00100139,CUST-002499,PROD-0410,7,1870.1,2026-09-02 19:00:00,delivered,2026-09-02 15:00:00
OL-000300420,ORD-00100140,CUST-001713,PROD-0838,4,3737.71,2026-09-02 08:00:00,delivered,2026-09-02 16:00:00
OL-000300421,ORD-00100140,CUST-002525,PROD-0884,8,3606.78,2026-09-02 09:00:00,placed,2026-09-02 17:00:00
OL-000300422,ORD-00100140,CUST-003795,PROD-0721,9,1501.98,2026-09-02 10:00:00,delivered,2026-09-02 18:00:00
OL-000300423,ORD-00100141,CUST-003031,PROD-0723,7,1392.49,2026-09-02 11:00:00,delivered,2026-09-02 19:00:00
OL-000300424,ORD-00100141,CUST-001177,PROD-0653,9,3064.43,2026-09-02 12:00:00,delivered,2026-09-02 12:00:00
OL-000300425,ORD-00100141,CUST-002578,PROD-0506,1,4057.6,2026-09-02 13:00:00,delivered,2026-09-02 13:00:00
OL-000300426,ORD-00100142,CUST-000579,PROD-0361,6,4633.86,2026-09-02 14:00:00,shipped,2026-09-02 14:00:00
OL-000300427,ORD-00100142,CUST-001639,PROD-0276,5,520.21,2026-09-02 15:00:00,delivered,2026-09-02 15:00:00
OL-000300428,ORD-00100142,CUST-002206,PROD-0785,6,2828.72,2026-09-02 16:00:00,delivered,2026-09-02 16:00:00
OL-000300429,ORD-00100143,CUST-003966,PROD-0035,8,1687.17,2026-09-02 17:00:00,delivered,2026-09-02 17:00:00
OL-000300430,ORD-00100143,CUST-001344,PROD-0687,3,4474.64,2026-09-02 18:00:00,cancelled,2026-09-02 18:00:00
OL-000300431,ORD-00100143,CUST-001390,PROD-0735,6,4010.61,2026-09-02 19:00:00,delivered,2026-09-02 19:00:00
OL-000300432,ORD-00100144,CUST-001781,PROD-0342,2,245.0,2026-09-02 08:00:00,shipped,2026-09-02 12:00:00
OL-000300433,ORD-00100144,CUST-000350,PROD-0393,5,1971.42,2026-09-02 09:00:00,delivered,2026-09-02 13:00:00
OL-000300434,ORD-00100144,CUST-003020,PROD-0334,4,3962.62,2026-09-02 10:00:00,delivered,2026-09-02 14:00:00
OL-000300435,ORD-00100145,CUST-001064,PROD-0201,8,4073.5,2026-09-02 11:00:00,shipped,2026-09-02 15:00:00
OL-000300436,ORD-00100145,CUST-003846,PROD-0765,6,391.19,2026-09-02 12:00:00,delivered,2026-09-02 16:00:00
OL-000300437,ORD-00100145,CUST-002511,PROD-0618,9,2715.77,2026-09-02 13:00:00,shipped,2026-09-02 17:00:00
OL-000300438,ORD-00100146,CUST-000402,PROD-0325,7,3703.62,2026-09-02 14:00:00,delivered,2026-09-02 18:00:00
OL-000300439,ORD-00100146,CUST-002728,PROD-0004,2,3194.61,2026-09-02 15:00:00,delivered,2026-09-02 19:00:00
OL-000300440,ORD-00100146,CUST-002048,PROD-0007,9,843.36,2026-09-02 16:00:00,delivered,2026-09-02 12:00:00
OL-000300441,ORD-00100147,CUST-000559,PROD-0742,3,3876.16,2026-09-02 17:00:00,delivered,2026-09-02 13:00:00
OL-000300442,ORD-00100147,CUST-002841,PROD-0090,7,4752.58,2026-09-02 18:00:00,shipped,2026-09-02 14:00:00
OL-000300443,ORD-00100147,CUST-002577,PROD-0790,7,2738.62,2026-09-02 19:00:00,delivered,2026-09-02 15:00:00
OL-000300444,ORD-00100148,CUST-003187,PROD-0242,4,1526.36,2026-09-02 08:00:00,delivered,2026-09-02 16:00:00
OL-000300445,ORD-00100148,CUST-003336,PROD-0859,3,348.85,2026-09-02 09:00:00,delivered,2026-09-02 17:00:00
OL-000300446,ORD-00100148,CUST-003194,PROD-0131,2,3000.29,2026-09-02 10:00:00,delivered,2026-09-02 18:00:00
OL-000300447,ORD-00100149,CUST-001825,PROD-0034,5,2791.89,2026-09-02 11:00:00,delivered,2026-09-02 19:00:00
OL-000300448,ORD-00100149,CUST-001619,PROD-0575,1,3992.37,2026-09-02 12:00:00,shipped,2026-09-02 12:00:00
OL-000300449,ORD-00100149,CUST-003262,PROD-0390,9,3318.07,2026-09-02 13:00:00,delivered,2026-09-02 13:00:00
OL-000300450,ORD-00100150,CUST-002707,PROD-0188,1,3148.01,2026-09-02 14:00:00,shipped,2026-09-02 14:00:00
OL-000300451,ORD-00100150,CUST-003443,PROD-0226,7,3682.32,2026-09-02 15:00:00,shipped,2026-09-02 15:00:00
OL-000300452,ORD-00100150,CUST-000372,PROD-0152,9,3420.18,2026-09-02 16:00:00,delivered,2026-09-02 16:00:00
OL-000300453,ORD-00100151,CUST-002683,PROD-0331,2,2061.99,2026-09-02 17:00:00,delivered,2026-09-02 17:00:00
OL-000300454,ORD-00100151,CUST-003620,PROD-0207,9,4430.76,2026-09-02 18:00:00,delivered,2026-09-02 18:00:00
OL-000300455,ORD-00100151,CUST-000742,PROD-0531,2,2558.36,2026-09-02 19:00:00,delivered,2026-09-02 19:00:00
OL-000300456,ORD-00100152,CUST-002205,PROD-0704,8,4174.99,2026-09-02 08:00:00,delivered,2026-09-02 12:00:00
OL-000300457,ORD-00100152,CUST-003515,PROD-0158,3,4754.78,2026-09-02 09:00:00,delivered,2026-09-02 13:00:00
OL-000300458,ORD-00100152,CUST-003209,PROD-0891,2,2724.23,2026-09-02 10:00:00,cancelled,2026-09-02 14:00:00
OL-000300459,ORD-00100153,CUST-001953,PROD-0678,6,3272.36,2026-09-02 11:00:00,shipped,2026-09-02 15:00:00
OL-000300460,ORD-00100153,CUST-002633,PROD-0635,3,2227.91,2026-09-02 12:00:00,delivered,2026-09-02 16:00:00
OL-000300461,ORD-00100153,CUST-000588,PROD-0168,9,2156.75,2026-09-02 13:00:00,shipped,2026-09-02 17:00:00
OL-000300462,ORD-00100154,CUST-002191,PROD-0243,8,4749.94,2026-09-02 14:00:00,delivered,2026-09-02 18:00:00
OL-000300463,ORD-00100154,CUST-000981,PROD-0683,2,508.25,2026-09-02 15:00:00,delivered,2026-09-02 19:00:00
OL-000300464,ORD-00100154,CUST-000817,PROD-0389,5,1760.62,2026-09-02 16:00:00,delivered,2026-09-02 12:00:00
OL-000300465,ORD-00100155,CUST-003464,PROD-0515,5,385.7,2026-09-02 17:00:00,placed,2026-09-02 13:00:00
OL-000300466,ORD-00100155,CUST-000437,PROD-0899,9,2114.38,2026-09-02 18:00:00,shipped,2026-09-02 14:00:00
OL-000300467,ORD-00100155,CUST-002748,PROD-0126,5,611.82,2026-09-02 19:00:00,delivered,2026-09-02 15:00:00
OL-000300468,ORD-00100156,CUST-001213,PROD-0177,8,3730.25,2026-09-02 08:00:00,shipped,2026-09-02 16:00:00
OL-000300469,ORD-00100156,CUST-002573,PROD-0526,2,2703.95,2026-09-02 09:00:00,shipped,2026-09-02 17:00:00
OL-000300470,ORD-00100156,CUST-001930,PROD-0124,9,4652.22,2026-09-02 10:00:00,delivered,2026-09-02 18:00:00
OL-000300471,ORD-00100157,CUST-002409,PROD-0734,4,4341.12,2026-09-02 11:00:00,delivered,2026-09-02 19:00:00
OL-000300472,ORD-00100157,CUST-002036,PROD-0374,7,2170.92,2026-09-02 12:00:00,shipped,2026-09-02 12:00:00
OL-000300473,ORD-00100157,CUST-003101,PROD-0068,3,2182.65,2026-09-02 13:00:00,shipped,2026-09-02 13:00:00
OL-000300474,ORD-00100158,CUST-000262,PROD-0392,1,3220.6,2026-09-02 14:00:00,delivered,2026-09-02 14:00:00
OL-000300475,ORD-00100158,CUST-002310,PROD-0530,8,3985.68,2026-09-02 15:00:00,delivered,2026-09-02 15:00:00
OL-000300476,ORD-00100158,CUST-003355,PROD-0014,5,2671.75,2026-09-02 16:00:00,delivered,2026-09-02 16:00:00
OL-000300477,ORD-00100159,CUST-002999,PROD-0524,8,1484.66,2026-09-02 17:00:00,delivered,2026-09-02 17:00:00
OL-000300478,ORD-00100159,CUST-003080,PROD-0339,3,893.0,2026-09-02 18:00:00,delivered,2026-09-02 18:00:00
OL-000300479,ORD-00100159,CUST-000302,PROD-0096,6,474.59,2026-09-02 19:00:00,delivered,2026-09-02 19:00:00
OL-000300480,ORD-00100160,CUST-003948,PROD-0599,3,3158.94,2026-09-02 08:00:00,shipped,2026-09-02 12:00:00
OL-000300481,ORD-00100160,CUST-001890,PROD-0375,8,4296.4,2026-09-02 09:00:00,shipped,2026-09-02 13:00:00
OL-000300482,ORD-00100160,CUST-002935,PROD-0163,9,2723.21,2026-09-02 10:00:00,delivered,2026-09-02 14:00:00
OL-000300483,ORD-00100161,CUST-002190,PROD-0286,1,3617.5,2026-09-02 11:00:00,delivered,2026-09-02 15:00:00
OL-000300484,ORD-00100161,CUST-000820,PROD-0669,6,2000.35,2026-09-02 12:00:00,shipped,2026-09-02 16:00:00
OL-000300485,ORD-00100161,CUST-003726,PROD-0543,2,3747.17,2026-09-02 13:00:00,delivered,2026-09-02 17:00:00
OL-000300486,ORD-00100162,CUST-002250,PROD-0807,7,2847.43,2026-09-02 14:00:00,delivered,2026-09-02 18:00:00
OL-000300487,ORD-00100162,CUST-002608,PROD-0825,5,127.79,2026-09-02 15:00:00,delivered,2026-09-02 19:00:00
OL-000300488,ORD-00100162,CUST-002821,PROD-0657,7,312.0,2026-09-02 16:00:00,delivered,2026-09-02 12:00:00
OL-000300489,ORD-00100163,CUST-003468,PROD-0119,7,2723.7,2026-09-02 17:00:00,shipped,2026-09-02 13:00:00
OL-000300490,ORD-00100163,CUST-000294,PROD-0413,1,3538.26,2026-09-02 18:00:00,delivered,2026-09-02 14:00:00
OL-000300491,ORD-00100163,CUST-001940,PROD-0206,4,4703.27,2026-09-02 19:00:00,delivered,2026-09-02 15:00:00
OL-000300492,ORD-00100164,CUST-001008,PROD-0739,4,436.43,2026-09-02 08:00:00,delivered,2026-09-02 16:00:00
OL-000300493,ORD-00100164,CUST-000726,PROD-0818,5,3367.7,2026-09-02 09:00:00,delivered,2026-09-02 17:00:00
OL-000300494,ORD-00100164,CUST-002893,PROD-0004,6,3537.29,2026-09-02 10:00:00,delivered,2026-09-02 18:00:00
OL-000300495,ORD-00100165,CUST-001697,PROD-0167,5,4787.95,2026-09-02 11:00:00,shipped,2026-09-02 19:00:00
OL-000300496,ORD-00100165,CUST-000180,PROD-0013,7,2211.58,2026-09-02 12:00:00,delivered,2026-09-02 12:00:00
OL-000300497,ORD-00100165,CUST-001724,PROD-0605,7,3945.37,2026-09-02 13:00:00,delivered,2026-09-02 13:00:00
OL-000300498,ORD-00100166,CUST-000368,PROD-0169,4,1329.81,2026-09-02 14:00:00,shipped,2026-09-02 14:00:00
OL-000300499,ORD-00100166,CUST-001392,PROD-0284,2,4175.05,2026-09-02 15:00:00,shipped,2026-09-02 15:00:00
OL-000300500,ORD-00100166,CUST-000697,PROD-0103,6,2585.52,2026-09-02 16:00:00,placed,2026-09-02 16:00:00
OL-000300501,ORD-00100167,CUST-000930,PROD-0761,4,1716.19,2026-09-02 17:00:00,shipped,2026-09-02 17:00:00
OL-000300502,ORD-00100167,CUST-002992,PROD-0019,3,3945.65,2026-09-02 18:00:00,placed,2026-09-02 18:00:00
OL-000300503,ORD-00100167,CUST-000206,PROD-0742,3,2364.46,2026-09-02 19:00:00,placed,2026-09-02 19:00:00
OL-000300504,ORD-00100168,CUST-002044,PROD-0404,6,3773.42,2026-09-02 08:00:00,delivered,2026-09-02 12:00:00
OL-000300505,ORD-00100168,CUST-001525,PROD-0423,1,405.34,2026-09-02 09:00:00,delivered,2026-09-02 13:00:00
OL-000300506,ORD-00100168,CUST-002264,PROD-0716,4,2272.95,2026-09-02 10:00:00,shipped,2026-09-02 14:00:00
OL-000300507,ORD-00100169,CUST-001651,PROD-0165,2,2655.69,2026-09-02 11:00:00,delivered,2026-09-02 15:00:00
OL-000300508,ORD-00100169,CUST-000196,PROD-0641,6,3829.98,2026-09-02 12:00:00,shipped,2026-09-02 16:00:00
OL-000300509,ORD-00100169,CUST-001015,PROD-0098,5,1531.13,2026-09-02 13:00:00,delivered,2026-09-02 17:00:00
OL-000300510,ORD-00100170,CUST-001780,PROD-0107,8,2488.13,2026-09-02 14:00:00,delivered,2026-09-02 18:00:00
OL-000300511,ORD-00100170,CUST-003318,PROD-0625,1,3400.4,2026-09-02 15:00:00,shipped,2026-09-02 19:00:00
OL-000300512,ORD-00100170,CUST-003245,PROD-0825,5,3889.36,2026-09-02 16:00:00,shipped,2026-09-02 12:00:00
OL-000300513,ORD-00100171,CUST-002556,PROD-0169,2,1357.47,2026-09-02 17:00:00,shipped,2026-09-02 13:00:00
OL-000300514,ORD-00100171,CUST-000549,PROD-0875,7,3347.59,2026-09-02 18:00:00,delivered,2026-09-02 14:00:00
OL-000300515,ORD-00100171,CUST-000524,PROD-0494,1,3331.65,2026-09-02 19:00:00,shipped,2026-09-02 15:00:00
OL-000300516,ORD-00100172,CUST-003901,PROD-0163,7,4612.65,2026-09-02 08:00:00,shipped,2026-09-02 16:00:00
OL-000300517,ORD-00100172,CUST-001738,PROD-0699,7,4530.94,2026-09-02 09:00:00,delivered,2026-09-02 17:00:00
OL-000300518,ORD-00100172,CUST-000378,PROD-0606,5,250.26,2026-09-02 10:00:00,delivered,2026-09-02 18:00:00
OL-000300519,ORD-00100173,CUST-000365,PROD-0034,3,3659.55,2026-09-02 11:00:00,delivered,2026-09-02 19:00:00
OL-000300520,ORD-00100173,CUST-003127,PROD-0695,8,2511.85,2026-09-02 12:00:00,cancelled,2026-09-02 12:00:00
OL-000300521,ORD-00100173,CUST-000253,PROD-0277,3,414.05,2026-09-02 13:00:00,delivered,2026-09-02 13:00:00
OL-000300522,ORD-00100174,CUST-002479,PROD-0775,9,633.52,2026-09-02 14:00:00,shipped,2026-09-02 14:00:00
OL-000300523,ORD-00100174,CUST-000004,PROD-0606,9,3149.3,2026-09-02 15:00:00,delivered,2026-09-02 15:00:00
OL-000300524,ORD-00100174,CUST-000767,PROD-0535,7,602.23,2026-09-02 16:00:00,delivered,2026-09-02 16:00:00
OL-000300525,ORD-00100175,CUST-003233,PROD-0720,3,4486.95,2026-09-02 17:00:00,delivered,2026-09-02 17:00:00
OL-000300526,ORD-00100175,CUST-000774,PROD-0213,2,3218.3,2026-09-02 18:00:00,shipped,2026-09-02 18:00:00
OL-000300527,ORD-00100175,CUST-002590,PROD-0629,4,4129.85,2026-09-02 19:00:00,delivered,2026-09-02 19:00:00
OL-000300528,ORD-00100176,CUST-003943,PROD-0016,4,1596.69,2026-09-02 08:00:00,delivered,2026-09-02 12:00:00
OL-000300529,ORD-00100176,CUST-002348,PROD-0732,5,2217.44,2026-09-02 09:00:00,delivered,2026-09-02 13:00:00
OL-000300530,ORD-00100176,CUST-003306,PROD-0485,8,1914.45,2026-09-02 10:00:00,delivered,2026-09-02 14:00:00
OL-000300531,ORD-00100177,CUST-001764,PROD-0571,4,906.99,2026-09-02 11:00:00,delivered,2026-09-02 15:00:00
OL-000300532,ORD-00100177,CUST-002130,PROD-0767,4,3718.88,2026-09-02 12:00:00,delivered,2026-09-02 16:00:00
OL-000300533,ORD-00100177,CUST-001204,PROD-0543,6,746.62,2026-09-02 13:00:00,placed,2026-09-02 17:00:00
OL-000300534,ORD-00100178,CUST-001516,PROD-0417,5,3069.21,2026-09-02 14:00:00,delivered,2026-09-02 18:00:00
OL-000300535,ORD-00100178,CUST-002765,PROD-0094,9,4257.81,2026-09-02 15:00:00,delivered,2026-09-02 19:00:00
OL-000300536,ORD-00100178,CUST-000951,PROD-0760,6,3674.46,2026-09-02 16:00:00,delivered,2026-09-02 12:00:00
OL-000300537,ORD-00100179,CUST-000981,PROD-0379,5,4429.33,2026-09-02 17:00:00,delivered,2026-09-02 13:00:00
OL-000300538,ORD-00100179,CUST-001952,PROD-0072,9,3341.51,2026-09-02 18:00:00,delivered,2026-09-02 14:00:00
OL-000300539,ORD-00100179,CUST-001828,PROD-0750,5,2063.42,2026-09-02 19:00:00,shipped,2026-09-02 15:00:00
OL-000300540,ORD-00100180,CUST-002657,PROD-0159,9,738.7,2026-09-02 08:00:00,delivered,2026-09-02 16:00:00
OL-000300541,ORD-00100180,CUST-000779,PROD-0054,7,4420.68,2026-09-02 09:00:00,placed,2026-09-02 17:00:00
OL-000300542,ORD-00100180,CUST-001523,PROD-0133,8,3256.1,2026-09-02 10:00:00,delivered,2026-09-02 18:00:00
OL-000300543,ORD-00100181,CUST-001418,PROD-0184,7,3959.65,2026-09-02 11:00:00,shipped,2026-09-02 19:00:00
OL-000300544,ORD-00100181,CUST-002642,PROD-0195,6,1000.76,2026-09-02 12:00:00,placed,2026-09-02 12:00:00
OL-000300545,ORD-00100181,CUST-000365,PROD-0355,6,1361.61,2026-09-02 13:00:00,delivered,2026-09-02 13:00:00
OL-000300546,ORD-00100182,CUST-000192,PROD-0160,1,635.0,2026-09-02 14:00:00,delivered,2026-09-02 14:00:00
OL-000300547,ORD-00100182,CUST-001944,PROD-0141,3,4657.65,2026-09-02 15:00:00,cancelled,2026-09-02 15:00:00
OL-000300548,ORD-00100182,CUST-003201,PROD-0537,4,239.07,2026-09-02 16:00:00,placed,2026-09-02 16:00:00
OL-000300549,ORD-00100183,CUST-003743,PROD-0486,6,4198.8,2026-09-02 17:00:00,shipped,2026-09-02 17:00:00
OL-000300550,ORD-00100183,CUST-000992,PROD-0454,5,4300.9,2026-09-02 18:00:00,shipped,2026-09-02 18:00:00
OL-000300551,ORD-00100183,CUST-003042,PROD-0676,7,4000.27,2026-09-02 19:00:00,delivered,2026-09-02 19:00:00
OL-000300552,ORD-00100184,CUST-003470,PROD-0089,1,4546.69,2026-09-02 08:00:00,delivered,2026-09-02 12:00:00
OL-000300553,ORD-00100184,CUST-000359,PROD-0583,4,210.92,2026-09-02 09:00:00,shipped,2026-09-02 13:00:00
OL-000300554,ORD-00100184,CUST-001405,PROD-0617,3,3533.16,2026-09-02 10:00:00,delivered,2026-09-02 14:00:00
OL-000300555,ORD-00100185,CUST-000082,PROD-0794,1,1852.81,2026-09-02 11:00:00,shipped,2026-09-02 15:00:00
OL-000300556,ORD-00100185,CUST-001871,PROD-0686,4,4622.76,2026-09-02 12:00:00,shipped,2026-09-02 16:00:00
OL-000300557,ORD-00100185,CUST-003331,PROD-0452,6,4427.04,2026-09-02 13:00:00,shipped,2026-09-02 17:00:00
OL-000300558,ORD-00100186,CUST-003372,PROD-0432,2,3530.42,2026-09-02 14:00:00,cancelled,2026-09-02 18:00:00
OL-000300559,ORD-00100186,CUST-002442,PROD-0153,2,4660.78,2026-09-02 15:00:00,delivered,2026-09-02 19:00:00
OL-000300560,ORD-00100186,CUST-002536,PROD-0136,6,2684.86,2026-09-02 16:00:00,delivered,2026-09-02 12:00:00
OL-000300561,ORD-00100187,CUST-003658,PROD-0551,9,1523.13,2026-09-02 17:00:00,delivered,2026-09-02 13:00:00
OL-000300562,ORD-00100187,CUST-003098,PROD-0295,5,1266.52,2026-09-02 18:00:00,placed,2026-09-02 14:00:00
OL-000300563,ORD-00100187,CUST-000118,PROD-0100,8,379.17,2026-09-02 19:00:00,delivered,2026-09-02 15:00:00
OL-000300564,ORD-00100188,CUST-003472,PROD-0546,1,3669.64,2026-09-02 08:00:00,delivered,2026-09-02 16:00:00
OL-000300565,ORD-00100188,CUST-001020,PROD-0751,1,1054.99,2026-09-02 09:00:00,delivered,2026-09-02 17:00:00
OL-000300566,ORD-00100188,CUST-001049,PROD-0568,5,1570.86,2026-09-02 10:00:00,delivered,2026-09-02 18:00:00
OL-000300567,ORD-00100189,CUST-000736,PROD-0002,8,1039.53,2026-09-02 11:00:00,delivered,2026-09-02 19:00:00
OL-000300568,ORD-00100189,CUST-001934,PROD-0131,6,3082.07,2026-09-02 12:00:00,delivered,2026-09-02 12:00:00
OL-000300569,ORD-00100189,CUST-000659,PROD-0880,2,2459.86,2026-09-02 13:00:00,delivered,2026-09-02 13:00:00
OL-000300570,ORD-00100190,CUST-001752,PROD-0555,2,1453.1,2026-09-02 14:00:00,shipped,2026-09-02 14:00:00
OL-000300571,ORD-00100190,CUST-003886,PROD-0656,6,593.78,2026-09-02 15:00:00,delivered,2026-09-02 15:00:00
OL-000300572,ORD-00100190,CUST-002803,PROD-0128,4,1183.2,2026-09-02 16:00:00,placed,2026-09-02 16:00:00
OL-000300573,ORD-00100191,CUST-001289,PROD-0856,2,3009.71,2026-09-02 17:00:00,delivered,2026-09-02 17:00:00
OL-000300574,ORD-00100191,CUST-001575,PROD-0276,2,3194.24,2026-09-02 18:00:00,delivered,2026-09-02 18:00:00
OL-000300575,ORD-00100191,CUST-002244,PROD-0200,7,464.34,2026-09-02 19:00:00,placed,2026-09-02 19:00:00
OL-000300576,ORD-00100192,CUST-003483,PROD-0032,5,4384.65,2026-09-02 08:00:00,shipped,2026-09-02 12:00:00
OL-000300577,ORD-00100192,CUST-000567,PROD-0696,9,1623.68,2026-09-02 09:00:00,shipped,2026-09-02 13:00:00
OL-000300578,ORD-00100192,CUST-002548,PROD-0822,9,3922.55,2026-09-02 10:00:00,shipped,2026-09-02 14:00:00
OL-000300579,ORD-00100193,CUST-003972,PROD-0829,8,3595.09,2026-09-02 11:00:00,delivered,2026-09-02 15:00:00
OL-000300580,ORD-00100193,CUST-001175,PROD-0882,4,798.87,2026-09-02 12:00:00,delivered,2026-09-02 16:00:00
OL-000300581,ORD-00100193,CUST-001855,PROD-0522,7,1710.19,2026-09-02 13:00:00,shipped,2026-09-02 17:00:00
OL-000300582,ORD-00100194,CUST-002239,PROD-0853,2,2527.1,2026-09-02 14:00:00,delivered,2026-09-02 18:00:00
OL-000300583,ORD-00100194,CUST-000443,PROD-0321,7,756.15,2026-09-02 15:00:00,delivered,2026-09-02 19:00:00
OL-000300584,ORD-00100194,CUST-001619,PROD-0506,9,1609.65,2026-09-02 16:00:00,delivered,2026-09-02 12:00:00
OL-000300585,ORD-00100195,CUST-002593,PROD-0318,1,3599.53,2026-09-02 17:00:00,shipped,2026-09-02 13:00:00
OL-000300586,ORD-00100195,CUST-003063,PROD-0151,4,2506.68,2026-09-02 18:00:00,delivered,2026-09-02 14:00:00
OL-000300587,ORD-00100195,CUST-000210,PROD-0305,2,2652.8,2026-09-02 19:00:00,shipped,2026-09-02 15:00:00
OL-000300588,ORD-00100196,CUST-001232,PROD-0454,3,3468.88,2026-09-02 08:00:00,delivered,2026-09-02 16:00:00
OL-000300589,ORD-00100196,CUST-001919,PROD-0272,6,151.57,2026-09-02 09:00:00,delivered,2026-09-02 17:00:00
OL-000300590,ORD-00100196,CUST-001066,PROD-0705,4,2692.16,2026-09-02 10:00:00,shipped,2026-09-02 18:00:00
OL-000300591,ORD-00100197,CUST-000914,PROD-0013,9,3405.88,2026-09-02 11:00:00,delivered,2026-09-02 19:00:00
OL-000300592,ORD-00100197,CUST-003307,PROD-0627,3,4673.82,2026-09-02 12:00:00,placed,2026-09-02 12:00:00
OL-000300593,ORD-00100197,CUST-001014,PROD-0267,2,1973.26,2026-09-02 13:00:00,shipped,2026-09-02 13:00:00
OL-000300594,ORD-00100198,CUST-003851,PROD-0654,1,4168.48,2026-09-02 14:00:00,shipped,2026-09-02 14:00:00
OL-000300595,ORD-00100198,CUST-003282,PROD-0072,5,2533.52,2026-09-02 15:00:00,delivered,2026-09-02 15:00:00
OL-000300596,ORD-00100198,CUST-001846,PROD-0828,1,4527.57,2026-09-02 16:00:00,placed,2026-09-02 16:00:00
OL-000300597,ORD-00100199,CUST-001748,PROD-0375,3,2630.24,2026-09-02 17:00:00,delivered,2026-09-02 17:00:00
OL-000300598,ORD-00100199,CUST-003825,PROD-0023,7,2843.69,2026-09-02 18:00:00,delivered,2026-09-02 18:00:00
OL-000300599,ORD-00100199,CUST-002773,PROD-0141,4,3530.91,2026-09-02 19:00:00,shipped,2026-09-02 19:00:00
OL-000300600,ORD-00100200,CUST-001474,PROD-0618,7,478.89,2026-09-02 08:00:00,delivered,2026-09-02 12:00:00
OL-000300601,ORD-00100200,CUST-001162,PROD-0231,9,1623.5,2026-09-02 09:00:00,delivered,2026-09-02 13:00:00
OL-000300602,ORD-00100200,CUST-000250,PROD-0028,7,3878.8,2026-09-02 10:00:00,delivered,2026-09-02 14:00:00
OL-000300603,ORD-00100201,CUST-002420,PROD-0608,4,313.94,2026-09-02 11:00:00,placed,2026-09-02 15:00:00
OL-000300604,ORD-00100201,CUST-001045,PROD-0517,9,3171.57,2026-09-02 12:00:00,delivered,2026-09-02 16:00:00
OL-000300605,ORD-00100201,CUST-001718,PROD-0100,7,510.42,2026-09-02 13:00:00,delivered,2026-09-02 17:00:00
OL-000300606,ORD-00100202,CUST-002575,PROD-0728,9,1634.98,2026-09-02 14:00:00,delivered,2026-09-02 18:00:00
OL-000300607,ORD-00100202,CUST-000909,PROD-0783,8,4011.42,2026-09-02 15:00:00,delivered,2026-09-02 19:00:00
OL-000300608,ORD-00100202,CUST-002989,PROD-0653,9,1281.18,2026-09-02 16:00:00,delivered,2026-09-02 12:00:00
OL-000300609,ORD-00100203,CUST-001648,PROD-0196,4,276.22,2026-09-02 17:00:00,placed,2026-09-02 13:00:00
OL-000300610,ORD-00100203,CUST-000487,PROD-0098,2,3146.16,2026-09-02 18:00:00,shipped,2026-09-02 14:00:00
OL-000300611,ORD-00100203,CUST-000974,PROD-0117,6,1764.2,2026-09-02 19:00:00,delivered,2026-09-02 15:00:00
OL-000300612,ORD-00100204,CUST-001384,PROD-0889,1,1833.11,2026-09-02 08:00:00,placed,2026-09-02 16:00:00
OL-000300613,ORD-00100204,CUST-001066,PROD-0834,1,1528.65,2026-09-02 09:00:00,delivered,2026-09-02 17:00:00
OL-000300614,ORD-00100204,CUST-002398,PROD-0702,1,2198.31,2026-09-02 10:00:00,delivered,2026-09-02 18:00:00
OL-000300615,ORD-00100205,CUST-000607,PROD-0398,3,4643.82,2026-09-02 11:00:00,delivered,2026-09-02 19:00:00
OL-000300616,ORD-00100205,CUST-003271,PROD-0383,7,1306.39,2026-09-02 12:00:00,shipped,2026-09-02 12:00:00
OL-000300617,ORD-00100205,CUST-000334,PROD-0165,5,2000.49,2026-09-02 13:00:00,delivered,2026-09-02 13:00:00
OL-000300618,ORD-00100206,CUST-003275,PROD-0509,5,2903.36,2026-09-02 14:00:00,delivered,2026-09-02 14:00:00
OL-000300619,ORD-00100206,CUST-003947,PROD-0784,5,1440.42,2026-09-02 15:00:00,delivered,2026-09-02 15:00:00
OL-000300620,ORD-00100206,CUST-002412,PROD-0688,5,979.86,2026-09-02 16:00:00,cancelled,2026-09-02 16:00:00
OL-000300621,ORD-00100207,CUST-002881,PROD-0734,5,1372.43,2026-09-02 17:00:00,delivered,2026-09-02 17:00:00
OL-000300622,ORD-00100207,CUST-001251,PROD-0615,5,2565.88,2026-09-02 18:00:00,placed,2026-09-02 18:00:00
OL-000300623,ORD-00100207,CUST-002722,PROD-0820,8,2920.04,2026-09-02 19:00:00,shipped,2026-09-02 19:00:00
OL-000300624,ORD-00100208,CUST-000783,PROD-0460,4,635.37,2026-09-02 08:00:00,placed,2026-09-02 12:00:00
OL-000300625,ORD-00100208,CUST-002645,PROD-0804,5,663.27,2026-09-02 09:00:00,placed,2026-09-02 13:00:00
OL-000300626,ORD-00100208,CUST-000432,PROD-0672,8,1996.77,2026-09-02 10:00:00,delivered,2026-09-02 14:00:00
OL-000300627,ORD-00100209,CUST-002117,PROD-0861,1,2795.56,2026-09-02 11:00:00,delivered,2026-09-02 15:00:00
OL-000300628,ORD-00100209,CUST-000478,PROD-0695,9,3080.16,2026-09-02 12:00:00,shipped,2026-09-02 16:00:00
OL-000300629,ORD-00100209,CUST-000525,PROD-0629,9,2788.21,2026-09-02 13:00:00,delivered,2026-09-02 17:00:00
OL-000300630,ORD-00100210,CUST-000437,PROD-0009,8,2594.99,2026-09-02 14:00:00,delivered,2026-09-02 18:00:00
OL-000300631,ORD-00100210,CUST-002614,PROD-0195,1,1519.99,2026-09-02 15:00:00,delivered,2026-09-02 19:00:00
OL-000300632,ORD-00100210,CUST-000200,PROD-0210,2,3150.19,2026-09-02 16:00:00,delivered,2026-09-02 12:00:00
OL-000300633,ORD-00100211,CUST-003232,PROD-0718,8,198.87,2026-09-02 17:00:00,delivered,2026-09-02 13:00:00
OL-000300634,ORD-00100211,CUST-002887,PROD-0021,4,3331.14,2026-09-02 18:00:00,delivered,2026-09-02 14:00:00
OL-000300635,ORD-00100211,CUST-001763,PROD-0585,2,2629.36,2026-09-02 19:00:00,delivered,2026-09-02 15:00:00
OL-000300636,ORD-00100212,CUST-002351,PROD-0745,6,1837.34,2026-09-02 08:00:00,delivered,2026-09-02 16:00:00
OL-000300637,ORD-00100212,CUST-000518,PROD-0130,2,2261.78,2026-09-02 09:00:00,delivered,2026-09-02 17:00:00
OL-000300638,ORD-00100212,CUST-000406,PROD-0316,6,2316.37,2026-09-02 10:00:00,shipped,2026-09-02 18:00:00
OL-000300639,ORD-00100213,CUST-003224,PROD-0308,4,3378.44,2026-09-02 11:00:00,delivered,2026-09-02 19:00:00
OL-000300640,ORD-00100213,CUST-000983,PROD-0887,9,2928.61,2026-09-02 12:00:00,shipped,2026-09-02 12:00:00
OL-000300641,ORD-00100213,CUST-003225,PROD-0605,7,2469.35,2026-09-02 13:00:00,delivered,2026-09-02 13:00:00
OL-000300642,ORD-00100214,CUST-003654,PROD-0389,4,896.01,2026-09-02 14:00:00,shipped,2026-09-02 14:00:00
OL-000300643,ORD-00100214,CUST-002811,PROD-0649,8,4048.85,2026-09-02 15:00:00,placed,2026-09-02 15:00:00
OL-000300644,ORD-00100214,CUST-003797,PROD-0717,3,4671.32,2026-09-02 16:00:00,delivered,2026-09-02 16:00:00
OL-000300645,ORD-00100215,CUST-000925,PROD-0067,9,3602.21,2026-09-02 17:00:00,shipped,2026-09-02 17:00:00
OL-000300646,ORD-00100215,CUST-000433,PROD-0741,9,748.35,2026-09-02 18:00:00,placed,2026-09-02 18:00:00
OL-000300647,ORD-00100215,CUST-003250,PROD-0635,8,3190.87,2026-09-02 19:00:00,placed,2026-09-02 19:00:00
OL-000300648,ORD-00100216,CUST-003045,PROD-0107,5,862.34,2026-09-02 08:00:00,delivered,2026-09-02 12:00:00
OL-000300649,ORD-00100216,CUST-002198,PROD-0307,9,1344.23,2026-09-02 09:00:00,delivered,2026-09-02 13:00:00
OL-000300650,ORD-00100216,CUST-002023,PROD-0343,6,2346.1,2026-09-02 10:00:00,shipped,2026-09-02 14:00:00
OL-000300651,ORD-00100217,CUST-002164,PROD-0170,8,4549.56,2026-09-02 11:00:00,delivered,2026-09-02 15:00:00
OL-000300652,ORD-00100217,CUST-003449,PROD-0087,7,2038.7,2026-09-02 12:00:00,delivered,2026-09-02 16:00:00
OL-000300653,ORD-00100217,CUST-002076,PROD-0862,1,4683.42,2026-09-02 13:00:00,delivered,2026-09-02 17:00:00
OL-000300654,ORD-00100218,CUST-003181,PROD-0529,3,148.93,2026-09-02 14:00:00,delivered,2026-09-02 18:00:00
OL-000300655,ORD-00100218,CUST-000637,PROD-0045,1,3972.92,2026-09-02 15:00:00,delivered,2026-09-02 19:00:00
OL-000300656,ORD-00100218,CUST-000736,PROD-0399,4,2828.47,2026-09-02 16:00:00,delivered,2026-09-02 12:00:00
OL-000300657,ORD-00100219,CUST-000341,PROD-0468,2,443.49,2026-09-02 17:00:00,shipped,2026-09-02 13:00:00
OL-000300658,ORD-00100219,CUST-001720,PROD-0798,9,2391.34,2026-09-02 18:00:00,delivered,2026-09-02 14:00:00
OL-000300659,ORD-00100219,CUST-001751,PROD-0205,7,3109.33,2026-09-02 19:00:00,delivered,2026-09-02 15:00:00
OL-000300660,ORD-00100220,CUST-000069,PROD-0004,3,2019.05,2026-09-02 08:00:00,shipped,2026-09-02 16:00:00
OL-000300661,ORD-00100220,CUST-002508,PROD-0344,9,2815.41,2026-09-02 09:00:00,delivered,2026-09-02 17:00:00
OL-000300662,ORD-00100220,CUST-003389,PROD-0893,2,3052.07,2026-09-02 10:00:00,delivered,2026-09-02 18:00:00
OL-000300663,ORD-00100221,CUST-000126,PROD-0096,8,3066.13,2026-09-02 11:00:00,placed,2026-09-02 19:00:00
OL-000300664,ORD-00100221,CUST-000702,PROD-0203,6,1345.37,2026-09-02 12:00:00,delivered,2026-09-02 12:00:00
OL-000300665,ORD-00100221,CUST-002772,PROD-0593,5,1458.76,2026-09-02 13:00:00,delivered,2026-09-02 13:00:00
OL-000300666,ORD-00100222,CUST-000393,PROD-0688,2,2352.55,2026-09-02 14:00:00,delivered,2026-09-02 14:00:00
OL-000300667,ORD-00100222,CUST-000618,PROD-0601,1,4379.31,2026-09-02 15:00:00,delivered,2026-09-02 15:00:00
OL-000300668,ORD-00100222,CUST-001738,PROD-0186,2,1719.27,2026-09-02 16:00:00,delivered,2026-09-02 16:00:00
OL-000300669,ORD-00100223,CUST-000868,PROD-0587,4,612.56,2026-09-02 17:00:00,placed,2026-09-02 17:00:00
OL-000300670,ORD-00100223,CUST-002667,PROD-0376,6,3808.2,2026-09-02 18:00:00,delivered,2026-09-02 18:00:00
OL-000300671,ORD-00100223,CUST-003753,PROD-0510,1,1255.71,2026-09-02 19:00:00,shipped,2026-09-02 19:00:00
OL-000300672,ORD-00100224,CUST-002592,PROD-0532,3,1136.7,2026-09-02 08:00:00,delivered,2026-09-02 12:00:00
OL-000300673,ORD-00100224,CUST-003393,PROD-0087,8,441.23,2026-09-02 09:00:00,delivered,2026-09-02 13:00:00
OL-000300674,ORD-00100224,CUST-003976,PROD-0276,6,2040.91,2026-09-02 10:00:00,delivered,2026-09-02 14:00:00
OL-000300675,ORD-00100225,CUST-003140,PROD-0201,1,2299.66,2026-09-02 11:00:00,delivered,2026-09-02 15:00:00
OL-000300676,ORD-00100225,CUST-000566,PROD-0795,6,4563.39,2026-09-02 12:00:00,delivered,2026-09-02 16:00:00
OL-000300677,ORD-00100225,CUST-003669,PROD-0537,1,3212.02,2026-09-02 13:00:00,shipped,2026-09-02 17:00:00
OL-000300678,ORD-00100226,CUST-003237,PROD-0047,7,3258.73,2026-09-02 14:00:00,placed,2026-09-02 18:00:00
OL-000300679,ORD-00100226,CUST-002406,PROD-0390,5,3789.38,2026-09-02 15:00:00,shipped,2026-09-02 19:00:00
OL-000300680,ORD-00100226,CUST-002574,PROD-0751,3,1170.98,2026-09-02 16:00:00,placed,2026-09-02 12:00:00
OL-000300681,ORD-00100227,CUST-002459,PROD-0759,1,397.67,2026-09-02 17:00:00,shipped,2026-09-02 13:00:00
OL-000300682,ORD-00100227,CUST-001185,PROD-0171,5,613.02,2026-09-02 18:00:00,shipped,2026-09-02 14:00:00
OL-000300683,ORD-00100227,CUST-001638,PROD-0401,4,229.15,2026-09-02 19:00:00,delivered,2026-09-02 15:00:00
OL-000300684,ORD-00100228,CUST-000102,PROD-0581,8,3245.93,2026-09-02 08:00:00,shipped,2026-09-02 16:00:00
OL-000300685,ORD-00100228,CUST-003913,PROD-0444,4,182.9,2026-09-02 09:00:00,delivered,2026-09-02 17:00:00
OL-000300686,ORD-00100228,CUST-000228,PROD-0025,6,4110.59,2026-09-02 10:00:00,shipped,2026-09-02 18:00:00
OL-000300687,ORD-00100229,CUST-002248,PROD-0630,1,2455.73,2026-09-02 11:00:00,delivered,2026-09-02 19:00:00
OL-000300688,ORD-00100229,CUST-003664,PROD-0357,2,3468.09,2026-09-02 12:00:00,shipped,2026-09-02 12:00:00
OL-000300689,ORD-00100229,CUST-001414,PROD-0214,7,3778.37,2026-09-02 13:00:00,delivered,2026-09-02 13:00:00
OL-000300690,ORD-00100230,CUST-003727,PROD-0118,7,996.88,2026-09-02 14:00:00,shipped,2026-09-02 14:00:00
OL-000300691,ORD-00100230,CUST-003125,PROD-0146,1,3435.7,2026-09-02 15:00:00,delivered,2026-09-02 15:00:00
OL-000300692,ORD-00100230,CUST-003041,PROD-0272,5,2737.04,2026-09-02 16:00:00,shipped,2026-09-02 16:00:00
OL-000300693,ORD-00100231,CUST-001430,PROD-0137,4,724.83,2026-09-02 17:00:00,delivered,2026-09-02 17:00:00
OL-000300694,ORD-00100231,CUST-001517,PROD-0581,4,3867.2,2026-09-02 18:00:00,delivered,2026-09-02 18:00:00
OL-000300695,ORD-00100231,CUST-001613,PROD-0600,6,2479.63,2026-09-02 19:00:00,placed,2026-09-02 19:00:00
OL-000300696,ORD-00100232,CUST-001890,PROD-0639,3,2371.07,2026-09-02 08:00:00,placed,2026-09-02 12:00:00
OL-000300697,ORD-00100232,CUST-000019,PROD-0696,3,1780.26,2026-09-02 09:00:00,delivered,2026-09-02 13:00:00
OL-000300698,ORD-00100232,CUST-002457,PROD-0470,1,3854.77,2026-09-02 10:00:00,delivered,2026-09-02 14:00:00
OL-000300699,ORD-00100233,CUST-001486,PROD-0270,5,3219.99,2026-09-02 11:00:00,delivered,2026-09-02 15:00:00
OL-000300700,ORD-00100233,CUST-002378,PROD-0372,7,4087.13,2026-09-02 12:00:00,shipped,2026-09-02 16:00:00
OL-000300701,ORD-00100233,CUST-002219,PROD-0572,2,2666.02,2026-09-02 13:00:00,delivered,2026-09-02 17:00:00
OL-000300702,ORD-00100234,CUST-001204,PROD-0414,1,1992.08,2026-09-02 14:00:00,placed,2026-09-02 18:00:00
OL-000300703,ORD-00100234,CUST-003861,PROD-0325,6,625.61,2026-09-02 15:00:00,delivered,2026-09-02 19:00:00
OL-000300704,ORD-00100234,CUST-003725,PROD-0406,5,544.0,2026-09-02 16:00:00,delivered,2026-09-02 12:00:00
OL-000300705,ORD-00100235,CUST-001453,PROD-0498,4,3969.2,2026-09-02 17:00:00,delivered,2026-09-02 13:00:00
OL-000300706,ORD-00100235,CUST-001958,PROD-0701,4,3592.63,2026-09-02 18:00:00,cancelled,2026-09-02 14:00:00
OL-000300707,ORD-00100235,CUST-000074,PROD-0570,2,1477.1,2026-09-02 19:00:00,delivered,2026-09-02 15:00:00
OL-000300708,ORD-00100236,CUST-002860,PROD-0473,2,2554.53,2026-09-02 08:00:00,delivered,2026-09-02 16:00:00
OL-000300709,ORD-00100236,CUST-002228,PROD-0199,6,2860.71,2026-09-02 09:00:00,delivered,2026-09-02 17:00:00
OL-000300710,ORD-00100236,CUST-003437,PROD-0863,9,3467.74,2026-09-02 10:00:00,delivered,2026-09-02 18:00:00
OL-000300711,ORD-00100237,CUST-002753,PROD-0056,5,3658.92,2026-09-02 11:00:00,delivered,2026-09-02 19:00:00
OL-000300712,ORD-00100237,CUST-003943,PROD-0272,8,916.48,2026-09-02 12:00:00,shipped,2026-09-02 12:00:00
OL-000300713,ORD-00100237,CUST-001858,PROD-0603,1,1307.54,2026-09-02 13:00:00,shipped,2026-09-02 13:00:00
OL-000300714,ORD-00100238,CUST-000032,PROD-0512,9,437.48,2026-09-02 14:00:00,placed,2026-09-02 14:00:00
OL-000300715,ORD-00100238,CUST-002868,PROD-0653,6,4083.66,2026-09-02 15:00:00,delivered,2026-09-02 15:00:00
OL-000300716,ORD-00100238,CUST-003658,PROD-0024,4,296.67,2026-09-02 16:00:00,delivered,2026-09-02 16:00:00
OL-000300717,ORD-00100239,CUST-001983,PROD-0436,9,796.09,2026-09-02 17:00:00,shipped,2026-09-02 17:00:00
OL-000300718,ORD-00100239,CUST-003588,PROD-0285,5,678.47,2026-09-02 18:00:00,shipped,2026-09-02 18:00:00
OL-000300719,ORD-00100239,CUST-000152,PROD-0513,9,564.56,2026-09-02 19:00:00,shipped,2026-09-02 19:00:00
OL-000300720,ORD-00100240,CUST-000201,PROD-0017,6,3638.45,2026-09-02 08:00:00,shipped,2026-09-02 12:00:00
OL-000300721,ORD-00100240,CUST-002209,PROD-0700,9,495.29,2026-09-02 09:00:00,shipped,2026-09-02 13:00:00
OL-000300722,ORD-00100240,CUST-001667,PROD-0346,3,2946.27,2026-09-02 10:00:00,delivered,2026-09-02 14:00:00
OL-000300723,ORD-00100241,CUST-003504,PROD-0104,3,2201.51,2026-09-02 11:00:00,delivered,2026-09-02 15:00:00
OL-000300724,ORD-00100241,CUST-003245,PROD-0862,1,4493.19,2026-09-02 12:00:00,delivered,2026-09-02 16:00:00
OL-000300725,ORD-00100241,CUST-001388,PROD-0543,8,1457.56,2026-09-02 13:00:00,delivered,2026-09-02 17:00:00
OL-000300726,ORD-00100242,CUST-002791,PROD-0879,7,3645.33,2026-09-02 14:00:00,delivered,2026-09-02 18:00:00
OL-000300727,ORD-00100242,CUST-002567,PROD-0544,5,810.34,2026-09-02 15:00:00,cancelled,2026-09-02 19:00:00
OL-000300728,ORD-00100242,CUST-003209,PROD-0535,2,3798.75,2026-09-02 16:00:00,placed,2026-09-02 12:00:00
OL-000300729,ORD-00100243,CUST-000132,PROD-0336,4,4024.06,2026-09-02 17:00:00,delivered,2026-09-02 13:00:00
OL-000300730,ORD-00100243,CUST-000429,PROD-0439,4,4413.88,2026-09-02 18:00:00,delivered,2026-09-02 14:00:00
OL-000300731,ORD-00100243,CUST-003930,PROD-0582,2,1838.24,2026-09-02 19:00:00,placed,2026-09-02 15:00:00
OL-000300732,ORD-00100244,CUST-001152,PROD-0197,6,3351.81,2026-09-02 08:00:00,delivered,2026-09-02 16:00:00
OL-000300733,ORD-00100244,CUST-003861,PROD-0567,2,1772.88,2026-09-02 09:00:00,shipped,2026-09-02 17:00:00
OL-000300734,ORD-00100244,CUST-002806,PROD-0690,2,1148.35,2026-09-02 10:00:00,delivered,2026-09-02 18:00:00
OL-000300735,ORD-00100245,CUST-001319,PROD-0265,4,658.39,2026-09-02 11:00:00,delivered,2026-09-02 19:00:00
OL-000300736,ORD-00100245,CUST-003612,PROD-0472,1,1552.1,2026-09-02 12:00:00,delivered,2026-09-02 12:00:00
OL-000300737,ORD-00100245,CUST-003431,PROD-0609,1,3841.48,2026-09-02 13:00:00,delivered,2026-09-02 13:00:00
OL-000300738,ORD-00100246,CUST-003741,PROD-0598,5,3742.06,2026-09-02 14:00:00,delivered,2026-09-02 14:00:00
OL-000300739,ORD-00100246,CUST-001270,PROD-0853,8,1175.07,2026-09-02 15:00:00,delivered,2026-09-02 15:00:00
OL-000300740,ORD-00100246,CUST-000834,PROD-0014,4,2867.6,2026-09-02 16:00:00,shipped,2026-09-02 16:00:00
OL-000300741,ORD-00100247,CUST-000491,PROD-0188,8,508.4,2026-09-02 17:00:00,delivered,2026-09-02 17:00:00
OL-000300742,ORD-00100247,CUST-000386,PROD-0083,6,2951.78,2026-09-02 18:00:00,delivered,2026-09-02 18:00:00
OL-000300743,ORD-00100247,CUST-001603,PROD-0643,1,2122.81,2026-09-02 19:00:00,delivered,2026-09-02 19:00:00
OL-000300744,ORD-00100248,CUST-003921,PROD-0851,9,4346.55,2026-09-02 08:00:00,shipped,2026-09-02 12:00:00
OL-000300745,ORD-00100248,CUST-002571,PROD-0051,7,1358.08,2026-09-02 09:00:00,delivered,2026-09-02 13:00:00
OL-000300746,ORD-00100248,CUST-001527,PROD-0340,6,1420.41,2026-09-02 10:00:00,delivered,2026-09-02 14:00:00
OL-000300747,ORD-00100249,CUST-001030,PROD-0103,2,641.83,2026-09-02 11:00:00,shipped,2026-09-02 15:00:00
OL-000300748,ORD-00100249,CUST-002189,PROD-0455,9,1205.79,2026-09-02 12:00:00,delivered,2026-09-02 16:00:00
OL-000300749,ORD-00100249,CUST-000323,PROD-0124,4,1890.86,2026-09-02 13:00:00,delivered,2026-09-02 17:00:00
OL-000300750,ORD-00100250,CUST-002369,PROD-0441,1,3171.43,2026-09-02 14:00:00,placed,2026-09-02 18:00:00
OL-000300751,ORD-00100250,CUST-000204,PROD-0713,5,3395.81,2026-09-02 15:00:00,delivered,2026-09-02 19:00:00
OL-000300752,ORD-00100250,CUST-003894,PROD-0367,2,1035.41,2026-09-02 16:00:00,delivered,2026-09-02 12:00:00
OL-000300753,ORD-00100251,CUST-000795,PROD-0435,1,1971.23,2026-09-02 17:00:00,delivered,2026-09-02 13:00:00
OL-000300754,ORD-00100251,CUST-001478,PROD-0620,3,990.74,2026-09-02 18:00:00,shipped,2026-09-02 14:00:00
OL-000300755,ORD-00100251,CUST-003566,PROD-0691,7,3513.93,2026-09-02 19:00:00,delivered,2026-09-02 15:00:00
OL-000300756,ORD-00100252,CUST-002723,PROD-0257,7,2691.37,2026-09-02 08:00:00,delivered,2026-09-02 16:00:00
OL-000300757,ORD-00100252,CUST-001871,PROD-0829,1,3824.02,2026-09-02 09:00:00,delivered,2026-09-02 17:00:00
OL-000300758,ORD-00100252,CUST-001115,PROD-0153,4,2201.65,2026-09-02 10:00:00,delivered,2026-09-02 18:00:00
OL-000300759,ORD-00100253,CUST-001836,PROD-0188,1,3902.92,2026-09-02 11:00:00,delivered,2026-09-02 19:00:00
OL-000300760,ORD-00100253,CUST-000602,PROD-0221,8,2398.22,2026-09-02 12:00:00,delivered,2026-09-02 12:00:00
OL-000300761,ORD-00100253,CUST-003616,PROD-0810,3,936.35,2026-09-02 13:00:00,delivered,2026-09-02 13:00:00
OL-000300762,ORD-00100254,CUST-002484,PROD-0884,5,1814.3,2026-09-02 14:00:00,delivered,2026-09-02 14:00:00
OL-000300763,ORD-00100254,CUST-003708,PROD-0388,6,4136.99,2026-09-02 15:00:00,placed,2026-09-02 15:00:00
OL-000300764,ORD-00100254,CUST-001608,PROD-0792,7,4108.18,2026-09-02 16:00:00,delivered,2026-09-02 16:00:00
OL-000300765,ORD-00100255,CUST-000738,PROD-0510,2,761.9,2026-09-02 17:00:00,delivered,2026-09-02 17:00:00
OL-000300766,ORD-00100255,CUST-002720,PROD-0125,8,982.09,2026-09-02 18:00:00,cancelled,2026-09-02 18:00:00
OL-000300767,ORD-00100255,CUST-000227,PROD-0276,9,2553.56,2026-09-02 19:00:00,delivered,2026-09-02 19:00:00
OL-000300768,ORD-00100256,CUST-003712,PROD-0237,6,4531.95,2026-09-02 08:00:00,delivered,2026-09-02 12:00:00
OL-000300769,ORD-00100256,CUST-000967,PROD-0528,1,2609.68,2026-09-02 09:00:00,shipped,2026-09-02 13:00:00
OL-000300770,ORD-00100256,CUST-000883,PROD-0026,8,166.45,2026-09-02 10:00:00,delivered,2026-09-02 14:00:00
OL-000300771,ORD-00100257,CUST-000021,PROD-0248,8,2949.88,2026-09-02 11:00:00,delivered,2026-09-02 15:00:00
OL-000300772,ORD-00100257,CUST-002622,PROD-0400,6,1084.03,2026-09-02 12:00:00,delivered,2026-09-02 16:00:00
OL-000300773,ORD-00100257,CUST-002855,PROD-0600,3,546.65,2026-09-02 13:00:00,delivered,2026-09-02 17:00:00
OL-000300774,ORD-00100258,CUST-001820,PROD-0509,6,4271.5,2026-09-02 14:00:00,delivered,2026-09-02 18:00:00
OL-000300775,ORD-00100258,CUST-000368,PROD-0122,2,766.69,2026-09-02 15:00:00,delivered,2026-09-02 19:00:00
OL-000300776,ORD-00100258,CUST-001563,PROD-0537,2,1338.37,2026-09-02 16:00:00,delivered,2026-09-02 12:00:00
OL-000300777,ORD-00100259,CUST-002802,PROD-0015,4,3155.19,2026-09-02 17:00:00,delivered,2026-09-02 13:00:00
OL-000300778,ORD-00100259,CUST-002829,PROD-0059,9,3460.73,2026-09-02 18:00:00,delivered,2026-09-02 14:00:00
OL-000300779,ORD-00100259,CUST-003174,PROD-0177,8,1759.14,2026-09-02 19:00:00,delivered,2026-09-02 15:00:00
OL-000300780,ORD-00100260,CUST-003894,PROD-0184,7,518.96,2026-09-02 08:00:00,delivered,2026-09-02 16:00:00
OL-000300781,ORD-00100260,CUST-002273,PROD-0816,2,1728.98,2026-09-02 09:00:00,delivered,2026-09-02 17:00:00
OL-000300782,ORD-00100260,CUST-001817,PROD-0863,6,1524.73,2026-09-02 10:00:00,delivered,2026-09-02 18:00:00
OL-000300783,ORD-00100261,CUST-003792,PROD-0873,8,4306.29,2026-09-02 11:00:00,shipped,2026-09-02 19:00:00
OL-000300784,ORD-00100261,CUST-003627,PROD-0072,9,3796.54,2026-09-02 12:00:00,cancelled,2026-09-02 12:00:00
OL-000300785,ORD-00100261,CUST-001477,PROD-0740,4,3566.8,2026-09-02 13:00:00,delivered,2026-09-02 13:00:00
OL-000300786,ORD-00100262,CUST-001377,PROD-0318,3,4011.99,2026-09-02 14:00:00,delivered,2026-09-02 14:00:00
OL-000300787,ORD-00100262,CUST-000135,PROD-0377,6,3217.97,2026-09-02 15:00:00,placed,2026-09-02 15:00:00
OL-000300788,ORD-00100262,CUST-000747,PROD-0164,1,215.04,2026-09-02 16:00:00,delivered,2026-09-02 16:00:00
OL-000300789,ORD-00100263,CUST-003694,PROD-0419,8,2562.62,2026-09-02 17:00:00,shipped,2026-09-02 17:00:00
OL-000300790,ORD-00100263,CUST-003520,PROD-0170,4,3217.0,2026-09-02 18:00:00,delivered,2026-09-02 18:00:00
OL-000300791,ORD-00100263,CUST-003704,PROD-0303,2,2827.06,2026-09-02 19:00:00,delivered,2026-09-02 19:00:00
OL-000300792,ORD-00100264,CUST-003574,PROD-0812,3,1609.97,2026-09-02 08:00:00,delivered,2026-09-02 12:00:00
OL-000300793,ORD-00100264,CUST-002807,PROD-0679,8,2395.86,2026-09-02 09:00:00,shipped,2026-09-02 13:00:00
OL-000300794,ORD-00100264,CUST-003807,PROD-0683,8,1082.06,2026-09-02 10:00:00,shipped,2026-09-02 14:00:00
OL-000300795,ORD-00100265,CUST-002641,PROD-0867,1,1350.44,2026-09-02 11:00:00,delivered,2026-09-02 15:00:00
OL-000300796,ORD-00100265,CUST-002390,PROD-0865,5,2027.31,2026-09-02 12:00:00,delivered,2026-09-02 16:00:00
OL-000300797,ORD-00100265,CUST-000558,PROD-0875,3,318.3,2026-09-02 13:00:00,delivered,2026-09-02 17:00:00
OL-000300798,ORD-00100266,CUST-003810,PROD-0420,3,4080.69,2026-09-02 14:00:00,placed,2026-09-02 18:00:00
OL-000300799,ORD-00100266,CUST-001219,PROD-0195,7,2256.09,2026-09-02 15:00:00,delivered,2026-09-02 19:00:00
OL-000300800,ORD-00100266,CUST-001815,PROD-0507,2,1487.11,2026-09-02 16:00:00,shipped,2026-09-02 12:00:00
OL-000300801,ORD-00100267,CUST-001940,PROD-0510,5,3091.58,2026-09-02 17:00:00,delivered,2026-09-02 13:00:00
OL-000300802,ORD-00100267,CUST-000028,PROD-0613,5,1839.0,2026-09-02 18:00:00,delivered,2026-09-02 14:00:00
OL-000300803,ORD-00100267,CUST-003645,PROD-0012,4,4562.18,2026-09-02 19:00:00,placed,2026-09-02 15:00:00
OL-000300804,ORD-00100268,CUST-003806,PROD-0524,5,2643.92,2026-09-02 08:00:00,delivered,2026-09-02 16:00:00
OL-000300805,ORD-00100268,CUST-003921,PROD-0123,8,2449.82,2026-09-02 09:00:00,delivered,2026-09-02 17:00:00
OL-000300806,ORD-00100268,CUST-002853,PROD-0294,9,685.24,2026-09-02 10:00:00,shipped,2026-09-02 18:00:00
OL-000300807,ORD-00100269,CUST-000447,PROD-0519,3,4474.1,2026-09-02 11:00:00,delivered,2026-09-02 19:00:00
OL-000300808,ORD-00100269,CUST-002983,PROD-0326,3,2109.06,2026-09-02 12:00:00,delivered,2026-09-02 12:00:00
OL-000300809,ORD-00100269,CUST-003705,PROD-0213,7,1056.81,2026-09-02 13:00:00,delivered,2026-09-02 13:00:00
OL-000300810,ORD-00100270,CUST-003446,PROD-0212,1,4213.5,2026-09-02 14:00:00,placed,2026-09-02 14:00:00
OL-000300811,ORD-00100270,CUST-002759,PROD-0376,4,3336.6,2026-09-02 15:00:00,delivered,2026-09-02 15:00:00
OL-000300812,ORD-00100270,CUST-001460,PROD-0123,8,676.25,2026-09-02 16:00:00,delivered,2026-09-02 16:00:00
OL-000300813,ORD-00100271,CUST-003163,PROD-0703,8,1603.01,2026-09-02 17:00:00,placed,2026-09-02 17:00:00
OL-000300814,ORD-00100271,CUST-001190,PROD-0026,2,1806.7,2026-09-02 18:00:00,delivered,2026-09-02 18:00:00
OL-000300815,ORD-00100271,CUST-000857,PROD-0518,2,2798.84,2026-09-02 19:00:00,cancelled,2026-09-02 19:00:00
OL-000300816,ORD-00100272,CUST-002207,PROD-0590,6,2612.62,2026-09-02 08:00:00,shipped,2026-09-02 12:00:00
OL-000300817,ORD-00100272,CUST-003657,PROD-0426,3,438.68,2026-09-02 09:00:00,placed,2026-09-02 13:00:00
OL-000300818,ORD-00100272,CUST-001978,PROD-0889,8,2734.86,2026-09-02 10:00:00,delivered,2026-09-02 14:00:00
OL-000300819,ORD-00100273,CUST-000926,PROD-0777,1,150.47,2026-09-02 11:00:00,delivered,2026-09-02 15:00:00
OL-000300820,ORD-00100273,CUST-002061,PROD-0790,4,3631.53,2026-09-02 12:00:00,delivered,2026-09-02 16:00:00
OL-000300821,ORD-00100273,CUST-001728,PROD-0469,2,1511.67,2026-09-02 13:00:00,delivered,2026-09-02 17:00:00
OL-000300822,ORD-00100274,CUST-000603,PROD-0697,9,631.3,2026-09-02 14:00:00,shipped,2026-09-02 18:00:00
OL-000300823,ORD-00100274,CUST-002410,PROD-0788,6,3746.66,2026-09-02 15:00:00,cancelled,2026-09-02 19:00:00
OL-000300824,ORD-00100274,CUST-003184,PROD-0343,4,329.23,2026-09-02 16:00:00,delivered,2026-09-02 12:00:00
OL-000300825,ORD-00100275,CUST-001725,PROD-0312,8,1425.35,2026-09-02 17:00:00,delivered,2026-09-02 13:00:00
OL-000300826,ORD-00100275,CUST-002100,PROD-0367,7,800.37,2026-09-02 18:00:00,shipped,2026-09-02 14:00:00
OL-000300827,ORD-00100275,CUST-003596,PROD-0083,3,4712.6,2026-09-02 19:00:00,delivered,2026-09-02 15:00:00
OL-000300828,ORD-00100276,CUST-003395,PROD-0890,2,2867.06,2026-09-02 08:00:00,shipped,2026-09-02 16:00:00
OL-000300829,ORD-00100276,CUST-002756,PROD-0546,9,3915.92,2026-09-02 09:00:00,shipped,2026-09-02 17:00:00
OL-000300830,ORD-00100276,CUST-002215,PROD-0299,4,2480.78,2026-09-02 10:00:00,shipped,2026-09-02 18:00:00
OL-000300831,ORD-00100277,CUST-000208,PROD-0448,2,3679.7,2026-09-02 11:00:00,shipped,2026-09-02 19:00:00
OL-000300832,ORD-00100277,CUST-000843,PROD-0627,5,3861.36,2026-09-02 12:00:00,delivered,2026-09-02 12:00:00
OL-000300833,ORD-00100277,CUST-002786,PROD-0341,2,4341.11,2026-09-02 13:00:00,delivered,2026-09-02 13:00:00
OL-000300834,ORD-00100278,CUST-001871,PROD-0820,9,1307.24,2026-09-02 14:00:00,shipped,2026-09-02 14:00:00
OL-000300835,ORD-00100278,CUST-002392,PROD-0362,5,1760.26,2026-09-02 15:00:00,placed,2026-09-02 15:00:00
OL-000300836,ORD-00100278,CUST-002711,PROD-0358,3,4488.41,2026-09-02 16:00:00,delivered,2026-09-02 16:00:00
OL-000300837,ORD-00100279,CUST-003896,PROD-0315,2,3884.69,2026-09-02 17:00:00,shipped,2026-09-02 17:00:00
OL-000300838,ORD-00100279,CUST-002812,PROD-0119,6,3776.69,2026-09-02 18:00:00,delivered,2026-09-02 18:00:00
OL-000300839,ORD-00100279,CUST-003028,PROD-0039,7,662.35,2026-09-02 19:00:00,placed,2026-09-02 19:00:00
OL-000300840,ORD-00100280,CUST-002357,PROD-0740,8,2945.7,2026-09-02 08:00:00,placed,2026-09-02 12:00:00
OL-000300841,ORD-00100280,CUST-001408,PROD-0708,9,2060.34,2026-09-02 09:00:00,delivered,2026-09-02 13:00:00
OL-000300842,ORD-00100280,CUST-003719,PROD-0876,8,3030.13,2026-09-02 10:00:00,placed,2026-09-02 14:00:00
OL-000300843,ORD-00100281,CUST-000685,PROD-0087,2,1627.49,2026-09-02 11:00:00,shipped,2026-09-02 15:00:00
OL-000300844,ORD-00100281,CUST-002360,PROD-0101,2,1231.87,2026-09-02 12:00:00,delivered,2026-09-02 16:00:00
OL-000300845,ORD-00100281,CUST-001017,PROD-0717,9,2636.83,2026-09-02 13:00:00,delivered,2026-09-02 17:00:00
OL-000300846,ORD-00100282,CUST-002150,PROD-0634,7,2646.05,2026-09-02 14:00:00,delivered,2026-09-02 18:00:00
OL-000300847,ORD-00100282,CUST-002302,PROD-0317,5,3137.89,2026-09-02 15:00:00,delivered,2026-09-02 19:00:00
OL-000300848,ORD-00100282,CUST-003550,PROD-0878,5,546.29,2026-09-02 16:00:00,cancelled,2026-09-02 12:00:00
OL-000300849,ORD-00100283,CUST-000093,PROD-0199,5,3330.62,2026-09-02 17:00:00,delivered,2026-09-02 13:00:00
OL-000300850,ORD-00100283,CUST-002297,PROD-0544,9,1644.36,2026-09-02 18:00:00,delivered,2026-09-02 14:00:00
OL-000300851,ORD-00100283,CUST-001393,PROD-0192,6,658.36,2026-09-02 19:00:00,delivered,2026-09-02 15:00:00
OL-000300852,ORD-00100284,CUST-002964,PROD-0367,5,1294.5,2026-09-02 08:00:00,delivered,2026-09-02 16:00:00
OL-000300853,ORD-00100284,CUST-002079,PROD-0212,3,3939.38,2026-09-02 09:00:00,delivered,2026-09-02 17:00:00
OL-000300854,ORD-00100284,CUST-001654,PROD-0544,1,3132.06,2026-09-02 10:00:00,shipped,2026-09-02 18:00:00
OL-000300855,ORD-00100285,CUST-001035,PROD-0279,9,3573.17,2026-09-02 11:00:00,shipped,2026-09-02 19:00:00
OL-000300856,ORD-00100285,CUST-002835,PROD-0077,8,1191.25,2026-09-02 12:00:00,delivered,2026-09-02 12:00:00
OL-000300857,ORD-00100285,CUST-001035,PROD-0200,1,3434.21,2026-09-02 13:00:00,shipped,2026-09-02 13:00:00
OL-000300858,ORD-00100286,CUST-000368,PROD-0067,3,1532.77,2026-09-02 14:00:00,delivered,2026-09-02 14:00:00
OL-000300859,ORD-00100286,CUST-002219,PROD-0021,5,872.0,2026-09-02 15:00:00,delivered,2026-09-02 15:00:00
OL-000300860,ORD-00100286,CUST-003705,PROD-0763,2,4591.25,2026-09-02 16:00:00,delivered,2026-09-02 16:00:00
OL-000300861,ORD-00100287,CUST-002448,PROD-0752,3,3906.24,2026-09-02 17:00:00,shipped,2026-09-02 17:00:00
OL-000300862,ORD-00100287,CUST-003193,PROD-0574,2,2738.27,2026-09-02 18:00:00,delivered,2026-09-02 18:00:00
OL-000300863,ORD-00100287,CUST-002454,PROD-0534,8,2997.52,2026-09-02 19:00:00,delivered,2026-09-02 19:00:00
OL-000300864,ORD-00100288,CUST-001518,PROD-0066,1,1501.25,2026-09-02 08:00:00,shipped,2026-09-02 12:00:00
OL-000300865,ORD-00100288,CUST-002985,PROD-0864,9,2099.28,2026-09-02 09:00:00,delivered,2026-09-02 13:00:00
OL-000300866,ORD-00100288,CUST-002761,PROD-0810,8,3309.25,2026-09-02 10:00:00,delivered,2026-09-02 14:00:00
OL-000300867,ORD-00100289,CUST-002785,PROD-0160,1,1296.57,2026-09-02 11:00:00,delivered,2026-09-02 15:00:00
OL-000300868,ORD-00100289,CUST-002309,PROD-0032,8,1635.68,2026-09-02 12:00:00,delivered,2026-09-02 16:00:00
OL-000300869,ORD-00100289,CUST-002367,PROD-0460,5,2611.18,2026-09-02 13:00:00,delivered,2026-09-02 17:00:00
OL-000300870,ORD-00100290,CUST-000747,PROD-0666,3,1521.14,2026-09-02 14:00:00,delivered,2026-09-02 18:00:00
OL-000300871,ORD-00100290,CUST-002424,PROD-0182,1,3199.92,2026-09-02 15:00:00,shipped,2026-09-02 19:00:00
OL-000300872,ORD-00100290,CUST-002946,PROD-0124,3,3688.92,2026-09-02 16:00:00,placed,2026-09-02 12:00:00
OL-000300873,ORD-00100291,CUST-000691,PROD-0270,3,4466.9,2026-09-02 17:00:00,delivered,2026-09-02 13:00:00
OL-000300874,ORD-00100291,CUST-001246,PROD-0599,7,921.02,2026-09-02 18:00:00,delivered,2026-09-02 14:00:00
OL-000300875,ORD-00100291,CUST-002099,PROD-0623,3,829.18,2026-09-02 19:00:00,delivered,2026-09-02 15:00:00
OL-000300876,ORD-00100292,CUST-002807,PROD-0060,7,1181.21,2026-09-02 08:00:00,placed,2026-09-02 16:00:00
OL-000300877,ORD-00100292,CUST-000847,PROD-0610,8,1021.77,2026-09-02 09:00:00,delivered,2026-09-02 17:00:00
OL-000300878,ORD-00100292,CUST-001473,PROD-0773,7,2094.07,2026-09-02 10:00:00,delivered,2026-09-02 18:00:00
OL-000300879,ORD-00100293,CUST-001296,PROD-0467,1,3522.72,2026-09-02 11:00:00,placed,2026-09-02 19:00:00
OL-000300880,ORD-00100293,CUST-002106,PROD-0340,9,4738.73,2026-09-02 12:00:00,shipped,2026-09-02 12:00:00
OL-000300881,ORD-00100293,CUST-003470,PROD-0190,8,301.51,2026-09-02 13:00:00,delivered,2026-09-02 13:00:00
OL-000300882,ORD-00100294,CUST-001191,PROD-0867,3,2819.87,2026-09-02 14:00:00,delivered,2026-09-02 14:00:00
OL-000300883,ORD-00100294,CUST-003015,PROD-0793,4,1268.22,2026-09-02 15:00:00,cancelled,2026-09-02 15:00:00
OL-000300884,ORD-00100294,CUST-002207,PROD-0260,7,1725.76,2026-09-02 16:00:00,delivered,2026-09-02 16:00:00
OL-000300885,ORD-00100295,CUST-003164,PROD-0761,7,3022.13,2026-09-02 17:00:00,shipped,2026-09-02 17:00:00
OL-000300886,ORD-00100295,CUST-001415,PROD-0791,2,1052.62,2026-09-02 18:00:00,delivered,2026-09-02 18:00:00
OL-000300887,ORD-00100295,CUST-003744,PROD-0172,2,3874.09,2026-09-02 19:00:00,delivered,2026-09-02 19:00:00
OL-000300888,ORD-00100296,CUST-003353,PROD-0815,1,1774.87,2026-09-02 08:00:00,delivered,2026-09-02 12:00:00
OL-000300889,ORD-00100296,CUST-003122,PROD-0087,7,3210.1,2026-09-02 09:00:00,delivered,2026-09-02 13:00:00
OL-000300890,ORD-00100296,CUST-001012,PROD-0321,2,3249.51,2026-09-02 10:00:00,delivered,2026-09-02 14:00:00
OL-000300891,ORD-00100297,CUST-003413,PROD-0454,6,3540.17,2026-09-02 11:00:00,shipped,2026-09-02 15:00:00
OL-000300892,ORD-00100297,CUST-003822,PROD-0779,3,2925.61,2026-09-02 12:00:00,shipped,2026-09-02 16:00:00
OL-000300893,ORD-00100297,CUST-000616,PROD-0633,5,2447.38,2026-09-02 13:00:00,delivered,2026-09-02 17:00:00
OL-000300894,ORD-00100298,CUST-001666,PROD-0811,3,3529.55,2026-09-02 14:00:00,cancelled,2026-09-02 18:00:00
OL-000300895,ORD-00100298,CUST-003807,PROD-0241,9,2604.65,2026-09-02 15:00:00,delivered,2026-09-02 19:00:00
OL-000300896,ORD-00100298,CUST-001158,PROD-0081,9,502.99,2026-09-02 16:00:00,delivered,2026-09-02 12:00:00
OL-000300897,ORD-00100299,CUST-000652,PROD-0536,7,121.51,2026-09-02 17:00:00,delivered,2026-09-02 13:00:00
OL-000300898,ORD-00100299,CUST-000587,PROD-0698,5,2056.97,2026-09-02 18:00:00,shipped,2026-09-02 14:00:00
OL-000300899,ORD-00100299,CUST-000354,PROD-0438,2,3953.95,2026-09-02 19:00:00,delivered,2026-09-02 15:00:00
OL-000300900,ORD-00100300,CUST-002508,PROD-0286,8,3517.71,2026-09-02 08:00:00,delivered,2026-09-02 16:00:00
OL-000300901,ORD-00100300,CUST-002150,PROD-0393,2,1035.26,2026-09-02 09:00:00,delivered,2026-09-02 17:00:00
OL-000300902,ORD-00100300,CUST-001085,PROD-0578,2,1539.14,2026-09-02 10:00:00,delivered,2026-09-02 18:00:00
OL-000300903,ORD-00100301,CUST-000443,PROD-0554,6,4652.23,2026-09-02 11:00:00,placed,2026-09-02 19:00:00
OL-000300904,ORD-00100301,CUST-002380,PROD-0261,9,4440.62,2026-09-02 12:00:00,shipped,2026-09-02 12:00:00
OL-000300905,ORD-00100301,CUST-001634,PROD-0498,9,1422.9,2026-09-02 13:00:00,shipped,2026-09-02 13:00:00
OL-000300906,ORD-00100302,CUST-002296,PROD-0451,5,1292.41,2026-09-02 14:00:00,shipped,2026-09-02 14:00:00
OL-000300907,ORD-00100302,CUST-003433,PROD-0657,7,2799.26,2026-09-02 15:00:00,delivered,2026-09-02 15:00:00
OL-000300908,ORD-00100302,CUST-000410,PROD-0074,8,1919.45,2026-09-02 16:00:00,shipped,2026-09-02 16:00:00
OL-000300909,ORD-00100303,CUST-002311,PROD-0254,6,465.06,2026-09-02 17:00:00,shipped,2026-09-02 17:00:00
OL-000300910,ORD-00100303,CUST-003976,PROD-0182,8,215.01,2026-09-02 18:00:00,delivered,2026-09-02 18:00:00
OL-000300911,ORD-00100303,CUST-002887,PROD-0489,6,1906.67,2026-09-02 19:00:00,delivered,2026-09-02 19:00:00
OL-000300912,ORD-00100304,CUST-003722,PROD-0241,3,949.55,2026-09-02 08:00:00,delivered,2026-09-02 12:00:00
OL-000300913,ORD-00100304,CUST-003772,PROD-0064,7,3600.64,2026-09-02 09:00:00,delivered,2026-09-02 13:00:00
OL-000300914,ORD-00100304,CUST-001990,PROD-0326,1,279.7,2026-09-02 10:00:00,delivered,2026-09-02 14:00:00
OL-000300915,ORD-00100305,CUST-002893,PROD-0653,4,2988.24,2026-09-02 11:00:00,placed,2026-09-02 15:00:00
OL-000300916,ORD-00100305,CUST-003323,PROD-0218,8,936.76,2026-09-02 12:00:00,placed,2026-09-02 16:00:00
OL-000300917,ORD-00100305,CUST-001209,PROD-0682,6,4255.4,2026-09-02 13:00:00,delivered,2026-09-02 17:00:00
OL-000300918,ORD-00100306,CUST-002936,PROD-0611,5,1434.12,2026-09-02 14:00:00,cancelled,2026-09-02 18:00:00
OL-000300919,ORD-00100306,CUST-001976,PROD-0743,9,216.84,2026-09-02 15:00:00,delivered,2026-09-02 19:00:00
OL-000300920,ORD-00100306,CUST-003212,PROD-0679,5,2519.18,2026-09-02 16:00:00,delivered,2026-09-02 12:00:00
OL-000300921,ORD-00100307,CUST-002762,PROD-0008,9,666.2,2026-09-02 17:00:00,shipped,2026-09-02 13:00:00
OL-000300922,ORD-00100307,CUST-003688,PROD-0420,1,2884.06,2026-09-02 18:00:00,delivered,2026-09-02 14:00:00
OL-000300923,ORD-00100307,CUST-002342,PROD-0617,5,643.91,2026-09-02 19:00:00,shipped,2026-09-02 15:00:00
OL-000300924,ORD-00100308,CUST-000364,PROD-0232,8,3776.97,2026-09-02 08:00:00,delivered,2026-09-02 16:00:00
OL-000300925,ORD-00100308,CUST-001252,PROD-0649,9,1855.57,2026-09-02 09:00:00,shipped,2026-09-02 17:00:00
OL-000300926,ORD-00100308,CUST-002968,PROD-0016,3,1022.59,2026-09-02 10:00:00,delivered,2026-09-02 18:00:00
OL-000300927,ORD-00100309,CUST-002024,PROD-0885,2,2838.92,2026-09-02 11:00:00,delivered,2026-09-02 19:00:00
OL-000300928,ORD-00100309,CUST-003870,PROD-0411,9,200.44,2026-09-02 12:00:00,shipped,2026-09-02 12:00:00
OL-000300929,ORD-00100309,CUST-001139,PROD-0226,5,3640.98,2026-09-02 13:00:00,placed,2026-09-02 13:00:00
OL-000300930,ORD-00100310,CUST-001685,PROD-0642,9,1519.29,2026-09-02 14:00:00,placed,2026-09-02 14:00:00
OL-000300931,ORD-00100310,CUST-002842,PROD-0512,4,3591.8,2026-09-02 15:00:00,shipped,2026-09-02 15:00:00
OL-000300932,ORD-00100310,CUST-002679,PROD-0829,9,336.76,2026-09-02 16:00:00,delivered,2026-09-02 16:00:00
OL-000300933,ORD-00100311,CUST-003885,PROD-0653,1,120.01,2026-09-02 17:00:00,delivered,2026-09-02 17:00:00
OL-000300934,ORD-00100311,CUST-002521,PROD-0104,3,4734.64,2026-09-02 18:00:00,delivered,2026-09-02 18:00:00
OL-000300935,ORD-00100311,CUST-002334,PROD-0635,1,3918.06,2026-09-02 19:00:00,delivered,2026-09-02 19:00:00
OL-000300936,ORD-00100312,CUST-002517,PROD-0320,4,2349.71,2026-09-02 08:00:00,delivered,2026-09-02 12:00:00
OL-000300937,ORD-00100312,CUST-003243,PROD-0176,4,302.41,2026-09-02 09:00:00,cancelled,2026-09-02 13:00:00
OL-000300938,ORD-00100312,CUST-003295,PROD-0718,5,3666.16,2026-09-02 10:00:00,delivered,2026-09-02 14:00:00
OL-000300939,ORD-00100313,CUST-002120,PROD-0872,2,4630.37,2026-09-02 11:00:00,delivered,2026-09-02 15:00:00
OL-000300940,ORD-00100313,CUST-000958,PROD-0351,1,4508.01,2026-09-02 12:00:00,shipped,2026-09-02 16:00:00
OL-000300941,ORD-00100313,CUST-001144,PROD-0139,4,4246.01,2026-09-02 13:00:00,shipped,2026-09-02 17:00:00
OL-000300942,ORD-00100314,CUST-002867,PROD-0307,4,3012.17,2026-09-02 14:00:00,delivered,2026-09-02 18:00:00
OL-000300943,ORD-00100314,CUST-003225,PROD-0036,5,1158.45,2026-09-02 15:00:00,shipped,2026-09-02 19:00:00
OL-000300944,ORD-00100314,CUST-000882,PROD-0176,8,3571.29,2026-09-02 16:00:00,delivered,2026-09-02 12:00:00
OL-000300945,ORD-00100315,CUST-000066,PROD-0125,2,1777.81,2026-09-02 17:00:00,delivered,2026-09-02 13:00:00
OL-000300946,ORD-00100315,CUST-001810,PROD-0822,7,2736.7,2026-09-02 18:00:00,shipped,2026-09-02 14:00:00
OL-000300947,ORD-00100315,CUST-000256,PROD-0788,4,1249.79,2026-09-02 19:00:00,delivered,2026-09-02 15:00:00
OL-000300948,ORD-00100316,CUST-001662,PROD-0577,7,591.69,2026-09-02 08:00:00,delivered,2026-09-02 16:00:00
OL-000300949,ORD-00100316,CUST-003198,PROD-0342,5,4385.53,2026-09-02 09:00:00,delivered,2026-09-02 17:00:00
OL-000300950,ORD-00100316,CUST-002950,PROD-0041,8,2255.47,2026-09-02 10:00:00,delivered,2026-09-02 18:00:00
OL-000300951,ORD-00100317,CUST-001662,PROD-0876,1,1710.07,2026-09-02 11:00:00,delivered,2026-09-02 19:00:00
OL-000300952,ORD-00100317,CUST-002082,PROD-0600,9,3105.55,2026-09-02 12:00:00,delivered,2026-09-02 12:00:00
OL-000300953,ORD-00100317,CUST-003156,PROD-0886,6,3633.17,2026-09-02 13:00:00,shipped,2026-09-02 13:00:00
OL-000300954,ORD-00100318,CUST-003038,PROD-0735,4,386.12,2026-09-02 14:00:00,delivered,2026-09-02 14:00:00
OL-000300955,ORD-00100318,CUST-002628,PROD-0119,8,3274.37,2026-09-02 15:00:00,cancelled,2026-09-02 15:00:00
OL-000300956,ORD-00100318,CUST-001799,PROD-0830,4,3735.99,2026-09-02 16:00:00,delivered,2026-09-02 16:00:00
OL-000300957,ORD-00100319,CUST-000819,PROD-0102,7,3686.84,2026-09-02 17:00:00,delivered,2026-09-02 17:00:00
OL-000300958,ORD-00100319,CUST-000085,PROD-0742,5,924.52,2026-09-02 18:00:00,delivered,2026-09-02 18:00:00
OL-000300959,ORD-00100319,CUST-003805,PROD-0758,2,3222.52,2026-09-02 19:00:00,delivered,2026-09-02 19:00:00
OL-000300960,ORD-00100320,CUST-003415,PROD-0253,1,3805.03,2026-09-02 08:00:00,delivered,2026-09-02 12:00:00
OL-000300961,ORD-00100320,CUST-003700,PROD-0180,1,4722.4,2026-09-02 09:00:00,delivered,2026-09-02 13:00:00
OL-000300962,ORD-00100320,CUST-001908,PROD-0393,2,2677.7,2026-09-02 10:00:00,shipped,2026-09-02 14:00:00
OL-000300963,ORD-00100321,CUST-001017,PROD-0188,3,132.65,2026-09-02 11:00:00,placed,2026-09-02 15:00:00
OL-000300964,ORD-00100321,CUST-002442,PROD-0394,2,1424.27,2026-09-02 12:00:00,delivered,2026-09-02 16:00:00
OL-000300965,ORD-00100321,CUST-001484,PROD-0588,9,241.63,2026-09-02 13:00:00,delivered,2026-09-02 17:00:00
OL-000300966,ORD-00100322,CUST-002262,PROD-0327,3,4683.11,2026-09-02 14:00:00,delivered,2026-09-02 18:00:00
OL-000300967,ORD-00100322,CUST-003692,PROD-0480,3,4749.16,2026-09-02 15:00:00,delivered,2026-09-02 19:00:00
OL-000300968,ORD-00100322,CUST-000858,PROD-0696,6,1835.17,2026-09-02 16:00:00,delivered,2026-09-02 12:00:00
OL-000300969,ORD-00100323,CUST-000411,PROD-0648,4,2928.06,2026-09-02 17:00:00,delivered,2026-09-02 13:00:00
OL-000300970,ORD-00100323,CUST-003958,PROD-0568,6,182.38,2026-09-02 18:00:00,delivered,2026-09-02 14:00:00
OL-000300971,ORD-00100323,CUST-003149,PROD-0588,1,499.83,2026-09-02 19:00:00,delivered,2026-09-02 15:00:00
OL-000300972,ORD-00100324,CUST-003154,PROD-0702,6,1540.55,2026-09-02 08:00:00,delivered,2026-09-02 16:00:00
OL-000300973,ORD-00100324,CUST-003793,PROD-0001,9,996.18,2026-09-02 09:00:00,delivered,2026-09-02 17:00:00
OL-000300974,ORD-00100324,CUST-003766,PROD-0400,7,3758.17,2026-09-02 10:00:00,shipped,2026-09-02 18:00:00
OL-000300975,ORD-00100325,CUST-001496,PROD-0619,3,3528.05,2026-09-02 11:00:00,delivered,2026-09-02 19:00:00
OL-000300976,ORD-00100325,CUST-000599,PROD-0226,4,3225.68,2026-09-02 12:00:00,shipped,2026-09-02 12:00:00
OL-000300977,ORD-00100325,CUST-001876,PROD-0050,5,959.46,2026-09-02 13:00:00,shipped,2026-09-02 13:00:00
OL-000300978,ORD-00100326,CUST-001038,PROD-0506,3,1966.41,2026-09-02 14:00:00,delivered,2026-09-02 14:00:00
OL-000300979,ORD-00100326,CUST-000149,PROD-0634,4,3709.82,2026-09-02 15:00:00,delivered,2026-09-02 15:00:00
OL-000300980,ORD-00100326,CUST-003535,PROD-0107,4,671.22,2026-09-02 16:00:00,delivered,2026-09-02 16:00:00
OL-000300981,ORD-00100327,CUST-000651,PROD-0342,3,2240.46,2026-09-02 17:00:00,delivered,2026-09-02 17:00:00
OL-000300982,ORD-00100327,CUST-003188,PROD-0121,4,1684.41,2026-09-02 18:00:00,delivered,2026-09-02 18:00:00
OL-000300983,ORD-00100327,CUST-000146,PROD-0172,9,1280.45,2026-09-02 19:00:00,delivered,2026-09-02 19:00:00
OL-000300984,ORD-00100328,CUST-001036,PROD-0011,9,2425.38,2026-09-02 08:00:00,delivered,2026-09-02 12:00:00
OL-000300985,ORD-00100328,CUST-000334,PROD-0169,4,2243.42,2026-09-02 09:00:00,delivered,2026-09-02 13:00:00
OL-000300986,ORD-00100328,CUST-002266,PROD-0588,7,1704.44,2026-09-02 10:00:00,delivered,2026-09-02 14:00:00
OL-000300987,ORD-00100329,CUST-001742,PROD-0338,1,4078.73,2026-09-02 11:00:00,placed,2026-09-02 15:00:00
OL-000300988,ORD-00100329,CUST-003217,PROD-0161,4,3558.67,2026-09-02 12:00:00,shipped,2026-09-02 16:00:00
OL-000300989,ORD-00100329,CUST-000348,PROD-0524,8,3270.66,2026-09-02 13:00:00,delivered,2026-09-02 17:00:00
OL-000300990,ORD-00100330,CUST-000888,PROD-0580,4,2064.75,2026-09-02 14:00:00,delivered,2026-09-02 18:00:00
OL-000300991,ORD-00100330,CUST-002057,PROD-0338,6,1382.28,2026-09-02 15:00:00,delivered,2026-09-02 19:00:00
OL-000300992,ORD-00100330,CUST-003981,PROD-0800,1,2994.2,2026-09-02 16:00:00,delivered,2026-09-02 12:00:00
OL-000300993,ORD-00100331,CUST-003121,PROD-0655,3,612.05,2026-09-02 17:00:00,cancelled,2026-09-02 13:00:00
OL-000300994,ORD-00100331,CUST-003448,PROD-0717,3,2894.81,2026-09-02 18:00:00,delivered,2026-09-02 14:00:00
OL-000300995,ORD-00100331,CUST-000547,PROD-0308,8,1274.74,2026-09-02 19:00:00,delivered,2026-09-02 15:00:00
OL-000300996,ORD-00100332,CUST-003323,PROD-0310,3,4786.86,2026-09-02 08:00:00,shipped,2026-09-02 16:00:00
OL-000300997,ORD-00100332,CUST-000873,PROD-0728,5,4025.84,2026-09-02 09:00:00,shipped,2026-09-02 17:00:00
OL-000300998,ORD-00100332,CUST-002172,PROD-0529,6,588.97,2026-09-02 10:00:00,cancelled,2026-09-02 18:00:00
OL-000300999,ORD-00100333,CUST-003908,PROD-0654,1,3895.42,2026-09-02 11:00:00,delivered,2026-09-02 19:00:00
OL-000301000,ORD-00100333,CUST-002100,PROD-0211,8,3124.27,2026-09-02 12:00:00,placed,2026-09-02 12:00:00
OL-000301001,ORD-00100333,CUST-000078,PROD-0772,9,4700.96,2026-09-02 13:00:00,delivered,2026-09-02 13:00:00
OL-000301002,ORD-00100334,CUST-001955,PROD-0268,5,3689.59,2026-09-02 14:00:00,delivered,2026-09-02 14:00:00
OL-000301003,ORD-00100334,CUST-003590,PROD-0508,4,2883.64,2026-09-02 15:00:00,delivered,2026-09-02 15:00:00
OL-000301004,ORD-00100334,CUST-001631,PROD-0511,1,4793.33,2026-09-02 16:00:00,shipped,2026-09-02 16:00:00
OL-000301005,ORD-00100335,CUST-000055,PROD-0687,7,2288.53,2026-09-02 17:00:00,delivered,2026-09-02 17:00:00
OL-000301006,ORD-00100335,CUST-002026,PROD-0131,1,2484.78,2026-09-02 18:00:00,placed,2026-09-02 18:00:00
OL-000301007,ORD-00100335,CUST-000067,PROD-0113,2,4746.31,2026-09-02 19:00:00,delivered,2026-09-02 19:00:00
OL-000301008,ORD-00100336,CUST-003767,PROD-0884,1,1545.75,2026-09-02 08:00:00,delivered,2026-09-02 12:00:00
OL-000301009,ORD-00100336,CUST-000767,PROD-0752,6,2589.67,2026-09-02 09:00:00,placed,2026-09-02 13:00:00
OL-000301010,ORD-00100336,CUST-000313,PROD-0496,2,4215.28,2026-09-02 10:00:00,shipped,2026-09-02 14:00:00
OL-000301011,ORD-00100337,CUST-000026,PROD-0824,9,1949.26,2026-09-02 11:00:00,shipped,2026-09-02 15:00:00
OL-000301012,ORD-00100337,CUST-002081,PROD-0201,8,2658.41,2026-09-02 12:00:00,delivered,2026-09-02 16:00:00
OL-000301013,ORD-00100337,CUST-003665,PROD-0281,8,2882.78,2026-09-02 13:00:00,shipped,2026-09-02 17:00:00
OL-000301014,ORD-00100338,CUST-001194,PROD-0054,9,2750.6,2026-09-02 14:00:00,delivered,2026-09-02 18:00:00
OL-000301015,ORD-00100338,CUST-001577,PROD-0542,1,1139.16,2026-09-02 15:00:00,delivered,2026-09-02 19:00:00
OL-000301016,ORD-00100338,CUST-001682,PROD-0324,8,630.37,2026-09-02 16:00:00,delivered,2026-09-02 12:00:00
OL-000301017,ORD-00100339,CUST-001265,PROD-0280,4,1666.34,2026-09-02 17:00:00,delivered,2026-09-02 13:00:00
OL-000301018,ORD-00100339,CUST-002710,PROD-0605,7,2366.85,2026-09-02 18:00:00,cancelled,2026-09-02 14:00:00
OL-000301019,ORD-00100339,CUST-000989,PROD-0473,7,987.59,2026-09-02 19:00:00,shipped,2026-09-02 15:00:00
OL-000301020,ORD-00100340,CUST-002705,PROD-0171,6,2013.53,2026-09-02 08:00:00,shipped,2026-09-02 16:00:00
OL-000301021,ORD-00100340,CUST-002318,PROD-0042,5,3657.21,2026-09-02 09:00:00,cancelled,2026-09-02 17:00:00
OL-000301022,ORD-00100340,CUST-002218,PROD-0020,6,4415.76,2026-09-02 10:00:00,cancelled,2026-09-02 18:00:00
OL-000301023,ORD-00100341,CUST-002906,PROD-0383,1,4322.13,2026-09-02 11:00:00,delivered,2026-09-02 19:00:00
OL-000301024,ORD-00100341,CUST-001223,PROD-0721,1,468.15,2026-09-02 12:00:00,delivered,2026-09-02 12:00:00
OL-000301025,ORD-00100341,CUST-001301,PROD-0570,5,3441.25,2026-09-02 13:00:00,delivered,2026-09-02 13:00:00
OL-000301026,ORD-00100342,CUST-000993,PROD-0487,5,2178.69,2026-09-02 14:00:00,delivered,2026-09-02 14:00:00
OL-000301027,ORD-00100342,CUST-000527,PROD-0355,4,432.54,2026-09-02 15:00:00,shipped,2026-09-02 15:00:00
OL-000301028,ORD-00100342,CUST-002740,PROD-0720,6,806.48,2026-09-02 16:00:00,delivered,2026-09-02 16:00:00
OL-000301029,ORD-00100343,CUST-000295,PROD-0761,4,2437.86,2026-09-02 17:00:00,shipped,2026-09-02 17:00:00
OL-000301030,ORD-00100343,CUST-002955,PROD-0622,9,2816.13,2026-09-02 18:00:00,shipped,2026-09-02 18:00:00
OL-000301031,ORD-00100343,CUST-002143,PROD-0555,9,3178.01,2026-09-02 19:00:00,delivered,2026-09-02 19:00:00
OL-000301032,ORD-00100344,CUST-001462,PROD-0248,8,4368.58,2026-09-02 08:00:00,shipped,2026-09-02 12:00:00
OL-000301033,ORD-00100344,CUST-003195,PROD-0259,7,3440.83,2026-09-02 09:00:00,delivered,2026-09-02 13:00:00
OL-000301034,ORD-00100344,CUST-000440,PROD-0722,1,2186.49,2026-09-02 10:00:00,delivered,2026-09-02 14:00:00
OL-000301035,ORD-00100345,CUST-001826,PROD-0206,3,4502.34,2026-09-02 11:00:00,delivered,2026-09-02 15:00:00
OL-000301036,ORD-00100345,CUST-003684,PROD-0062,6,1426.8,2026-09-02 12:00:00,delivered,2026-09-02 16:00:00
OL-000301037,ORD-00100345,CUST-000254,PROD-0019,5,2311.65,2026-09-02 13:00:00,delivered,2026-09-02 17:00:00
OL-000301038,ORD-00100346,CUST-003853,PROD-0349,9,2875.98,2026-09-02 14:00:00,delivered,2026-09-02 18:00:00
OL-000301039,ORD-00100346,CUST-000146,PROD-0899,1,277.67,2026-09-02 15:00:00,cancelled,2026-09-02 19:00:00
OL-000301040,ORD-00100346,CUST-002624,PROD-0353,3,4120.84,2026-09-02 16:00:00,delivered,2026-09-02 12:00:00
OL-000301041,ORD-00100347,CUST-003862,PROD-0121,2,2019.54,2026-09-02 17:00:00,delivered,2026-09-02 13:00:00
OL-000301042,ORD-00100347,CUST-001029,PROD-0562,4,911.98,2026-09-02 18:00:00,delivered,2026-09-02 14:00:00
OL-000301043,ORD-00100347,CUST-003027,PROD-0258,6,1973.9,2026-09-02 19:00:00,placed,2026-09-02 15:00:00
OL-000301044,ORD-00100348,CUST-003846,PROD-0567,8,1890.13,2026-09-02 08:00:00,delivered,2026-09-02 16:00:00
OL-000301045,ORD-00100348,CUST-002613,PROD-0300,2,605.15,2026-09-02 09:00:00,placed,2026-09-02 17:00:00
OL-000301046,ORD-00100348,CUST-002218,PROD-0373,2,362.01,2026-09-02 10:00:00,delivered,2026-09-02 18:00:00
OL-000301047,ORD-00100349,CUST-000199,PROD-0476,3,3850.09,2026-09-02 11:00:00,shipped,2026-09-02 19:00:00
OL-000301048,ORD-00100349,CUST-000819,PROD-0446,5,1760.45,2026-09-02 12:00:00,placed,2026-09-02 12:00:00
OL-000301049,ORD-00100349,CUST-000927,PROD-0073,1,521.79,2026-09-02 13:00:00,delivered,2026-09-02 13:00:00
OL-000301050,ORD-00100350,CUST-000878,PROD-0490,3,4749.66,2026-09-02 14:00:00,delivered,2026-09-02 14:00:00
OL-000301051,ORD-00100350,CUST-003122,PROD-0758,6,518.32,2026-09-02 15:00:00,delivered,2026-09-02 15:00:00
OL-000301052,ORD-00100350,CUST-002991,PROD-0229,5,2132.63,2026-09-02 16:00:00,cancelled,2026-09-02 16:00:00
OL-000301053,ORD-00100351,CUST-002414,PROD-0135,5,2622.74,2026-09-02 17:00:00,delivered,2026-09-02 17:00:00
OL-000301054,ORD-00100351,CUST-001878,PROD-0444,3,3380.59,2026-09-02 18:00:00,shipped,2026-09-02 18:00:00
OL-000301055,ORD-00100351,CUST-003706,PROD-0568,7,3778.59,2026-09-02 19:00:00,delivered,2026-09-02 19:00:00
OL-000301056,ORD-00100352,CUST-001165,PROD-0343,3,2688.76,2026-09-02 08:00:00,cancelled,2026-09-02 12:00:00
OL-000301057,ORD-00100352,CUST-001671,PROD-0425,8,1198.07,2026-09-02 09:00:00,delivered,2026-09-02 13:00:00
OL-000301058,ORD-00100352,CUST-003728,PROD-0576,8,4258.26,2026-09-02 10:00:00,delivered,2026-09-02 14:00:00
OL-000301059,ORD-00100353,CUST-003590,PROD-0489,1,445.66,2026-09-02 11:00:00,shipped,2026-09-02 15:00:00
OL-000301060,ORD-00100353,CUST-002524,PROD-0642,6,4173.16,2026-09-02 12:00:00,placed,2026-09-02 16:00:00
OL-000301061,ORD-00100353,CUST-002853,PROD-0533,9,4526.03,2026-09-02 13:00:00,cancelled,2026-09-02 17:00:00
OL-000301062,ORD-00100354,CUST-000622,PROD-0303,3,1974.94,2026-09-02 14:00:00,cancelled,2026-09-02 18:00:00
OL-000301063,ORD-00100354,CUST-003140,PROD-0546,1,2791.89,2026-09-02 15:00:00,delivered,2026-09-02 19:00:00
OL-000301064,ORD-00100354,CUST-001489,PROD-0337,3,1366.81,2026-09-02 16:00:00,shipped,2026-09-02 12:00:00
OL-000301065,ORD-00100355,CUST-000580,PROD-0268,7,2323.12,2026-09-02 17:00:00,delivered,2026-09-02 13:00:00
OL-000301066,ORD-00100355,CUST-001707,PROD-0023,5,768.41,2026-09-02 18:00:00,delivered,2026-09-02 14:00:00
OL-000301067,ORD-00100355,CUST-002602,PROD-0637,7,2302.01,2026-09-02 19:00:00,shipped,2026-09-02 15:00:00
OL-000301068,ORD-00100356,CUST-002134,PROD-0860,2,4287.15,2026-09-02 08:00:00,delivered,2026-09-02 16:00:00
OL-000301069,ORD-00100356,CUST-002862,PROD-0254,4,1479.14,2026-09-02 09:00:00,delivered,2026-09-02 17:00:00
OL-000301070,ORD-00100356,CUST-001132,PROD-0555,7,289.7,2026-09-02 10:00:00,shipped,2026-09-02 18:00:00
OL-000301071,ORD-00100357,CUST-001504,PROD-0036,9,3351.71,2026-09-02 11:00:00,shipped,2026-09-02 19:00:00
OL-000301072,ORD-00100357,CUST-003397,PROD-0065,9,3427.36,2026-09-02 12:00:00,delivered,2026-09-02 12:00:00
OL-000301073,ORD-00100357,CUST-003946,PROD-0733,2,301.65,2026-09-02 13:00:00,shipped,2026-09-02 13:00:00
OL-000301074,ORD-00100358,CUST-001410,PROD-0022,8,1931.55,2026-09-02 14:00:00,cancelled,2026-09-02 14:00:00
OL-000301075,ORD-00100358,CUST-000690,PROD-0054,3,1621.14,2026-09-02 15:00:00,delivered,2026-09-02 15:00:00
OL-000301076,ORD-00100358,CUST-002528,PROD-0603,3,2372.06,2026-09-02 16:00:00,shipped,2026-09-02 16:00:00
OL-000301077,ORD-00100359,CUST-003940,PROD-0173,2,4556.73,2026-09-02 17:00:00,delivered,2026-09-02 17:00:00
OL-000301078,ORD-00100359,CUST-002162,PROD-0514,5,1666.89,2026-09-02 18:00:00,delivered,2026-09-02 18:00:00
OL-000301079,ORD-00100359,CUST-003345,PROD-0739,3,4446.99,2026-09-02 19:00:00,delivered,2026-09-02 19:00:00
OL-000301080,ORD-00100360,CUST-000298,PROD-0665,8,2782.56,2026-09-02 08:00:00,delivered,2026-09-02 12:00:00
OL-000301081,ORD-00100360,CUST-000772,PROD-0191,4,3791.84,2026-09-02 09:00:00,placed,2026-09-02 13:00:00
OL-000301082,ORD-00100360,CUST-003291,PROD-0218,2,1335.1,2026-09-02 10:00:00,delivered,2026-09-02 14:00:00
OL-000301083,ORD-00100361,CUST-000767,PROD-0218,9,4084.87,2026-09-02 11:00:00,delivered,2026-09-02 15:00:00
OL-000301084,ORD-00100361,CUST-000404,PROD-0091,8,4790.2,2026-09-02 12:00:00,delivered,2026-09-02 16:00:00
OL-000301085,ORD-00100361,CUST-002855,PROD-0395,1,1142.55,2026-09-02 13:00:00,delivered,2026-09-02 17:00:00
OL-000301086,ORD-00100362,CUST-003553,PROD-0512,6,3972.54,2026-09-02 14:00:00,shipped,2026-09-02 18:00:00
OL-000301087,ORD-00100362,CUST-001044,PROD-0431,9,3107.63,2026-09-02 15:00:00,delivered,2026-09-02 19:00:00
OL-000301088,ORD-00100362,CUST-001198,PROD-0762,5,4086.83,2026-09-02 16:00:00,shipped,2026-09-02 12:00:00
OL-000301089,ORD-00100363,CUST-001732,PROD-0771,8,650.1,2026-09-02 17:00:00,delivered,2026-09-02 13:00:00
OL-000301090,ORD-00100363,CUST-003055,PROD-0180,4,802.75,2026-09-02 18:00:00,delivered,2026-09-02 14:00:00
OL-000301091,ORD-00100363,CUST-003786,PROD-0794,8,814.96,2026-09-02 19:00:00,delivered,2026-09-02 15:00:00
OL-000301092,ORD-00100364,CUST-003484,PROD-0592,4,2904.55,2026-09-02 08:00:00,delivered,2026-09-02 16:00:00
OL-000301093,ORD-00100364,CUST-003966,PROD-0596,8,4008.69,2026-09-02 09:00:00,delivered,2026-09-02 17:00:00
OL-000301094,ORD-00100364,CUST-002772,PROD-0105,3,1682.65,2026-09-02 10:00:00,delivered,2026-09-02 18:00:00
OL-000301095,ORD-00100365,CUST-001901,PROD-0708,4,2841.27,2026-09-02 11:00:00,placed,2026-09-02 19:00:00
OL-000301096,ORD-00100365,CUST-003497,PROD-0709,3,388.93,2026-09-02 12:00:00,delivered,2026-09-02 12:00:00
OL-000301097,ORD-00100365,CUST-003602,PROD-0491,6,1864.33,2026-09-02 13:00:00,delivered,2026-09-02 13:00:00
OL-000301098,ORD-00100366,CUST-000402,PROD-0858,6,3778.7,2026-09-02 14:00:00,delivered,2026-09-02 14:00:00
OL-000301099,ORD-00100366,CUST-001881,PROD-0539,7,309.02,2026-09-02 15:00:00,delivered,2026-09-02 15:00:00
OL-000301100,ORD-00100366,CUST-000520,PROD-0682,3,4129.85,2026-09-02 16:00:00,delivered,2026-09-02 16:00:00
OL-000301101,ORD-00100367,CUST-001066,PROD-0461,2,3834.39,2026-09-02 17:00:00,shipped,2026-09-02 17:00:00
OL-000301102,ORD-00100367,CUST-003063,PROD-0175,4,3764.12,2026-09-02 18:00:00,delivered,2026-09-02 18:00:00
OL-000301103,ORD-00100367,CUST-001958,PROD-0492,9,3290.17,2026-09-02 19:00:00,shipped,2026-09-02 19:00:00
OL-000301104,ORD-00100368,CUST-003556,PROD-0745,1,3484.9,2026-09-02 08:00:00,placed,2026-09-02 12:00:00
OL-000301105,ORD-00100368,CUST-003419,PROD-0575,9,3745.5,2026-09-02 09:00:00,delivered,2026-09-02 13:00:00
OL-000301106,ORD-00100368,CUST-001350,PROD-0050,6,4436.47,2026-09-02 10:00:00,delivered,2026-09-02 14:00:00
OL-000301107,ORD-00100369,CUST-001744,PROD-0144,7,3974.42,2026-09-02 11:00:00,delivered,2026-09-02 15:00:00
OL-000301108,ORD-00100369,CUST-001558,PROD-0371,2,3868.83,2026-09-02 12:00:00,placed,2026-09-02 16:00:00
OL-000301109,ORD-00100369,CUST-003390,PROD-0727,5,1586.91,2026-09-02 13:00:00,placed,2026-09-02 17:00:00
OL-000301110,ORD-00100370,CUST-003041,PROD-0712,9,1075.89,2026-09-02 14:00:00,shipped,2026-09-02 18:00:00
OL-000301111,ORD-00100370,CUST-000269,PROD-0460,4,4684.41,2026-09-02 15:00:00,delivered,2026-09-02 19:00:00
OL-000301112,ORD-00100370,CUST-000462,PROD-0832,4,3357.3,2026-09-02 16:00:00,delivered,2026-09-02 12:00:00
OL-000301113,ORD-00100371,CUST-001956,PROD-0389,7,1226.04,2026-09-02 17:00:00,delivered,2026-09-02 13:00:00
OL-000301114,ORD-00100371,CUST-003122,PROD-0586,7,4636.74,2026-09-02 18:00:00,delivered,2026-09-02 14:00:00
OL-000301115,ORD-00100371,CUST-002848,PROD-0868,2,4252.74,2026-09-02 19:00:00,shipped,2026-09-02 15:00:00
OL-000301116,ORD-00100372,CUST-000246,PROD-0768,1,145.2,2026-09-02 08:00:00,shipped,2026-09-02 16:00:00
OL-000301117,ORD-00100372,CUST-003159,PROD-0603,6,2980.5,2026-09-02 09:00:00,shipped,2026-09-02 17:00:00
OL-000301118,ORD-00100372,CUST-000457,PROD-0301,4,712.13,2026-09-02 10:00:00,delivered,2026-09-02 18:00:00
OL-000301119,ORD-00100373,CUST-002142,PROD-0550,4,1697.23,2026-09-02 11:00:00,delivered,2026-09-02 19:00:00
OL-000301120,ORD-00100373,CUST-001021,PROD-0383,5,2180.13,2026-09-02 12:00:00,shipped,2026-09-02 12:00:00
OL-000301121,ORD-00100373,CUST-000754,PROD-0694,2,2983.92,2026-09-02 13:00:00,delivered,2026-09-02 13:00:00
OL-000301122,ORD-00100374,CUST-003105,PROD-0645,4,1516.07,2026-09-02 14:00:00,shipped,2026-09-02 14:00:00
OL-000301123,ORD-00100374,CUST-003557,PROD-0566,1,356.35,2026-09-02 15:00:00,delivered,2026-09-02 15:00:00
OL-000301124,ORD-00100374,CUST-000768,PROD-0349,6,2668.06,2026-09-02 16:00:00,delivered,2026-09-02 16:00:00
OL-000301125,ORD-00100375,CUST-000033,PROD-0263,9,533.91,2026-09-02 17:00:00,delivered,2026-09-02 17:00:00
OL-000301126,ORD-00100375,CUST-002613,PROD-0581,7,296.76,2026-09-02 18:00:00,delivered,2026-09-02 18:00:00
OL-000301127,ORD-00100375,CUST-003881,PROD-0755,5,4334.8,2026-09-02 19:00:00,delivered,2026-09-02 19:00:00
OL-000301128,ORD-00100376,CUST-000937,PROD-0527,6,851.91,2026-09-02 08:00:00,delivered,2026-09-02 12:00:00
OL-000301129,ORD-00100376,CUST-003265,PROD-0746,8,1879.64,2026-09-02 09:00:00,delivered,2026-09-02 13:00:00
OL-000301130,ORD-00100376,CUST-001491,PROD-0722,7,190.44,2026-09-02 10:00:00,delivered,2026-09-02 14:00:00
OL-000301131,ORD-00100377,CUST-001985,PROD-0839,1,656.14,2026-09-02 11:00:00,delivered,2026-09-02 15:00:00
OL-000301132,ORD-00100377,CUST-001529,PROD-0563,6,3976.94,2026-09-02 12:00:00,delivered,2026-09-02 16:00:00
OL-000301133,ORD-00100377,CUST-003305,PROD-0155,2,1682.96,2026-09-02 13:00:00,placed,2026-09-02 17:00:00
OL-000301134,ORD-00100378,CUST-003443,PROD-0817,8,390.35,2026-09-02 14:00:00,delivered,2026-09-02 18:00:00
OL-000301135,ORD-00100378,CUST-000611,PROD-0053,6,231.78,2026-09-02 15:00:00,delivered,2026-09-02 19:00:00
OL-000301136,ORD-00100378,CUST-001673,PROD-0386,9,541.83,2026-09-02 16:00:00,delivered,2026-09-02 12:00:00
OL-000301137,ORD-00100379,CUST-001334,PROD-0659,7,2317.85,2026-09-02 17:00:00,delivered,2026-09-02 13:00:00
OL-000301138,ORD-00100379,CUST-001158,PROD-0036,9,798.54,2026-09-02 18:00:00,delivered,2026-09-02 14:00:00
OL-000301139,ORD-00100379,CUST-002515,PROD-0151,4,2751.06,2026-09-02 19:00:00,shipped,2026-09-02 15:00:00
OL-000301140,ORD-00100380,CUST-001008,PROD-0046,5,987.04,2026-09-02 08:00:00,delivered,2026-09-02 16:00:00
OL-000301141,ORD-00100380,CUST-002365,PROD-0536,5,1729.6,2026-09-02 09:00:00,cancelled,2026-09-02 17:00:00
OL-000301142,ORD-00100380,CUST-000160,PROD-0820,2,978.83,2026-09-02 10:00:00,delivered,2026-09-02 18:00:00
OL-000301143,ORD-00100381,CUST-001231,PROD-0766,7,2863.3,2026-09-02 11:00:00,placed,2026-09-02 19:00:00
OL-000301144,ORD-00100381,CUST-003571,PROD-0328,8,4707.29,2026-09-02 12:00:00,delivered,2026-09-02 12:00:00
OL-000301145,ORD-00100381,CUST-001632,PROD-0385,9,4250.85,2026-09-02 13:00:00,shipped,2026-09-02 13:00:00
OL-000301146,ORD-00100382,CUST-001843,PROD-0346,9,2631.32,2026-09-02 14:00:00,shipped,2026-09-02 14:00:00
OL-000301147,ORD-00100382,CUST-002698,PROD-0021,8,2915.59,2026-09-02 15:00:00,delivered,2026-09-02 15:00:00
OL-000301148,ORD-00100382,CUST-003655,PROD-0734,2,3541.42,2026-09-02 16:00:00,delivered,2026-09-02 16:00:00
OL-000301149,ORD-00100383,CUST-001745,PROD-0663,3,3798.2,2026-09-02 17:00:00,shipped,2026-09-02 17:00:00
OL-000301150,ORD-00100383,CUST-003200,PROD-0749,1,4393.41,2026-09-02 18:00:00,placed,2026-09-02 18:00:00
OL-000301151,ORD-00100383,CUST-000203,PROD-0886,3,1037.73,2026-09-02 19:00:00,placed,2026-09-02 19:00:00
OL-000301152,ORD-00100384,CUST-000428,PROD-0883,1,491.07,2026-09-02 08:00:00,delivered,2026-09-02 12:00:00
OL-000301153,ORD-00100384,CUST-001772,PROD-0194,3,799.6,2026-09-02 09:00:00,delivered,2026-09-02 13:00:00
OL-000301154,ORD-00100384,CUST-002985,PROD-0684,2,4609.95,2026-09-02 10:00:00,delivered,2026-09-02 14:00:00
OL-000301155,ORD-00100385,CUST-003118,PROD-0250,6,4793.99,2026-09-02 11:00:00,delivered,2026-09-02 15:00:00
OL-000301156,ORD-00100385,CUST-002124,PROD-0831,4,3294.75,2026-09-02 12:00:00,delivered,2026-09-02 16:00:00
OL-000301157,ORD-00100385,CUST-001277,PROD-0272,4,4435.75,2026-09-02 13:00:00,delivered,2026-09-02 17:00:00
OL-000301158,ORD-00100386,CUST-002532,PROD-0522,8,1506.76,2026-09-02 14:00:00,delivered,2026-09-02 18:00:00
OL-000301159,ORD-00100386,CUST-003382,PROD-0111,1,4163.54,2026-09-02 15:00:00,delivered,2026-09-02 19:00:00
OL-000301160,ORD-00100386,CUST-002992,PROD-0047,4,3828.26,2026-09-02 16:00:00,delivered,2026-09-02 12:00:00
OL-000301161,ORD-00100387,CUST-001432,PROD-0017,8,310.44,2026-09-02 17:00:00,delivered,2026-09-02 13:00:00
OL-000301162,ORD-00100387,CUST-001682,PROD-0572,3,1896.58,2026-09-02 18:00:00,shipped,2026-09-02 14:00:00
OL-000301163,ORD-00100387,CUST-000383,PROD-0049,8,4610.52,2026-09-02 19:00:00,shipped,2026-09-02 15:00:00
OL-000301164,ORD-00100388,CUST-000750,PROD-0636,7,446.21,2026-09-02 08:00:00,placed,2026-09-02 16:00:00
OL-000301165,ORD-00100388,CUST-002484,PROD-0610,2,909.52,2026-09-02 09:00:00,delivered,2026-09-02 17:00:00
OL-000301166,ORD-00100388,CUST-002112,PROD-0900,2,3166.68,2026-09-02 10:00:00,placed,2026-09-02 18:00:00
OL-000301167,ORD-00100389,CUST-001218,PROD-0431,8,2376.18,2026-09-02 11:00:00,delivered,2026-09-02 19:00:00
OL-000301168,ORD-00100389,CUST-000314,PROD-0745,9,888.56,2026-09-02 12:00:00,delivered,2026-09-02 12:00:00
OL-000301169,ORD-00100389,CUST-001515,PROD-0845,4,625.15,2026-09-02 13:00:00,shipped,2026-09-02 13:00:00
OL-000301170,ORD-00100390,CUST-003438,PROD-0101,5,2359.34,2026-09-02 14:00:00,delivered,2026-09-02 14:00:00
OL-000301171,ORD-00100390,CUST-002433,PROD-0157,1,2460.79,2026-09-02 15:00:00,delivered,2026-09-02 15:00:00
OL-000301172,ORD-00100390,CUST-003900,PROD-0883,1,3340.33,2026-09-02 16:00:00,delivered,2026-09-02 16:00:00
OL-000301173,ORD-00100391,CUST-000353,PROD-0166,9,3674.05,2026-09-02 17:00:00,placed,2026-09-02 17:00:00
OL-000301174,ORD-00100391,CUST-000754,PROD-0707,4,556.62,2026-09-02 18:00:00,placed,2026-09-02 18:00:00
OL-000301175,ORD-00100391,CUST-003734,PROD-0059,5,845.2,2026-09-02 19:00:00,shipped,2026-09-02 19:00:00
OL-000301176,ORD-00100392,CUST-000893,PROD-0619,3,2087.28,2026-09-02 08:00:00,cancelled,2026-09-02 12:00:00
OL-000301177,ORD-00100392,CUST-001295,PROD-0211,3,1268.61,2026-09-02 09:00:00,shipped,2026-09-02 13:00:00
OL-000301178,ORD-00100392,CUST-000022,PROD-0295,6,3786.56,2026-09-02 10:00:00,delivered,2026-09-02 14:00:00
OL-000301179,ORD-00100393,CUST-000343,PROD-0883,1,2208.01,2026-09-02 11:00:00,shipped,2026-09-02 15:00:00
OL-000301180,ORD-00100393,CUST-001236,PROD-0568,5,4173.77,2026-09-02 12:00:00,shipped,2026-09-02 16:00:00
OL-000301181,ORD-00100393,CUST-001636,PROD-0633,6,4470.29,2026-09-02 13:00:00,placed,2026-09-02 17:00:00
OL-000301182,ORD-00100394,CUST-002038,PROD-0563,1,1064.05,2026-09-02 14:00:00,cancelled,2026-09-02 18:00:00
OL-000301183,ORD-00100394,CUST-000993,PROD-0679,9,2296.88,2026-09-02 15:00:00,delivered,2026-09-02 19:00:00
OL-000301184,ORD-00100394,CUST-002611,PROD-0260,3,343.84,2026-09-02 16:00:00,delivered,2026-09-02 12:00:00
OL-000301185,ORD-00100395,CUST-001609,PROD-0768,2,3772.51,2026-09-02 17:00:00,cancelled,2026-09-02 13:00:00
OL-000301186,ORD-00100395,CUST-002479,PROD-0396,1,2553.39,2026-09-02 18:00:00,delivered,2026-09-02 14:00:00
OL-000301187,ORD-00100395,CUST-002785,PROD-0417,2,2236.87,2026-09-02 19:00:00,cancelled,2026-09-02 15:00:00
OL-000301188,ORD-00100396,CUST-003483,PROD-0199,7,4635.07,2026-09-02 08:00:00,placed,2026-09-02 16:00:00
OL-000301189,ORD-00100396,CUST-003460,PROD-0140,8,1484.43,2026-09-02 09:00:00,shipped,2026-09-02 17:00:00
OL-000301190,ORD-00100396,CUST-003758,PROD-0888,2,2570.1,2026-09-02 10:00:00,delivered,2026-09-02 18:00:00
OL-000301191,ORD-00100397,CUST-001129,PROD-0884,9,3770.16,2026-09-02 11:00:00,placed,2026-09-02 19:00:00
OL-000301192,ORD-00100397,CUST-001249,PROD-0123,3,3901.14,2026-09-02 12:00:00,delivered,2026-09-02 12:00:00
OL-000301193,ORD-00100397,CUST-003209,PROD-0474,6,1716.05,2026-09-02 13:00:00,delivered,2026-09-02 13:00:00
OL-000301194,ORD-00100398,CUST-003056,PROD-0737,8,481.19,2026-09-02 14:00:00,delivered,2026-09-02 14:00:00
OL-000301195,ORD-00100398,CUST-002580,PROD-0806,4,2699.93,2026-09-02 15:00:00,delivered,2026-09-02 15:00:00
OL-000301196,ORD-00100398,CUST-000200,PROD-0081,2,2088.5,2026-09-02 16:00:00,delivered,2026-09-02 16:00:00
OL-000301197,ORD-00100399,CUST-003040,PROD-0042,6,2682.21,2026-09-02 17:00:00,delivered,2026-09-02 17:00:00
OL-000301198,ORD-00100399,CUST-003270,PROD-0755,3,1600.33,2026-09-02 18:00:00,placed,2026-09-02 18:00:00
OL-000301199,ORD-00100399,CUST-000912,PROD-0749,3,4188.73,2026-09-02 19:00:00,delivered,2026-09-02 19:00:00
OL-000301200,ORD-00100400,CUST-003840,PROD-0267,7,1920.68,2026-09-02 08:00:00,shipped,2026-09-02 12:00:00
OL-000301201,ORD-00100400,CUST-001843,PROD-0460,2,313.55,2026-09-02 09:00:00,delivered,2026-09-02 13:00:00
OL-000301202,ORD-00100400,CUST-002840,PROD-0131,5,2092.74,2026-09-02 10:00:00,delivered,2026-09-02 14:00:00
OL-000301203,ORD-00100401,CUST-003867,PROD-0699,6,2902.42,2026-09-02 11:00:00,delivered,2026-09-02 15:00:00
OL-000301204,ORD-00100401,CUST-003148,PROD-0754,8,3633.65,2026-09-02 12:00:00,delivered,2026-09-02 16:00:00
OL-000301205,ORD-00100401,CUST-001972,PROD-0414,5,2351.9,2026-09-02 13:00:00,shipped,2026-09-02 17:00:00
OL-000301206,ORD-00100402,CUST-000927,PROD-0645,5,379.92,2026-09-02 14:00:00,delivered,2026-09-02 18:00:00
OL-000301207,ORD-00100402,CUST-000570,PROD-0034,1,3945.61,2026-09-02 15:00:00,shipped,2026-09-02 19:00:00
OL-000301208,ORD-00100402,CUST-000260,PROD-0686,5,1645.61,2026-09-02 16:00:00,delivered,2026-09-02 12:00:00
OL-000301209,ORD-00100403,CUST-002858,PROD-0722,6,3606.7,2026-09-02 17:00:00,delivered,2026-09-02 13:00:00
OL-000301210,ORD-00100403,CUST-001415,PROD-0388,6,4541.49,2026-09-02 18:00:00,delivered,2026-09-02 14:00:00
OL-000301211,ORD-00100403,CUST-003287,PROD-0836,9,724.4,2026-09-02 19:00:00,delivered,2026-09-02 15:00:00
OL-000301212,ORD-00100404,CUST-002649,PROD-0327,3,1262.06,2026-09-02 08:00:00,delivered,2026-09-02 16:00:00
OL-000301213,ORD-00100404,CUST-002424,PROD-0782,2,1922.36,2026-09-02 09:00:00,delivered,2026-09-02 17:00:00
OL-000301214,ORD-00100404,CUST-000717,PROD-0367,8,4528.36,2026-09-02 10:00:00,delivered,2026-09-02 18:00:00
OL-000301215,ORD-00100405,CUST-000576,PROD-0846,3,3509.74,2026-09-02 11:00:00,shipped,2026-09-02 19:00:00
OL-000301216,ORD-00100405,CUST-002554,PROD-0067,5,559.47,2026-09-02 12:00:00,shipped,2026-09-02 12:00:00
OL-000301217,ORD-00100405,CUST-001162,PROD-0276,9,3833.33,2026-09-02 13:00:00,placed,2026-09-02 13:00:00
OL-000301218,ORD-00100406,CUST-003914,PROD-0865,8,4223.67,2026-09-02 14:00:00,delivered,2026-09-02 14:00:00
OL-000301219,ORD-00100406,CUST-000986,PROD-0322,1,140.61,2026-09-02 15:00:00,delivered,2026-09-02 15:00:00
OL-000301220,ORD-00100406,CUST-001436,PROD-0553,8,3434.63,2026-09-02 16:00:00,delivered,2026-09-02 16:00:00
OL-000301221,ORD-00100407,CUST-003779,PROD-0155,6,4045.11,2026-09-02 17:00:00,delivered,2026-09-02 17:00:00
OL-000301222,ORD-00100407,CUST-002876,PROD-0010,9,1506.21,2026-09-02 18:00:00,delivered,2026-09-02 18:00:00
OL-000301223,ORD-00100407,CUST-003488,PROD-0337,1,1268.9,2026-09-02 19:00:00,placed,2026-09-02 19:00:00
OL-000301224,ORD-00100408,CUST-002646,PROD-0099,6,373.93,2026-09-02 08:00:00,delivered,2026-09-02 12:00:00
OL-000301225,ORD-00100408,CUST-001693,PROD-0634,1,1998.02,2026-09-02 09:00:00,delivered,2026-09-02 13:00:00
OL-000301226,ORD-00100408,CUST-000975,PROD-0630,5,1706.52,2026-09-02 10:00:00,shipped,2026-09-02 14:00:00
OL-000301227,ORD-00100409,CUST-003870,PROD-0723,6,2480.74,2026-09-02 11:00:00,delivered,2026-09-02 15:00:00
OL-000301228,ORD-00100409,CUST-002348,PROD-0174,9,967.07,2026-09-02 12:00:00,delivered,2026-09-02 16:00:00
OL-000301229,ORD-00100409,CUST-000447,PROD-0886,3,4116.89,2026-09-02 13:00:00,delivered,2026-09-02 17:00:00
OL-000301230,ORD-00100410,CUST-002434,PROD-0446,2,4459.56,2026-09-02 14:00:00,cancelled,2026-09-02 18:00:00
OL-000301231,ORD-00100410,CUST-002555,PROD-0832,6,2334.33,2026-09-02 15:00:00,delivered,2026-09-02 19:00:00
OL-000301232,ORD-00100410,CUST-001231,PROD-0435,4,4654.87,2026-09-02 16:00:00,delivered,2026-09-02 12:00:00
OL-000301233,ORD-00100411,CUST-003302,PROD-0744,2,1383.42,2026-09-02 17:00:00,shipped,2026-09-02 13:00:00
OL-000301234,ORD-00100411,CUST-000407,PROD-0462,1,1431.17,2026-09-02 18:00:00,delivered,2026-09-02 14:00:00
OL-000301235,ORD-00100411,CUST-002022,PROD-0725,2,1192.72,2026-09-02 19:00:00,delivered,2026-09-02 15:00:00
OL-000301236,ORD-00100412,CUST-001178,PROD-0088,7,219.59,2026-09-02 08:00:00,delivered,2026-09-02 16:00:00
OL-000301237,ORD-00100412,CUST-002792,PROD-0163,8,3736.04,2026-09-02 09:00:00,delivered,2026-09-02 17:00:00
OL-000301238,ORD-00100412,CUST-002147,PROD-0447,8,3083.42,2026-09-02 10:00:00,shipped,2026-09-02 18:00:00
OL-000301239,ORD-00100413,CUST-001931,PROD-0801,7,4467.51,2026-09-02 11:00:00,delivered,2026-09-02 19:00:00
OL-000301240,ORD-00100413,CUST-000954,PROD-0095,1,3520.93,2026-09-02 12:00:00,delivered,2026-09-02 12:00:00
OL-000301241,ORD-00100413,CUST-002405,PROD-0228,5,435.67,2026-09-02 13:00:00,delivered,2026-09-02 13:00:00
OL-000301242,ORD-00100414,CUST-002483,PROD-0061,1,407.22,2026-09-02 14:00:00,placed,2026-09-02 14:00:00
OL-000301243,ORD-00100414,CUST-003895,PROD-0068,9,2951.1,2026-09-02 15:00:00,delivered,2026-09-02 15:00:00
OL-000301244,ORD-00100414,CUST-003097,PROD-0025,9,1367.22,2026-09-02 16:00:00,delivered,2026-09-02 16:00:00
OL-000301245,ORD-00100415,CUST-000849,PROD-0427,2,154.92,2026-09-02 17:00:00,delivered,2026-09-02 17:00:00
OL-000301246,ORD-00100415,CUST-001214,PROD-0786,6,4711.3,2026-09-02 18:00:00,placed,2026-09-02 18:00:00
OL-000301247,ORD-00100415,CUST-002092,PROD-0553,2,1897.81,2026-09-02 19:00:00,delivered,2026-09-02 19:00:00
OL-000301248,ORD-00100416,CUST-003528,PROD-0726,5,2250.33,2026-09-02 08:00:00,delivered,2026-09-02 12:00:00
OL-000301249,ORD-00100416,CUST-000273,PROD-0667,7,3231.05,2026-09-02 09:00:00,delivered,2026-09-02 13:00:00
OL-000301250,ORD-00100416,CUST-000361,PROD-0597,4,3473.09,2026-09-02 10:00:00,delivered,2026-09-02 14:00:00
OL-000301251,ORD-00100417,CUST-001226,PROD-0086,8,2710.02,2026-09-02 11:00:00,delivered,2026-09-02 15:00:00
OL-000301252,ORD-00100417,CUST-002709,PROD-0704,1,1556.98,2026-09-02 12:00:00,delivered,2026-09-02 16:00:00
OL-000301253,ORD-00100417,CUST-003564,PROD-0032,6,3600.9,2026-09-02 13:00:00,delivered,2026-09-02 17:00:00
OL-000301254,ORD-00100418,CUST-002797,PROD-0867,8,2603.6,2026-09-02 14:00:00,delivered,2026-09-02 18:00:00
OL-000301255,ORD-00100418,CUST-003611,PROD-0419,9,4759.4,2026-09-02 15:00:00,delivered,2026-09-02 19:00:00
OL-000301256,ORD-00100418,CUST-002679,PROD-0651,6,3211.72,2026-09-02 16:00:00,placed,2026-09-02 12:00:00
OL-000301257,ORD-00100419,CUST-000889,PROD-0435,4,2968.76,2026-09-02 17:00:00,delivered,2026-09-02 13:00:00
OL-000301258,ORD-00100419,CUST-000008,PROD-0507,7,3649.26,2026-09-02 18:00:00,shipped,2026-09-02 14:00:00
OL-000301259,ORD-00100419,CUST-000024,PROD-0677,7,705.55,2026-09-02 19:00:00,shipped,2026-09-02 15:00:00
OL-000301260,ORD-00100420,CUST-002863,PROD-0310,8,518.35,2026-09-02 08:00:00,delivered,2026-09-02 16:00:00
OL-000301261,ORD-00100420,CUST-001729,PROD-0051,8,3704.38,2026-09-02 09:00:00,delivered,2026-09-02 17:00:00
OL-000301262,ORD-00100420,CUST-000355,PROD-0534,5,4137.79,2026-09-02 10:00:00,delivered,2026-09-02 18:00:00
OL-000301263,ORD-00100421,CUST-001603,PROD-0674,2,1418.93,2026-09-02 11:00:00,delivered,2026-09-02 19:00:00
OL-000301264,ORD-00100421,CUST-002213,PROD-0662,8,3398.68,2026-09-02 12:00:00,placed,2026-09-02 12:00:00
OL-000301265,ORD-00100421,CUST-002836,PROD-0092,1,4685.85,2026-09-02 13:00:00,shipped,2026-09-02 13:00:00
OL-000301266,ORD-00100422,CUST-003850,PROD-0510,4,4062.35,2026-09-02 14:00:00,shipped,2026-09-02 14:00:00
OL-000301267,ORD-00100422,CUST-001824,PROD-0052,9,3336.49,2026-09-02 15:00:00,delivered,2026-09-02 15:00:00
OL-000301268,ORD-00100422,CUST-002285,PROD-0425,2,3803.97,2026-09-02 16:00:00,cancelled,2026-09-02 16:00:00
OL-000301269,ORD-00100423,CUST-002774,PROD-0432,3,1980.78,2026-09-02 17:00:00,delivered,2026-09-02 17:00:00
OL-000301270,ORD-00100423,CUST-003290,PROD-0200,5,175.04,2026-09-02 18:00:00,delivered,2026-09-02 18:00:00
OL-000301271,ORD-00100423,CUST-000617,PROD-0442,1,2564.79,2026-09-02 19:00:00,shipped,2026-09-02 19:00:00
OL-000301272,ORD-00100424,CUST-003086,PROD-0368,6,678.96,2026-09-02 08:00:00,delivered,2026-09-02 12:00:00
OL-000301273,ORD-00100424,CUST-001057,PROD-0444,8,1042.2,2026-09-02 09:00:00,delivered,2026-09-02 13:00:00
OL-000301274,ORD-00100424,CUST-002642,PROD-0536,6,888.73,2026-09-02 10:00:00,delivered,2026-09-02 14:00:00
OL-000301275,ORD-00100425,CUST-000153,PROD-0414,5,952.46,2026-09-02 11:00:00,placed,2026-09-02 15:00:00
OL-000301276,ORD-00100425,CUST-002625,PROD-0686,5,3956.82,2026-09-02 12:00:00,shipped,2026-09-02 16:00:00
OL-000301277,ORD-00100425,CUST-000316,PROD-0215,8,4153.92,2026-09-02 13:00:00,delivered,2026-09-02 17:00:00
OL-000301278,ORD-00100426,CUST-001429,PROD-0632,3,2790.1,2026-09-02 14:00:00,delivered,2026-09-02 18:00:00
OL-000301279,ORD-00100426,CUST-002832,PROD-0667,9,3857.76,2026-09-02 15:00:00,placed,2026-09-02 19:00:00
OL-000301280,ORD-00100426,CUST-000576,PROD-0131,1,3166.77,2026-09-02 16:00:00,shipped,2026-09-02 12:00:00
OL-000301281,ORD-00100427,CUST-000636,PROD-0598,6,4515.38,2026-09-02 17:00:00,delivered,2026-09-02 13:00:00
OL-000301282,ORD-00100427,CUST-001965,PROD-0714,5,2159.44,2026-09-02 18:00:00,delivered,2026-09-02 14:00:00
OL-000301283,ORD-00100427,CUST-001111,PROD-0071,8,2031.37,2026-09-02 19:00:00,delivered,2026-09-02 15:00:00
OL-000301284,ORD-00100428,CUST-002729,PROD-0496,5,1287.19,2026-09-02 08:00:00,delivered,2026-09-02 16:00:00
OL-000301285,ORD-00100428,CUST-002213,PROD-0142,8,3920.31,2026-09-02 09:00:00,delivered,2026-09-02 17:00:00
OL-000301286,ORD-00100428,CUST-002648,PROD-0404,3,476.89,2026-09-02 10:00:00,shipped,2026-09-02 18:00:00
OL-000301287,ORD-00100429,CUST-000524,PROD-0456,5,1524.2,2026-09-02 11:00:00,shipped,2026-09-02 19:00:00
OL-000301288,ORD-00100429,CUST-001444,PROD-0460,6,1466.79,2026-09-02 12:00:00,delivered,2026-09-02 12:00:00
OL-000301289,ORD-00100429,CUST-000272,PROD-0127,2,3460.63,2026-09-02 13:00:00,delivered,2026-09-02 13:00:00
OL-000301290,ORD-00100430,CUST-001198,PROD-0146,1,2953.51,2026-09-02 14:00:00,delivered,2026-09-02 14:00:00
OL-000301291,ORD-00100430,CUST-002233,PROD-0641,7,4573.5,2026-09-02 15:00:00,shipped,2026-09-02 15:00:00
OL-000301292,ORD-00100430,CUST-000476,PROD-0879,4,3161.05,2026-09-02 16:00:00,delivered,2026-09-02 16:00:00
OL-000301293,ORD-00100431,CUST-000228,PROD-0624,8,3910.62,2026-09-02 17:00:00,delivered,2026-09-02 17:00:00
OL-000301294,ORD-00100431,CUST-003839,PROD-0844,3,2388.45,2026-09-02 18:00:00,shipped,2026-09-02 18:00:00
OL-000301295,ORD-00100431,CUST-002135,PROD-0830,4,1901.31,2026-09-02 19:00:00,cancelled,2026-09-02 19:00:00
OL-000301296,ORD-00100432,CUST-002775,PROD-0057,7,2911.95,2026-09-02 08:00:00,delivered,2026-09-02 12:00:00
OL-000301297,ORD-00100432,CUST-000334,PROD-0592,8,4496.38,2026-09-02 09:00:00,delivered,2026-09-02 13:00:00
OL-000301298,ORD-00100432,CUST-000053,PROD-0608,7,3548.16,2026-09-02 10:00:00,placed,2026-09-02 14:00:00
OL-000301299,ORD-00100433,CUST-002651,PROD-0250,7,3029.41,2026-09-02 11:00:00,cancelled,2026-09-02 15:00:00
OL-000301300,ORD-00100433,CUST-002487,PROD-0860,7,695.38,2026-09-02 12:00:00,delivered,2026-09-02 16:00:00
OL-000301301,ORD-00100433,CUST-002332,PROD-0203,5,333.78,2026-09-02 13:00:00,delivered,2026-09-02 17:00:00
OL-000301302,ORD-00100434,CUST-001621,PROD-0606,7,1013.74,2026-09-02 14:00:00,delivered,2026-09-02 18:00:00
OL-000301303,ORD-00100434,CUST-002268,PROD-0642,7,3244.76,2026-09-02 15:00:00,delivered,2026-09-02 19:00:00
OL-000301304,ORD-00100434,CUST-002089,PROD-0743,7,2977.8,2026-09-02 16:00:00,delivered,2026-09-02 12:00:00
OL-000301305,ORD-00100435,CUST-003444,PROD-0701,1,204.95,2026-09-02 17:00:00,delivered,2026-09-02 13:00:00
OL-000301306,ORD-00100435,CUST-000648,PROD-0336,5,1058.96,2026-09-02 18:00:00,delivered,2026-09-02 14:00:00
OL-000301307,ORD-00100435,CUST-000555,PROD-0324,7,3921.27,2026-09-02 19:00:00,shipped,2026-09-02 15:00:00
OL-000301308,ORD-00100436,CUST-003527,PROD-0804,5,1318.39,2026-09-02 08:00:00,delivered,2026-09-02 16:00:00
OL-000301309,ORD-00100436,CUST-003647,PROD-0853,7,586.36,2026-09-02 09:00:00,delivered,2026-09-02 17:00:00
OL-000301310,ORD-00100436,CUST-000338,PROD-0790,4,3511.24,2026-09-02 10:00:00,delivered,2026-09-02 18:00:00
OL-000301311,ORD-00100437,CUST-000151,PROD-0481,7,4087.4,2026-09-02 11:00:00,delivered,2026-09-02 19:00:00
OL-000301312,ORD-00100437,CUST-003479,PROD-0747,7,3015.45,2026-09-02 12:00:00,cancelled,2026-09-02 12:00:00
OL-000301313,ORD-00100437,CUST-000561,PROD-0239,5,1274.93,2026-09-02 13:00:00,shipped,2026-09-02 13:00:00
OL-000301314,ORD-00100438,CUST-003871,PROD-0869,3,3443.65,2026-09-02 14:00:00,delivered,2026-09-02 14:00:00
OL-000301315,ORD-00100438,CUST-002164,PROD-0481,1,3382.72,2026-09-02 15:00:00,shipped,2026-09-02 15:00:00
OL-000301316,ORD-00100438,CUST-000728,PROD-0271,9,705.09,2026-09-02 16:00:00,delivered,2026-09-02 16:00:00
OL-000301317,ORD-00100439,CUST-000147,PROD-0684,2,1548.49,2026-09-02 17:00:00,delivered,2026-09-02 17:00:00
OL-000301318,ORD-00100439,CUST-000231,PROD-0471,1,1957.17,2026-09-02 18:00:00,delivered,2026-09-02 18:00:00
OL-000301319,ORD-00100439,CUST-001921,PROD-0850,9,4183.84,2026-09-02 19:00:00,delivered,2026-09-02 19:00:00
OL-000301320,ORD-00100440,CUST-000097,PROD-0141,3,4509.19,2026-09-02 08:00:00,delivered,2026-09-02 12:00:00
OL-000301321,ORD-00100440,CUST-000840,PROD-0455,2,1077.58,2026-09-02 09:00:00,delivered,2026-09-02 13:00:00
OL-000301322,ORD-00100440,CUST-002362,PROD-0785,3,1467.17,2026-09-02 10:00:00,delivered,2026-09-02 14:00:00
OL-000301323,ORD-00100441,CUST-002162,PROD-0059,3,789.75,2026-09-02 11:00:00,cancelled,2026-09-02 15:00:00
OL-000301324,ORD-00100441,CUST-002415,PROD-0378,5,961.62,2026-09-02 12:00:00,delivered,2026-09-02 16:00:00
OL-000301325,ORD-00100441,CUST-001508,PROD-0345,2,2622.49,2026-09-02 13:00:00,placed,2026-09-02 17:00:00
OL-000301326,ORD-00100442,CUST-001619,PROD-0383,6,821.54,2026-09-02 14:00:00,placed,2026-09-02 18:00:00
OL-000301327,ORD-00100442,CUST-001149,PROD-0761,6,4183.36,2026-09-02 15:00:00,shipped,2026-09-02 19:00:00
OL-000301328,ORD-00100442,CUST-001758,PROD-0552,6,1685.83,2026-09-02 16:00:00,delivered,2026-09-02 12:00:00
OL-000301329,ORD-00100443,CUST-001435,PROD-0297,8,274.81,2026-09-02 17:00:00,shipped,2026-09-02 13:00:00
OL-000301330,ORD-00100443,CUST-003620,PROD-0376,4,418.3,2026-09-02 18:00:00,delivered,2026-09-02 14:00:00
OL-000301331,ORD-00100443,CUST-001359,PROD-0783,4,2973.77,2026-09-02 19:00:00,delivered,2026-09-02 15:00:00
OL-000301332,ORD-00100444,CUST-000006,PROD-0584,9,2002.8,2026-09-02 08:00:00,shipped,2026-09-02 16:00:00
OL-000301333,ORD-00100444,CUST-001923,PROD-0325,2,1822.85,2026-09-02 09:00:00,delivered,2026-09-02 17:00:00
OL-000301334,ORD-00100444,CUST-001785,PROD-0425,5,4274.72,2026-09-02 10:00:00,shipped,2026-09-02 18:00:00
OL-000301335,ORD-00100445,CUST-001389,PROD-0772,4,2031.9,2026-09-02 11:00:00,shipped,2026-09-02 19:00:00
OL-000301336,ORD-00100445,CUST-002531,PROD-0777,9,2224.8,2026-09-02 12:00:00,delivered,2026-09-02 12:00:00
OL-000301337,ORD-00100445,CUST-002665,PROD-0139,9,386.41,2026-09-02 13:00:00,delivered,2026-09-02 13:00:00
OL-000301338,ORD-00100446,CUST-000579,PROD-0030,8,3966.84,2026-09-02 14:00:00,shipped,2026-09-02 14:00:00
OL-000301339,ORD-00100446,CUST-001966,PROD-0080,1,4650.36,2026-09-02 15:00:00,delivered,2026-09-02 15:00:00
OL-000301340,ORD-00100446,CUST-002419,PROD-0025,1,728.02,2026-09-02 16:00:00,delivered,2026-09-02 16:00:00
OL-000301341,ORD-00100447,CUST-000853,PROD-0304,9,3255.66,2026-09-02 17:00:00,delivered,2026-09-02 17:00:00
OL-000301342,ORD-00100447,CUST-003396,PROD-0560,4,3513.1,2026-09-02 18:00:00,delivered,2026-09-02 18:00:00
OL-000301343,ORD-00100447,CUST-002634,PROD-0748,9,2933.58,2026-09-02 19:00:00,delivered,2026-09-02 19:00:00
OL-000301344,ORD-00100448,CUST-000653,PROD-0865,5,3037.3,2026-09-02 08:00:00,delivered,2026-09-02 12:00:00
OL-000301345,ORD-00100448,CUST-003813,PROD-0529,8,2471.4,2026-09-02 09:00:00,delivered,2026-09-02 13:00:00
OL-000301346,ORD-00100448,CUST-002164,PROD-0141,6,697.24,2026-09-02 10:00:00,delivered,2026-09-02 14:00:00
OL-000301347,ORD-00100449,CUST-003531,PROD-0753,6,1919.46,2026-09-02 11:00:00,delivered,2026-09-02 15:00:00
OL-000301348,ORD-00100449,CUST-003380,PROD-0557,9,3521.41,2026-09-02 12:00:00,delivered,2026-09-02 16:00:00
OL-000301349,ORD-00100449,CUST-002273,PROD-0485,4,994.53,2026-09-02 13:00:00,delivered,2026-09-02 17:00:00
OL-000301350,ORD-00100450,CUST-001588,PROD-0550,8,1908.27,2026-09-02 14:00:00,delivered,2026-09-02 18:00:00
OL-000301351,ORD-00100450,CUST-000261,PROD-0015,1,2988.33,2026-09-02 15:00:00,delivered,2026-09-02 19:00:00
OL-000301352,ORD-00100450,CUST-001142,PROD-0191,9,2521.32,2026-09-02 16:00:00,placed,2026-09-02 12:00:00
OL-000301353,ORD-00100451,CUST-000082,PROD-0340,7,1903.1,2026-09-02 17:00:00,delivered,2026-09-02 13:00:00
OL-000301354,ORD-00100451,CUST-000851,PROD-0163,7,2686.65,2026-09-02 18:00:00,shipped,2026-09-02 14:00:00
OL-000301355,ORD-00100451,CUST-002185,PROD-0381,5,1356.95,2026-09-02 19:00:00,delivered,2026-09-02 15:00:00
OL-000301356,ORD-00100452,CUST-000684,PROD-0697,5,1948.57,2026-09-02 08:00:00,delivered,2026-09-02 16:00:00
OL-000301357,ORD-00100452,CUST-000124,PROD-0211,4,864.07,2026-09-02 09:00:00,shipped,2026-09-02 17:00:00
OL-000301358,ORD-00100452,CUST-001038,PROD-0828,2,400.87,2026-09-02 10:00:00,cancelled,2026-09-02 18:00:00
OL-000301359,ORD-00100453,CUST-002547,PROD-0608,5,169.57,2026-09-02 11:00:00,delivered,2026-09-02 19:00:00
OL-000301360,ORD-00100453,CUST-001668,PROD-0012,5,3352.48,2026-09-02 12:00:00,delivered,2026-09-02 12:00:00
OL-000301361,ORD-00100453,CUST-001618,PROD-0427,7,2288.06,2026-09-02 13:00:00,delivered,2026-09-02 13:00:00
OL-000301362,ORD-00100454,CUST-001657,PROD-0601,6,589.88,2026-09-02 14:00:00,delivered,2026-09-02 14:00:00
OL-000301363,ORD-00100454,CUST-003731,PROD-0282,3,3253.52,2026-09-02 15:00:00,shipped,2026-09-02 15:00:00
OL-000301364,ORD-00100454,CUST-001113,PROD-0874,3,4249.72,2026-09-02 16:00:00,delivered,2026-09-02 16:00:00
OL-000301365,ORD-00100455,CUST-003789,PROD-0178,6,3347.4,2026-09-02 17:00:00,delivered,2026-09-02 17:00:00
OL-000301366,ORD-00100455,CUST-003055,PROD-0525,5,2762.05,2026-09-02 18:00:00,delivered,2026-09-02 18:00:00
OL-000301367,ORD-00100455,CUST-000472,PROD-0606,2,3967.1,2026-09-02 19:00:00,delivered,2026-09-02 19:00:00
OL-000301368,ORD-00100456,CUST-003843,PROD-0279,8,157.0,2026-09-02 08:00:00,shipped,2026-09-02 12:00:00
OL-000301369,ORD-00100456,CUST-001660,PROD-0610,5,333.85,2026-09-02 09:00:00,delivered,2026-09-02 13:00:00
OL-000301370,ORD-00100456,CUST-003882,PROD-0717,1,2935.93,2026-09-02 10:00:00,delivered,2026-09-02 14:00:00
OL-000301371,ORD-00100457,CUST-000004,PROD-0089,6,2798.34,2026-09-02 11:00:00,shipped,2026-09-02 15:00:00
OL-000301372,ORD-00100457,CUST-000500,PROD-0716,1,4243.24,2026-09-02 12:00:00,delivered,2026-09-02 16:00:00
OL-000301373,ORD-00100457,CUST-002730,PROD-0506,7,3613.81,2026-09-02 13:00:00,shipped,2026-09-02 17:00:00
OL-000301374,ORD-00100458,CUST-002506,PROD-0059,8,2740.81,2026-09-02 14:00:00,delivered,2026-09-02 18:00:00
OL-000301375,ORD-00100458,CUST-003490,PROD-0274,7,2687.86,2026-09-02 15:00:00,delivered,2026-09-02 19:00:00
OL-000301376,ORD-00100458,CUST-000974,PROD-0835,6,2823.03,2026-09-02 16:00:00,shipped,2026-09-02 12:00:00
OL-000301377,ORD-00100459,CUST-002624,PROD-0488,2,831.21,2026-09-02 17:00:00,delivered,2026-09-02 13:00:00
OL-000301378,ORD-00100459,CUST-001990,PROD-0781,1,4036.85,2026-09-02 18:00:00,shipped,2026-09-02 14:00:00
OL-000301379,ORD-00100459,CUST-003510,PROD-0493,9,3967.79,2026-09-02 19:00:00,delivered,2026-09-02 15:00:00
OL-000301380,ORD-00100460,CUST-003425,PROD-0803,9,1052.74,2026-09-02 08:00:00,delivered,2026-09-02 16:00:00
OL-000301381,ORD-00100460,CUST-002292,PROD-0218,2,1979.43,2026-09-02 09:00:00,shipped,2026-09-02 17:00:00
OL-000301382,ORD-00100460,CUST-003386,PROD-0657,8,3672.52,2026-09-02 10:00:00,delivered,2026-09-02 18:00:00
OL-000301383,ORD-00100461,CUST-001691,PROD-0039,6,1843.1,2026-09-02 11:00:00,shipped,2026-09-02 19:00:00
OL-000301384,ORD-00100461,CUST-001461,PROD-0779,9,2125.78,2026-09-02 12:00:00,delivered,2026-09-02 12:00:00
OL-000301385,ORD-00100461,CUST-003759,PROD-0095,7,1194.73,2026-09-02 13:00:00,delivered,2026-09-02 13:00:00
OL-000301386,ORD-00100462,CUST-001259,PROD-0604,5,229.64,2026-09-02 14:00:00,delivered,2026-09-02 14:00:00
OL-000301387,ORD-00100462,CUST-003434,PROD-0644,1,2880.91,2026-09-02 15:00:00,delivered,2026-09-02 15:00:00
OL-000301388,ORD-00100462,CUST-003051,PROD-0876,8,3057.22,2026-09-02 16:00:00,delivered,2026-09-02 16:00:00
OL-000301389,ORD-00100463,CUST-003238,PROD-0822,1,2331.29,2026-09-02 17:00:00,delivered,2026-09-02 17:00:00
OL-000301390,ORD-00100463,CUST-000387,PROD-0603,9,1914.97,2026-09-02 18:00:00,delivered,2026-09-02 18:00:00
OL-000301391,ORD-00100463,CUST-001454,PROD-0151,7,670.56,2026-09-02 19:00:00,placed,2026-09-02 19:00:00
OL-000301392,ORD-00100464,CUST-002376,PROD-0813,1,1481.83,2026-09-02 08:00:00,placed,2026-09-02 12:00:00
OL-000301393,ORD-00100464,CUST-001533,PROD-0245,9,3835.63,2026-09-02 09:00:00,delivered,2026-09-02 13:00:00
OL-000301394,ORD-00100464,CUST-001776,PROD-0043,6,2270.05,2026-09-02 10:00:00,delivered,2026-09-02 14:00:00
OL-000301395,ORD-00100465,CUST-001793,PROD-0121,1,4762.95,2026-09-02 11:00:00,delivered,2026-09-02 15:00:00
OL-000301396,ORD-00100465,CUST-001159,PROD-0387,3,3755.7,2026-09-02 12:00:00,shipped,2026-09-02 16:00:00
OL-000301397,ORD-00100465,CUST-001872,PROD-0058,9,4427.9,2026-09-02 13:00:00,delivered,2026-09-02 17:00:00
OL-000301398,ORD-00100466,CUST-000794,PROD-0755,4,1436.95,2026-09-02 14:00:00,shipped,2026-09-02 18:00:00
OL-000301399,ORD-00100466,CUST-002879,PROD-0718,4,834.2,2026-09-02 15:00:00,shipped,2026-09-02 19:00:00
OL-000301400,ORD-00100466,CUST-002647,PROD-0387,8,4579.5,2026-09-02 16:00:00,delivered,2026-09-02 12:00:00
OL-000301401,ORD-00100467,CUST-002210,PROD-0165,7,3365.61,2026-09-02 17:00:00,shipped,2026-09-02 13:00:00
OL-000301402,ORD-00100467,CUST-003855,PROD-0582,2,1279.8,2026-09-02 18:00:00,delivered,2026-09-02 14:00:00
OL-000301403,ORD-00100467,CUST-002019,PROD-0425,1,409.58,2026-09-02 19:00:00,delivered,2026-09-02 15:00:00
OL-000301404,ORD-00100468,CUST-000783,PROD-0371,3,915.42,2026-09-02 08:00:00,delivered,2026-09-02 16:00:00
OL-000301405,ORD-00100468,CUST-001090,PROD-0428,9,2745.99,2026-09-02 09:00:00,delivered,2026-09-02 17:00:00
OL-000301406,ORD-00100468,CUST-003311,PROD-0477,2,2186.11,2026-09-02 10:00:00,delivered,2026-09-02 18:00:00
OL-000301407,ORD-00100469,CUST-000117,PROD-0888,5,3717.28,2026-09-02 11:00:00,delivered,2026-09-02 19:00:00
OL-000301408,ORD-00100469,CUST-003317,PROD-0081,9,3162.63,2026-09-02 12:00:00,delivered,2026-09-02 12:00:00
OL-000301409,ORD-00100469,CUST-002365,PROD-0463,7,2566.03,2026-09-02 13:00:00,shipped,2026-09-02 13:00:00
OL-000301410,ORD-00100470,CUST-001374,PROD-0266,8,1758.94,2026-09-02 14:00:00,delivered,2026-09-02 14:00:00
OL-000301411,ORD-00100470,CUST-003026,PROD-0438,5,1546.27,2026-09-02 15:00:00,placed,2026-09-02 15:00:00
OL-000301412,ORD-00100470,CUST-000278,PROD-0446,8,2909.34,2026-09-02 16:00:00,placed,2026-09-02 16:00:00
OL-000301413,ORD-00100471,CUST-001159,PROD-0533,5,4637.61,2026-09-02 17:00:00,delivered,2026-09-02 17:00:00
OL-000301414,ORD-00100471,CUST-002991,PROD-0834,8,4577.5,2026-09-02 18:00:00,delivered,2026-09-02 18:00:00
OL-000301415,ORD-00100471,CUST-001749,PROD-0412,6,4335.27,2026-09-02 19:00:00,placed,2026-09-02 19:00:00
OL-000301416,ORD-00100472,CUST-001951,PROD-0462,7,4567.4,2026-09-02 08:00:00,delivered,2026-09-02 12:00:00
OL-000301417,ORD-00100472,CUST-002668,PROD-0863,9,2121.4,2026-09-02 09:00:00,shipped,2026-09-02 13:00:00
OL-000301418,ORD-00100472,CUST-003670,PROD-0645,9,1554.79,2026-09-02 10:00:00,delivered,2026-09-02 14:00:00
OL-000301419,ORD-00100473,CUST-001723,PROD-0185,7,1926.88,2026-09-02 11:00:00,delivered,2026-09-02 15:00:00
OL-000301420,ORD-00100473,CUST-001793,PROD-0799,4,4522.42,2026-09-02 12:00:00,delivered,2026-09-02 16:00:00
OL-000301421,ORD-00100473,CUST-001460,PROD-0533,9,1067.12,2026-09-02 13:00:00,shipped,2026-09-02 17:00:00
OL-000301422,ORD-00100474,CUST-003788,PROD-0527,4,3433.36,2026-09-02 14:00:00,shipped,2026-09-02 18:00:00
OL-000301423,ORD-00100474,CUST-001603,PROD-0680,1,1889.84,2026-09-02 15:00:00,shipped,2026-09-02 19:00:00
OL-000301424,ORD-00100474,CUST-002307,PROD-0608,2,2635.93,2026-09-02 16:00:00,delivered,2026-09-02 12:00:00
OL-000301425,ORD-00100475,CUST-003364,PROD-0275,3,259.05,2026-09-02 17:00:00,delivered,2026-09-02 13:00:00
OL-000301426,ORD-00100475,CUST-000526,PROD-0835,5,2989.87,2026-09-02 18:00:00,shipped,2026-09-02 14:00:00
OL-000301427,ORD-00100475,CUST-003702,PROD-0894,4,919.91,2026-09-02 19:00:00,placed,2026-09-02 15:00:00
OL-000301428,ORD-00100476,CUST-002615,PROD-0034,2,3769.05,2026-09-02 08:00:00,delivered,2026-09-02 16:00:00
OL-000301429,ORD-00100476,CUST-003841,PROD-0874,7,4013.66,2026-09-02 09:00:00,delivered,2026-09-02 17:00:00
OL-000301430,ORD-00100476,CUST-002639,PROD-0806,8,4119.48,2026-09-02 10:00:00,cancelled,2026-09-02 18:00:00
OL-000301431,ORD-00100477,CUST-002253,PROD-0897,6,4271.02,2026-09-02 11:00:00,placed,2026-09-02 19:00:00
OL-000301432,ORD-00100477,CUST-001434,PROD-0204,6,4711.6,2026-09-02 12:00:00,delivered,2026-09-02 12:00:00
OL-000301433,ORD-00100477,CUST-002592,PROD-0781,9,2982.4,2026-09-02 13:00:00,delivered,2026-09-02 13:00:00
OL-000301434,ORD-00100478,CUST-003024,PROD-0762,7,3056.82,2026-09-02 14:00:00,delivered,2026-09-02 14:00:00
OL-000301435,ORD-00100478,CUST-000062,PROD-0242,7,3367.57,2026-09-02 15:00:00,delivered,2026-09-02 15:00:00
OL-000301436,ORD-00100478,CUST-003442,PROD-0121,4,4497.98,2026-09-02 16:00:00,shipped,2026-09-02 16:00:00
OL-000301437,ORD-00100479,CUST-003697,PROD-0300,4,1544.75,2026-09-02 17:00:00,delivered,2026-09-02 17:00:00
OL-000301438,ORD-00100479,CUST-001762,PROD-0604,7,3023.14,2026-09-02 18:00:00,delivered,2026-09-02 18:00:00
OL-000301439,ORD-00100479,CUST-003564,PROD-0245,8,3321.98,2026-09-02 19:00:00,delivered,2026-09-02 19:00:00
OL-000301440,ORD-00100480,CUST-003911,PROD-0709,9,336.72,2026-09-02 08:00:00,placed,2026-09-02 12:00:00
OL-000301441,ORD-00100480,CUST-002712,PROD-0409,7,4029.31,2026-09-02 09:00:00,delivered,2026-09-02 13:00:00
OL-000301442,ORD-00100480,CUST-000217,PROD-0416,4,3733.58,2026-09-02 10:00:00,delivered,2026-09-02 14:00:00
OL-000301443,ORD-00100481,CUST-002755,PROD-0396,4,1351.76,2026-09-02 11:00:00,delivered,2026-09-02 15:00:00
OL-000301444,ORD-00100481,CUST-003359,PROD-0357,3,776.11,2026-09-02 12:00:00,cancelled,2026-09-02 16:00:00
OL-000301445,ORD-00100481,CUST-002398,PROD-0247,8,3706.12,2026-09-02 13:00:00,delivered,2026-09-02 17:00:00
OL-000301446,ORD-00100482,CUST-001872,PROD-0642,5,2201.63,2026-09-02 14:00:00,delivered,2026-09-02 18:00:00
OL-000301447,ORD-00100482,CUST-000295,PROD-0420,9,4209.89,2026-09-02 15:00:00,delivered,2026-09-02 19:00:00
OL-000301448,ORD-00100482,CUST-003314,PROD-0845,7,1556.69,2026-09-02 16:00:00,delivered,2026-09-02 12:00:00
OL-000301449,ORD-00100483,CUST-003284,PROD-0764,4,1947.83,2026-09-02 17:00:00,delivered,2026-09-02 13:00:00
OL-000301450,ORD-00100483,CUST-001875,PROD-0255,8,1546.56,2026-09-02 18:00:00,delivered,2026-09-02 14:00:00
OL-000301451,ORD-00100483,CUST-001456,PROD-0236,9,1197.69,2026-09-02 19:00:00,delivered,2026-09-02 15:00:00
OL-000301452,ORD-00100484,CUST-003642,PROD-0618,4,405.69,2026-09-02 08:00:00,delivered,2026-09-02 16:00:00
OL-000301453,ORD-00100484,CUST-001025,PROD-0648,7,1207.09,2026-09-02 09:00:00,delivered,2026-09-02 17:00:00
OL-000301454,ORD-00100484,CUST-001432,PROD-0748,9,3243.59,2026-09-02 10:00:00,delivered,2026-09-02 18:00:00
OL-000301455,ORD-00100485,CUST-001649,PROD-0402,2,2616.07,2026-09-02 11:00:00,delivered,2026-09-02 19:00:00
OL-000301456,ORD-00100485,CUST-001935,PROD-0780,2,3955.24,2026-09-02 12:00:00,delivered,2026-09-02 12:00:00
OL-000301457,ORD-00100485,CUST-002820,PROD-0272,9,130.61,2026-09-02 13:00:00,delivered,2026-09-02 13:00:00
OL-000301458,ORD-00100486,CUST-003500,PROD-0786,8,1315.89,2026-09-02 14:00:00,shipped,2026-09-02 14:00:00
OL-000301459,ORD-00100486,CUST-003416,PROD-0148,3,1064.84,2026-09-02 15:00:00,delivered,2026-09-02 15:00:00
OL-000301460,ORD-00100486,CUST-000022,PROD-0566,3,4546.44,2026-09-02 16:00:00,delivered,2026-09-02 16:00:00
OL-000301461,ORD-00100487,CUST-003495,PROD-0869,1,2456.96,2026-09-02 17:00:00,delivered,2026-09-02 17:00:00
OL-000301462,ORD-00100487,CUST-003937,PROD-0232,9,1030.06,2026-09-02 18:00:00,placed,2026-09-02 18:00:00
OL-000301463,ORD-00100487,CUST-002389,PROD-0094,3,1938.92,2026-09-02 19:00:00,delivered,2026-09-02 19:00:00
OL-000301464,ORD-00100488,CUST-003516,PROD-0015,6,635.32,2026-09-02 08:00:00,delivered,2026-09-02 12:00:00
OL-000301465,ORD-00100488,CUST-000880,PROD-0327,5,3322.07,2026-09-02 09:00:00,delivered,2026-09-02 13:00:00
OL-000301466,ORD-00100488,CUST-002659,PROD-0784,7,2901.32,2026-09-02 10:00:00,delivered,2026-09-02 14:00:00
OL-000301467,ORD-00100489,CUST-002365,PROD-0419,7,797.15,2026-09-02 11:00:00,delivered,2026-09-02 15:00:00
OL-000301468,ORD-00100489,CUST-003120,PROD-0874,7,1287.24,2026-09-02 12:00:00,delivered,2026-09-02 16:00:00
OL-000301469,ORD-00100489,CUST-002867,PROD-0433,5,2133.7,2026-09-02 13:00:00,delivered,2026-09-02 17:00:00
OL-000301470,ORD-00100490,CUST-000591,PROD-0710,1,3252.0,2026-09-02 14:00:00,delivered,2026-09-02 18:00:00
OL-000301471,ORD-00100490,CUST-002277,PROD-0348,9,1151.95,2026-09-02 15:00:00,delivered,2026-09-02 19:00:00
OL-000301472,ORD-00100490,CUST-001356,PROD-0417,1,2868.98,2026-09-02 16:00:00,delivered,2026-09-02 12:00:00
OL-000301473,ORD-00100491,CUST-002620,PROD-0859,9,137.95,2026-09-02 17:00:00,delivered,2026-09-02 13:00:00
OL-000301474,ORD-00100491,CUST-001382,PROD-0874,8,2847.78,2026-09-02 18:00:00,delivered,2026-09-02 14:00:00
OL-000301475,ORD-00100491,CUST-000314,PROD-0378,8,374.12,2026-09-02 19:00:00,delivered,2026-09-02 15:00:00
OL-000301476,ORD-00100492,CUST-000800,PROD-0584,5,491.35,2026-09-02 08:00:00,shipped,2026-09-02 16:00:00
OL-000301477,ORD-00100492,CUST-002549,PROD-0415,7,1172.37,2026-09-02 09:00:00,delivered,2026-09-02 17:00:00
OL-000301478,ORD-00100492,CUST-001610,PROD-0540,8,402.88,2026-09-02 10:00:00,delivered,2026-09-02 18:00:00
OL-000301479,ORD-00100493,CUST-000365,PROD-0829,7,3414.25,2026-09-02 11:00:00,shipped,2026-09-02 19:00:00
OL-000301480,ORD-00100493,CUST-001603,PROD-0463,5,1705.13,2026-09-02 12:00:00,delivered,2026-09-02 12:00:00
OL-000301481,ORD-00100493,CUST-002030,PROD-0086,4,3394.39,2026-09-02 13:00:00,delivered,2026-09-02 13:00:00
OL-000301482,ORD-00100494,CUST-000605,PROD-0560,7,658.11,2026-09-02 14:00:00,delivered,2026-09-02 14:00:00
OL-000301483,ORD-00100494,CUST-002778,PROD-0848,6,3190.91,2026-09-02 15:00:00,delivered,2026-09-02 15:00:00
OL-000301484,ORD-00100494,CUST-002996,PROD-0543,5,1639.03,2026-09-02 16:00:00,shipped,2026-09-02 16:00:00
OL-000301485,ORD-00100495,CUST-002078,PROD-0882,8,1083.53,2026-09-02 17:00:00,delivered,2026-09-02 17:00:00
OL-000301486,ORD-00100495,CUST-002995,PROD-0029,3,616.52,2026-09-02 18:00:00,shipped,2026-09-02 18:00:00
OL-000301487,ORD-00100495,CUST-000206,PROD-0106,8,1315.5,2026-09-02 19:00:00,delivered,2026-09-02 19:00:00
OL-000301488,ORD-00100496,CUST-000779,PROD-0349,7,296.68,2026-09-02 08:00:00,delivered,2026-09-02 12:00:00
OL-000301489,ORD-00100496,CUST-003053,PROD-0773,1,4356.4,2026-09-02 09:00:00,delivered,2026-09-02 13:00:00
OL-000301490,ORD-00100496,CUST-001505,PROD-0215,9,3945.94,2026-09-02 10:00:00,shipped,2026-09-02 14:00:00
OL-000301491,ORD-00100497,CUST-000963,PROD-0289,9,2260.17,2026-09-02 11:00:00,delivered,2026-09-02 15:00:00
OL-000301492,ORD-00100497,CUST-001533,PROD-0583,4,2928.03,2026-09-02 12:00:00,shipped,2026-09-02 16:00:00
OL-000301493,ORD-00100497,CUST-000715,PROD-0191,4,2476.42,2026-09-02 13:00:00,placed,2026-09-02 17:00:00
OL-000301494,ORD-00100498,CUST-000679,PROD-0635,9,1905.68,2026-09-02 14:00:00,delivered,2026-09-02 18:00:00
OL-000301495,ORD-00100498,CUST-000735,PROD-0495,5,2098.08,2026-09-02 15:00:00,delivered,2026-09-02 19:00:00
OL-000301496,ORD-00100498,CUST-002051,PROD-0018,7,2548.11,2026-09-02 16:00:00,shipped,2026-09-02 12:00:00
OL-000301497,ORD-00100499,CUST-003816,PROD-0589,6,979.99,2026-09-02 17:00:00,delivered,2026-09-02 13:00:00
OL-000301498,ORD-00100499,CUST-003945,PROD-0593,2,2790.48,2026-09-02 18:00:00,delivered,2026-09-02 14:00:00
OL-000301499,ORD-00100499,CUST-000764,PROD-0505,3,2339.27,2026-09-02 19:00:00,delivered,2026-09-02 15:00:00
OL-000301500,ORD-00100500,CUST-001847,PROD-0884,7,3729.94,2026-09-02 08:00:00,delivered,2026-09-02 16:00:00
OL-000301501,ORD-00100500,CUST-003326,PROD-0872,8,1258.02,2026-09-02 09:00:00,placed,2026-09-02 17:00:00
OL-000301502,ORD-00100500,CUST-003041,PROD-0826,1,4187.86,2026-09-02 10:00:00,delivered,2026-09-02 18:00:00
OL-000301503,ORD-00100501,CUST-002381,PROD-0588,8,573.23,2026-09-02 11:00:00,delivered,2026-09-02 19:00:00
OL-000301504,ORD-00100501,CUST-001568,PROD-0264,2,673.69,2026-09-02 12:00:00,delivered,2026-09-02 12:00:00
OL-000301505,ORD-00100501,CUST-000409,PROD-0501,2,956.77,2026-09-02 13:00:00,cancelled,2026-09-02 13:00:00
OL-000301506,ORD-00100502,CUST-001364,PROD-0669,7,1199.57,2026-09-02 14:00:00,placed,2026-09-02 14:00:00
OL-000301507,ORD-00100502,CUST-001018,PROD-0135,3,4015.99,2026-09-02 15:00:00,delivered,2026-09-02 15:00:00
OL-000301508,ORD-00100502,CUST-003204,PROD-0428,3,3108.12,2026-09-02 16:00:00,delivered,2026-09-02 16:00:00
OL-000301509,ORD-00100503,CUST-002656,PROD-0886,9,2575.52,2026-09-02 17:00:00,delivered,2026-09-02 17:00:00
OL-000301510,ORD-00100503,CUST-002257,PROD-0737,1,1200.63,2026-09-02 18:00:00,delivered,2026-09-02 18:00:00
OL-000301511,ORD-00100503,CUST-003477,PROD-0650,6,2873.27,2026-09-02 19:00:00,shipped,2026-09-02 19:00:00
OL-000301512,ORD-00100504,CUST-000145,PROD-0255,8,164.85,2026-09-02 08:00:00,delivered,2026-09-02 12:00:00
OL-000301513,ORD-00100504,CUST-000696,PROD-0181,5,2893.63,2026-09-02 09:00:00,delivered,2026-09-02 13:00:00
OL-000301514,ORD-00100504,CUST-003580,PROD-0782,9,3670.57,2026-09-02 10:00:00,shipped,2026-09-02 14:00:00
OL-000301515,ORD-00100505,CUST-002822,PROD-0437,1,2557.4,2026-09-02 11:00:00,delivered,2026-09-02 15:00:00
OL-000301516,ORD-00100505,CUST-002792,PROD-0392,1,3755.43,2026-09-02 12:00:00,delivered,2026-09-02 16:00:00
OL-000301517,ORD-00100505,CUST-003938,PROD-0482,4,2803.64,2026-09-02 13:00:00,delivered,2026-09-02 17:00:00
OL-000301518,ORD-00100506,CUST-000320,PROD-0777,4,834.05,2026-09-02 14:00:00,delivered,2026-09-02 18:00:00
OL-000301519,ORD-00100506,CUST-001162,PROD-0102,1,723.81,2026-09-02 15:00:00,delivered,2026-09-02 19:00:00
OL-000301520,ORD-00100506,CUST-001266,PROD-0270,6,1697.0,2026-09-02 16:00:00,delivered,2026-09-02 12:00:00
OL-000301521,ORD-00100507,CUST-000131,PROD-0023,9,567.79,2026-09-02 17:00:00,delivered,2026-09-02 13:00:00
OL-000301522,ORD-00100507,CUST-003408,PROD-0273,5,1924.96,2026-09-02 18:00:00,shipped,2026-09-02 14:00:00
OL-000301523,ORD-00100507,CUST-002926,PROD-0642,6,3677.95,2026-09-02 19:00:00,delivered,2026-09-02 15:00:00
OL-000301524,ORD-00100508,CUST-003624,PROD-0019,8,1248.17,2026-09-02 08:00:00,placed,2026-09-02 16:00:00
OL-000301525,ORD-00100508,CUST-000994,PROD-0234,4,4417.71,2026-09-02 09:00:00,shipped,2026-09-02 17:00:00
OL-000301526,ORD-00100508,CUST-001305,PROD-0015,2,4444.34,2026-09-02 10:00:00,delivered,2026-09-02 18:00:00
OL-000301527,ORD-00100509,CUST-001118,PROD-0677,8,1021.16,2026-09-02 11:00:00,cancelled,2026-09-02 19:00:00
OL-000301528,ORD-00100509,CUST-001104,PROD-0338,4,4686.78,2026-09-02 12:00:00,shipped,2026-09-02 12:00:00
OL-000301529,ORD-00100509,CUST-003419,PROD-0874,7,704.8,2026-09-02 13:00:00,delivered,2026-09-02 13:00:00
OL-000301530,ORD-00100510,CUST-001473,PROD-0865,3,4648.43,2026-09-02 14:00:00,cancelled,2026-09-02 14:00:00
OL-000301531,ORD-00100510,CUST-002894,PROD-0107,2,971.95,2026-09-02 15:00:00,placed,2026-09-02 15:00:00
OL-000301532,ORD-00100510,CUST-000014,PROD-0800,5,990.33,2026-09-02 16:00:00,delivered,2026-09-02 16:00:00
OL-000301533,ORD-00100511,CUST-002725,PROD-0370,4,130.7,2026-09-02 17:00:00,delivered,2026-09-02 17:00:00
OL-000301534,ORD-00100511,CUST-002586,PROD-0485,4,4118.69,2026-09-02 18:00:00,shipped,2026-09-02 18:00:00
OL-000301535,ORD-00100511,CUST-003667,PROD-0526,5,2851.14,2026-09-02 19:00:00,shipped,2026-09-02 19:00:00
OL-000301536,ORD-00100512,CUST-003781,PROD-0780,9,1338.55,2026-09-02 08:00:00,delivered,2026-09-02 12:00:00
OL-000301537,ORD-00100512,CUST-001501,PROD-0224,9,3978.24,2026-09-02 09:00:00,delivered,2026-09-02 13:00:00
OL-000301538,ORD-00100512,CUST-003559,PROD-0530,2,3724.21,2026-09-02 10:00:00,delivered,2026-09-02 14:00:00
OL-000301539,ORD-00100513,CUST-003809,PROD-0608,8,3286.76,2026-09-02 11:00:00,delivered,2026-09-02 15:00:00
OL-000301540,ORD-00100513,CUST-002710,PROD-0038,8,4503.87,2026-09-02 12:00:00,shipped,2026-09-02 16:00:00
OL-000301541,ORD-00100513,CUST-003314,PROD-0582,9,471.04,2026-09-02 13:00:00,delivered,2026-09-02 17:00:00
OL-000301542,ORD-00100514,CUST-000128,PROD-0014,9,4123.43,2026-09-02 14:00:00,placed,2026-09-02 18:00:00
OL-000301543,ORD-00100514,CUST-000016,PROD-0026,6,1155.69,2026-09-02 15:00:00,delivered,2026-09-02 19:00:00
OL-000301544,ORD-00100514,CUST-001202,PROD-0372,1,3968.31,2026-09-02 16:00:00,delivered,2026-09-02 12:00:00
OL-000301545,ORD-00100515,CUST-003981,PROD-0509,5,438.96,2026-09-02 17:00:00,delivered,2026-09-02 13:00:00
OL-000301546,ORD-00100515,CUST-003266,PROD-0296,8,1903.04,2026-09-02 18:00:00,placed,2026-09-02 14:00:00
OL-000301547,ORD-00100515,CUST-002249,PROD-0605,5,486.41,2026-09-02 19:00:00,delivered,2026-09-02 15:00:00
OL-000301548,ORD-00100516,CUST-001813,PROD-0411,1,2120.52,2026-09-02 08:00:00,shipped,2026-09-02 16:00:00
OL-000301549,ORD-00100516,CUST-000768,PROD-0310,9,702.68,2026-09-02 09:00:00,delivered,2026-09-02 17:00:00
OL-000301550,ORD-00100516,CUST-003081,PROD-0459,7,2447.06,2026-09-02 10:00:00,delivered,2026-09-02 18:00:00
OL-000301551,ORD-00100517,CUST-000001,PROD-0203,8,4459.38,2026-09-02 11:00:00,delivered,2026-09-02 19:00:00
OL-000301552,ORD-00100517,CUST-001596,PROD-0453,3,1277.87,2026-09-02 12:00:00,placed,2026-09-02 12:00:00
OL-000301553,ORD-00100517,CUST-000942,PROD-0560,5,2157.3,2026-09-02 13:00:00,delivered,2026-09-02 13:00:00
OL-000301554,ORD-00100518,CUST-001341,PROD-0162,4,1074.94,2026-09-02 14:00:00,delivered,2026-09-02 14:00:00
OL-000301555,ORD-00100518,CUST-002619,PROD-0752,9,4492.97,2026-09-02 15:00:00,delivered,2026-09-02 15:00:00
OL-000301556,ORD-00100518,CUST-003723,PROD-0167,7,2914.92,2026-09-02 16:00:00,delivered,2026-09-02 16:00:00
OL-000301557,ORD-00100519,CUST-002580,PROD-0625,7,731.62,2026-09-02 17:00:00,delivered,2026-09-02 17:00:00
OL-000301558,ORD-00100519,CUST-003192,PROD-0511,9,4183.87,2026-09-02 18:00:00,delivered,2026-09-02 18:00:00
OL-000301559,ORD-00100519,CUST-003742,PROD-0302,8,3178.27,2026-09-02 19:00:00,shipped,2026-09-02 19:00:00
OL-000301560,ORD-00100520,CUST-000495,PROD-0470,8,1249.22,2026-09-02 08:00:00,cancelled,2026-09-02 12:00:00
OL-000301561,ORD-00100520,CUST-003508,PROD-0858,4,412.77,2026-09-02 09:00:00,shipped,2026-09-02 13:00:00
OL-000301562,ORD-00100520,CUST-002156,PROD-0719,2,1107.18,2026-09-02 10:00:00,delivered,2026-09-02 14:00:00
OL-000301563,ORD-00100521,CUST-001948,PROD-0711,2,3701.0,2026-09-02 11:00:00,delivered,2026-09-02 15:00:00
OL-000301564,ORD-00100521,CUST-002242,PROD-0717,6,1112.06,2026-09-02 12:00:00,shipped,2026-09-02 16:00:00
OL-000301565,ORD-00100521,CUST-002927,PROD-0809,6,837.07,2026-09-02 13:00:00,delivered,2026-09-02 17:00:00
OL-000301566,ORD-00100522,CUST-002546,PROD-0686,6,2446.46,2026-09-02 14:00:00,shipped,2026-09-02 18:00:00
OL-000301567,ORD-00100522,CUST-003593,PROD-0752,9,4505.87,2026-09-02 15:00:00,shipped,2026-09-02 19:00:00
OL-000301568,ORD-00100522,CUST-002753,PROD-0002,1,1058.55,2026-09-02 16:00:00,shipped,2026-09-02 12:00:00
OL-000301569,ORD-00100523,CUST-002273,PROD-0704,7,1243.14,2026-09-02 17:00:00,cancelled,2026-09-02 13:00:00
OL-000301570,ORD-00100523,CUST-001759,PROD-0621,8,2002.5,2026-09-02 18:00:00,delivered,2026-09-02 14:00:00
OL-000301571,ORD-00100523,CUST-000944,PROD-0166,8,3142.2,2026-09-02 19:00:00,delivered,2026-09-02 15:00:00
OL-000301572,ORD-00100524,CUST-001354,PROD-0819,2,328.38,2026-09-02 08:00:00,shipped,2026-09-02 16:00:00
OL-000301573,ORD-00100524,CUST-003736,PROD-0309,3,3043.86,2026-09-02 09:00:00,delivered,2026-09-02 17:00:00
OL-000301574,ORD-00100524,CUST-002412,PROD-0425,7,4182.37,2026-09-02 10:00:00,delivered,2026-09-02 18:00:00
OL-000301575,ORD-00100525,CUST-001380,PROD-0275,5,3613.34,2026-09-02 11:00:00,delivered,2026-09-02 19:00:00
OL-000301576,ORD-00100525,CUST-002061,PROD-0550,6,3263.99,2026-09-02 12:00:00,delivered,2026-09-02 12:00:00
OL-000301577,ORD-00100525,CUST-002614,PROD-0698,2,654.45,2026-09-02 13:00:00,delivered,2026-09-02 13:00:00
OL-000301578,ORD-00100526,CUST-003027,PROD-0167,3,1495.92,2026-09-02 14:00:00,shipped,2026-09-02 14:00:00
OL-000301579,ORD-00100526,CUST-001009,PROD-0349,8,3930.15,2026-09-02 15:00:00,delivered,2026-09-02 15:00:00
OL-000301580,ORD-00100526,CUST-002633,PROD-0265,8,2646.99,2026-09-02 16:00:00,delivered,2026-09-02 16:00:00
OL-000301581,ORD-00100527,CUST-000051,PROD-0500,3,1011.72,2026-09-02 17:00:00,delivered,2026-09-02 17:00:00
OL-000301582,ORD-00100527,CUST-003373,PROD-0712,3,4430.35,2026-09-02 18:00:00,delivered,2026-09-02 18:00:00
OL-000301583,ORD-00100527,CUST-003307,PROD-0694,6,3059.84,2026-09-02 19:00:00,delivered,2026-09-02 19:00:00
OL-000301584,ORD-00100528,CUST-003990,PROD-0263,8,1876.91,2026-09-02 08:00:00,delivered,2026-09-02 12:00:00
OL-000301585,ORD-00100528,CUST-003261,PROD-0463,6,3628.82,2026-09-02 09:00:00,delivered,2026-09-02 13:00:00
OL-000301586,ORD-00100528,CUST-003174,PROD-0035,9,4605.67,2026-09-02 10:00:00,shipped,2026-09-02 14:00:00
OL-000301587,ORD-00100529,CUST-000678,PROD-0056,3,1888.34,2026-09-02 11:00:00,cancelled,2026-09-02 15:00:00
OL-000301588,ORD-00100529,CUST-002949,PROD-0249,5,4688.06,2026-09-02 12:00:00,delivered,2026-09-02 16:00:00
OL-000301589,ORD-00100529,CUST-002600,PROD-0415,1,3327.76,2026-09-02 13:00:00,delivered,2026-09-02 17:00:00
OL-000301590,ORD-00100530,CUST-001942,PROD-0074,6,3981.06,2026-09-02 14:00:00,cancelled,2026-09-02 18:00:00
OL-000301591,ORD-00100530,CUST-003660,PROD-0090,2,4742.9,2026-09-02 15:00:00,delivered,2026-09-02 19:00:00
OL-000301592,ORD-00100530,CUST-000029,PROD-0598,5,1556.72,2026-09-02 16:00:00,placed,2026-09-02 12:00:00
OL-000301593,ORD-00100531,CUST-000150,PROD-0833,2,3073.23,2026-09-02 17:00:00,delivered,2026-09-02 13:00:00
OL-000301594,ORD-00100531,CUST-002051,PROD-0543,7,3877.07,2026-09-02 18:00:00,shipped,2026-09-02 14:00:00
OL-000301595,ORD-00100531,CUST-003810,PROD-0671,7,4757.67,2026-09-02 19:00:00,delivered,2026-09-02 15:00:00
OL-000301596,ORD-00100532,CUST-001390,PROD-0166,2,1310.16,2026-09-02 08:00:00,delivered,2026-09-02 16:00:00
OL-000301597,ORD-00100532,CUST-002485,PROD-0559,5,3378.69,2026-09-02 09:00:00,delivered,2026-09-02 17:00:00
OL-000301598,ORD-00100532,CUST-001222,PROD-0715,4,3959.19,2026-09-02 10:00:00,delivered,2026-09-02 18:00:00
OL-000301599,ORD-00100533,CUST-003569,PROD-0394,1,2554.51,2026-09-02 11:00:00,shipped,2026-09-02 19:00:00
OL-000301600,ORD-00100533,CUST-001797,PROD-0621,6,1483.82,2026-09-02 12:00:00,delivered,2026-09-02 12:00:00
OL-000301601,ORD-00100533,CUST-002413,PROD-0397,7,2407.95,2026-09-02 13:00:00,delivered,2026-09-02 13:00:00
OL-000301602,ORD-00100534,CUST-001235,PROD-0718,6,756.9,2026-09-02 14:00:00,delivered,2026-09-02 14:00:00
OL-000301603,ORD-00100534,CUST-002568,PROD-0387,9,2446.06,2026-09-02 15:00:00,delivered,2026-09-02 15:00:00
OL-000301604,ORD-00100534,CUST-003723,PROD-0191,3,2184.48,2026-09-02 16:00:00,delivered,2026-09-02 16:00:00
OL-000301605,ORD-00100535,CUST-001181,PROD-0669,2,4052.95,2026-09-02 17:00:00,delivered,2026-09-02 17:00:00
OL-000301606,ORD-00100535,CUST-000841,PROD-0488,3,3154.69,2026-09-02 18:00:00,placed,2026-09-02 18:00:00
OL-000301607,ORD-00100535,CUST-002867,PROD-0589,7,3652.76,2026-09-02 19:00:00,delivered,2026-09-02 19:00:00
OL-000301608,ORD-00100536,CUST-003888,PROD-0188,3,2754.38,2026-09-02 08:00:00,delivered,2026-09-02 12:00:00
OL-000301609,ORD-00100536,CUST-003274,PROD-0372,5,3779.01,2026-09-02 09:00:00,delivered,2026-09-02 13:00:00
OL-000301610,ORD-00100536,CUST-000102,PROD-0593,5,1618.4,2026-09-02 10:00:00,delivered,2026-09-02 14:00:00
OL-000301611,ORD-00100537,CUST-003157,PROD-0592,2,2450.88,2026-09-02 11:00:00,delivered,2026-09-02 15:00:00
OL-000301612,ORD-00100537,CUST-003984,PROD-0396,2,705.15,2026-09-02 12:00:00,delivered,2026-09-02 16:00:00
OL-000301613,ORD-00100537,CUST-003321,PROD-0825,3,2711.41,2026-09-02 13:00:00,delivered,2026-09-02 17:00:00
OL-000301614,ORD-00100538,CUST-000870,PROD-0337,8,2691.49,2026-09-02 14:00:00,delivered,2026-09-02 18:00:00
OL-000301615,ORD-00100538,CUST-001412,PROD-0224,1,1461.93,2026-09-02 15:00:00,delivered,2026-09-02 19:00:00
OL-000301616,ORD-00100538,CUST-001292,PROD-0398,1,3281.83,2026-09-02 16:00:00,shipped,2026-09-02 12:00:00
OL-000301617,ORD-00100539,CUST-001166,PROD-0838,1,3615.95,2026-09-02 17:00:00,delivered,2026-09-02 13:00:00
OL-000301618,ORD-00100539,CUST-001248,PROD-0076,3,2664.01,2026-09-02 18:00:00,delivered,2026-09-02 14:00:00
OL-000301619,ORD-00100539,CUST-001049,PROD-0588,7,1023.92,2026-09-02 19:00:00,delivered,2026-09-02 15:00:00
OL-000301620,ORD-00100540,CUST-000595,PROD-0285,2,4576.23,2026-09-02 08:00:00,shipped,2026-09-02 16:00:00
OL-000301621,ORD-00100540,CUST-001311,PROD-0816,2,1873.41,2026-09-02 09:00:00,delivered,2026-09-02 17:00:00
OL-000301622,ORD-00100540,CUST-003187,PROD-0826,8,2263.56,2026-09-02 10:00:00,delivered,2026-09-02 18:00:00
OL-000301623,ORD-00100541,CUST-000023,PROD-0734,9,3550.14,2026-09-02 11:00:00,cancelled,2026-09-02 19:00:00
OL-000301624,ORD-00100541,CUST-001326,PROD-0834,3,2776.54,2026-09-02 12:00:00,delivered,2026-09-02 12:00:00
OL-000301625,ORD-00100541,CUST-001480,PROD-0859,1,4349.42,2026-09-02 13:00:00,delivered,2026-09-02 13:00:00
OL-000301626,ORD-00100542,CUST-002021,PROD-0811,2,2376.75,2026-09-02 14:00:00,delivered,2026-09-02 14:00:00
OL-000301627,ORD-00100542,CUST-001102,PROD-0681,5,4594.3,2026-09-02 15:00:00,delivered,2026-09-02 15:00:00
OL-000301628,ORD-00100542,CUST-001096,PROD-0897,7,1915.93,2026-09-02 16:00:00,shipped,2026-09-02 16:00:00
OL-000301629,ORD-00100543,CUST-003240,PROD-0617,8,4713.88,2026-09-02 17:00:00,delivered,2026-09-02 17:00:00
OL-000301630,ORD-00100543,CUST-002108,PROD-0384,3,1847.48,2026-09-02 18:00:00,delivered,2026-09-02 18:00:00
OL-000301631,ORD-00100543,CUST-001236,PROD-0431,3,2386.57,2026-09-02 19:00:00,delivered,2026-09-02 19:00:00
OL-000301632,ORD-00100544,CUST-002554,PROD-0505,5,3620.86,2026-09-02 08:00:00,delivered,2026-09-02 12:00:00
OL-000301633,ORD-00100544,CUST-001133,PROD-0085,2,3314.52,2026-09-02 09:00:00,delivered,2026-09-02 13:00:00
OL-000301634,ORD-00100544,CUST-000699,PROD-0181,1,1583.82,2026-09-02 10:00:00,delivered,2026-09-02 14:00:00
OL-000301635,ORD-00100545,CUST-002578,PROD-0138,2,3339.52,2026-09-02 11:00:00,shipped,2026-09-02 15:00:00
OL-000301636,ORD-00100545,CUST-001392,PROD-0900,3,4346.33,2026-09-02 12:00:00,delivered,2026-09-02 16:00:00
OL-000301637,ORD-00100545,CUST-003762,PROD-0131,3,2045.97,2026-09-02 13:00:00,delivered,2026-09-02 17:00:00
OL-000301638,ORD-00100546,CUST-003941,PROD-0200,3,656.44,2026-09-02 14:00:00,placed,2026-09-02 18:00:00
OL-000301639,ORD-00100546,CUST-003930,PROD-0474,5,2888.99,2026-09-02 15:00:00,delivered,2026-09-02 19:00:00
OL-000301640,ORD-00100546,CUST-000978,PROD-0737,3,910.22,2026-09-02 16:00:00,delivered,2026-09-02 12:00:00
OL-000301641,ORD-00100547,CUST-002990,PROD-0699,1,4599.97,2026-09-02 17:00:00,delivered,2026-09-02 13:00:00
OL-000301642,ORD-00100547,CUST-002504,PROD-0664,2,4087.77,2026-09-02 18:00:00,delivered,2026-09-02 14:00:00
OL-000301643,ORD-00100547,CUST-002651,PROD-0731,9,2936.51,2026-09-02 19:00:00,cancelled,2026-09-02 15:00:00
OL-000301644,ORD-00100548,CUST-000844,PROD-0703,8,2056.02,2026-09-02 08:00:00,delivered,2026-09-02 16:00:00
OL-000301645,ORD-00100548,CUST-000939,PROD-0738,2,3412.55,2026-09-02 09:00:00,delivered,2026-09-02 17:00:00
OL-000301646,ORD-00100548,CUST-002438,PROD-0173,7,1443.41,2026-09-02 10:00:00,delivered,2026-09-02 18:00:00
OL-000301647,ORD-00100549,CUST-003936,PROD-0772,1,419.22,2026-09-02 11:00:00,delivered,2026-09-02 19:00:00
OL-000301648,ORD-00100549,CUST-000973,PROD-0122,9,3160.78,2026-09-02 12:00:00,delivered,2026-09-02 12:00:00
OL-000301649,ORD-00100549,CUST-002866,PROD-0011,5,3298.83,2026-09-02 13:00:00,shipped,2026-09-02 13:00:00
OL-000301650,ORD-00100550,CUST-002662,PROD-0812,1,456.53,2026-09-02 14:00:00,delivered,2026-09-02 14:00:00
OL-000301651,ORD-00100550,CUST-003635,PROD-0164,6,442.08,2026-09-02 15:00:00,delivered,2026-09-02 15:00:00
OL-000301652,ORD-00100550,CUST-003270,PROD-0446,9,2736.78,2026-09-02 16:00:00,cancelled,2026-09-02 16:00:00
OL-000301653,ORD-00100551,CUST-002814,PROD-0666,9,4499.95,2026-09-02 17:00:00,delivered,2026-09-02 17:00:00
OL-000301654,ORD-00100551,CUST-003541,PROD-0042,6,1504.12,2026-09-02 18:00:00,shipped,2026-09-02 18:00:00
OL-000301655,ORD-00100551,CUST-002667,PROD-0235,9,1244.61,2026-09-02 19:00:00,delivered,2026-09-02 19:00:00
OL-000301656,ORD-00100552,CUST-003784,PROD-0498,2,756.83,2026-09-02 08:00:00,delivered,2026-09-02 12:00:00
OL-000301657,ORD-00100552,CUST-001190,PROD-0811,2,2213.53,2026-09-02 09:00:00,placed,2026-09-02 13:00:00
OL-000301658,ORD-00100552,CUST-002502,PROD-0026,9,284.21,2026-09-02 10:00:00,delivered,2026-09-02 14:00:00
OL-000301659,ORD-00100553,CUST-001896,PROD-0227,9,2745.47,2026-09-02 11:00:00,delivered,2026-09-02 15:00:00
OL-000301660,ORD-00100553,CUST-000219,PROD-0530,1,265.72,2026-09-02 12:00:00,delivered,2026-09-02 16:00:00
OL-000301661,ORD-00100553,CUST-002358,PROD-0331,6,2918.51,2026-09-02 13:00:00,shipped,2026-09-02 17:00:00
OL-000301662,ORD-00100554,CUST-000554,PROD-0123,9,3999.27,2026-09-02 14:00:00,delivered,2026-09-02 18:00:00
OL-000301663,ORD-00100554,CUST-002143,PROD-0163,6,2107.03,2026-09-02 15:00:00,placed,2026-09-02 19:00:00
OL-000301664,ORD-00100554,CUST-001277,PROD-0180,1,935.0,2026-09-02 16:00:00,delivered,2026-09-02 12:00:00
OL-000301665,ORD-00100555,CUST-003002,PROD-0881,6,3969.03,2026-09-02 17:00:00,delivered,2026-09-02 13:00:00
OL-000301666,ORD-00100555,CUST-001239,PROD-0106,6,1158.82,2026-09-02 18:00:00,delivered,2026-09-02 14:00:00
OL-000301667,ORD-00100555,CUST-000801,PROD-0109,6,3924.2,2026-09-02 19:00:00,cancelled,2026-09-02 15:00:00
OL-000301668,ORD-00100556,CUST-001462,PROD-0502,9,125.56,2026-09-02 08:00:00,delivered,2026-09-02 16:00:00
OL-000301669,ORD-00100556,CUST-002065,PROD-0186,1,564.96,2026-09-02 09:00:00,delivered,2026-09-02 17:00:00
OL-000301670,ORD-00100556,CUST-000527,PROD-0274,8,4207.71,2026-09-02 10:00:00,delivered,2026-09-02 18:00:00
OL-000301671,ORD-00100557,CUST-002549,PROD-0132,3,928.03,2026-09-02 11:00:00,shipped,2026-09-02 19:00:00
OL-000301672,ORD-00100557,CUST-000222,PROD-0134,9,3426.93,2026-09-02 12:00:00,delivered,2026-09-02 12:00:00
OL-000301673,ORD-00100557,CUST-002528,PROD-0135,7,4045.57,2026-09-02 13:00:00,shipped,2026-09-02 13:00:00
OL-000301674,ORD-00100558,CUST-003144,PROD-0598,4,2839.56,2026-09-02 14:00:00,delivered,2026-09-02 14:00:00
OL-000301675,ORD-00100558,CUST-000727,PROD-0297,4,1121.08,2026-09-02 15:00:00,shipped,2026-09-02 15:00:00
OL-000301676,ORD-00100558,CUST-001096,PROD-0153,7,459.22,2026-09-02 16:00:00,delivered,2026-09-02 16:00:00
OL-000301677,ORD-00100559,CUST-002546,PROD-0859,1,4448.28,2026-09-02 17:00:00,delivered,2026-09-02 17:00:00
OL-000301678,ORD-00100559,CUST-000178,PROD-0363,7,672.2,2026-09-02 18:00:00,delivered,2026-09-02 18:00:00
OL-000301679,ORD-00100559,CUST-001853,PROD-0522,7,1949.79,2026-09-02 19:00:00,delivered,2026-09-02 19:00:00
OL-000301680,ORD-00100560,CUST-000264,PROD-0698,4,430.01,2026-09-02 08:00:00,delivered,2026-09-02 12:00:00
OL-000301681,ORD-00100560,CUST-001535,PROD-0831,9,1844.07,2026-09-02 09:00:00,delivered,2026-09-02 13:00:00
OL-000301682,ORD-00100560,CUST-003919,PROD-0666,8,2708.14,2026-09-02 10:00:00,delivered,2026-09-02 14:00:00
OL-000301683,ORD-00100561,CUST-002595,PROD-0152,7,1181.15,2026-09-02 11:00:00,delivered,2026-09-02 15:00:00
OL-000301684,ORD-00100561,CUST-001761,PROD-0545,4,2670.29,2026-09-02 12:00:00,delivered,2026-09-02 16:00:00
OL-000301685,ORD-00100561,CUST-003505,PROD-0856,6,1385.96,2026-09-02 13:00:00,delivered,2026-09-02 17:00:00
OL-000301686,ORD-00100562,CUST-003170,PROD-0652,5,3047.71,2026-09-02 14:00:00,delivered,2026-09-02 18:00:00
OL-000301687,ORD-00100562,CUST-003020,PROD-0141,9,1223.42,2026-09-02 15:00:00,delivered,2026-09-02 19:00:00
OL-000301688,ORD-00100562,CUST-000432,PROD-0284,4,457.56,2026-09-02 16:00:00,shipped,2026-09-02 12:00:00
OL-000301689,ORD-00100563,CUST-000567,PROD-0814,5,312.75,2026-09-02 17:00:00,shipped,2026-09-02 13:00:00
OL-000301690,ORD-00100563,CUST-003220,PROD-0495,1,4070.66,2026-09-02 18:00:00,delivered,2026-09-02 14:00:00
OL-000301691,ORD-00100563,CUST-003823,PROD-0730,2,3214.26,2026-09-02 19:00:00,delivered,2026-09-02 15:00:00
OL-000301692,ORD-00100564,CUST-001348,PROD-0527,3,2745.12,2026-09-02 08:00:00,delivered,2026-09-02 16:00:00
OL-000301693,ORD-00100564,CUST-003007,PROD-0431,2,2123.07,2026-09-02 09:00:00,delivered,2026-09-02 17:00:00
OL-000301694,ORD-00100564,CUST-003658,PROD-0691,6,1482.21,2026-09-02 10:00:00,delivered,2026-09-02 18:00:00
OL-000301695,ORD-00100565,CUST-003980,PROD-0599,7,3223.94,2026-09-02 11:00:00,delivered,2026-09-02 19:00:00
OL-000301696,ORD-00100565,CUST-001093,PROD-0078,8,2979.67,2026-09-02 12:00:00,delivered,2026-09-02 12:00:00
OL-000301697,ORD-00100565,CUST-000231,PROD-0853,9,1906.27,2026-09-02 13:00:00,delivered,2026-09-02 13:00:00
OL-000301698,ORD-00100566,CUST-001593,PROD-0508,6,3629.76,2026-09-02 14:00:00,placed,2026-09-02 14:00:00
OL-000301699,ORD-00100566,CUST-002792,PROD-0162,5,2766.13,2026-09-02 15:00:00,delivered,2026-09-02 15:00:00
OL-000301700,ORD-00100566,CUST-002900,PROD-0804,8,450.22,2026-09-02 16:00:00,shipped,2026-09-02 16:00:00
OL-000301701,ORD-00100567,CUST-000464,PROD-0125,4,913.43,2026-09-02 17:00:00,delivered,2026-09-02 17:00:00
OL-000301702,ORD-00100567,CUST-000897,PROD-0370,3,3733.8,2026-09-02 18:00:00,delivered,2026-09-02 18:00:00
OL-000301703,ORD-00100567,CUST-002860,PROD-0141,5,2405.57,2026-09-02 19:00:00,delivered,2026-09-02 19:00:00
OL-000301704,ORD-00100568,CUST-001968,PROD-0251,9,3204.42,2026-09-02 08:00:00,delivered,2026-09-02 12:00:00
OL-000301705,ORD-00100568,CUST-001608,PROD-0748,8,1250.82,2026-09-02 09:00:00,placed,2026-09-02 13:00:00
OL-000301706,ORD-00100568,CUST-000301,PROD-0082,3,2913.06,2026-09-02 10:00:00,delivered,2026-09-02 14:00:00
OL-000301707,ORD-00100569,CUST-000566,PROD-0358,5,4712.98,2026-09-02 11:00:00,delivered,2026-09-02 15:00:00
OL-000301708,ORD-00100569,CUST-000357,PROD-0687,6,3594.7,2026-09-02 12:00:00,placed,2026-09-02 16:00:00
OL-000301709,ORD-00100569,CUST-002872,PROD-0008,1,802.44,2026-09-02 13:00:00,shipped,2026-09-02 17:00:00
OL-000301710,ORD-00100570,CUST-000102,PROD-0029,1,3279.85,2026-09-02 14:00:00,delivered,2026-09-02 18:00:00
OL-000301711,ORD-00100570,CUST-003885,PROD-0225,9,4353.28,2026-09-02 15:00:00,delivered,2026-09-02 19:00:00
OL-000301712,ORD-00100570,CUST-001637,PROD-0350,3,1299.13,2026-09-02 16:00:00,placed,2026-09-02 12:00:00
OL-000301713,ORD-00100571,CUST-003881,PROD-0249,5,3751.83,2026-09-02 17:00:00,placed,2026-09-02 13:00:00
OL-000301714,ORD-00100571,CUST-001125,PROD-0319,4,238.74,2026-09-02 18:00:00,delivered,2026-09-02 14:00:00
OL-000301715,ORD-00100571,CUST-002205,PROD-0613,7,2479.23,2026-09-02 19:00:00,delivered,2026-09-02 15:00:00
OL-000301716,ORD-00100572,CUST-001311,PROD-0368,7,3102.96,2026-09-02 08:00:00,delivered,2026-09-02 16:00:00
OL-000301717,ORD-00100572,CUST-001812,PROD-0254,6,3996.63,2026-09-02 09:00:00,shipped,2026-09-02 17:00:00
OL-000301718,ORD-00100572,CUST-001589,PROD-0063,1,2424.81,2026-09-02 10:00:00,placed,2026-09-02 18:00:00
OL-000301719,ORD-00100573,CUST-001188,PROD-0572,7,1567.4,2026-09-02 11:00:00,delivered,2026-09-02 19:00:00
OL-000301720,ORD-00100573,CUST-001953,PROD-0843,4,3867.42,2026-09-02 12:00:00,delivered,2026-09-02 12:00:00
OL-000301721,ORD-00100573,CUST-003287,PROD-0309,5,1467.31,2026-09-02 13:00:00,delivered,2026-09-02 13:00:00
OL-000301722,ORD-00100574,CUST-002105,PROD-0380,9,3199.54,2026-09-02 14:00:00,placed,2026-09-02 14:00:00
OL-000301723,ORD-00100574,CUST-000318,PROD-0289,7,1973.12,2026-09-02 15:00:00,shipped,2026-09-02 15:00:00
OL-000301724,ORD-00100574,CUST-002736,PROD-0094,1,551.96,2026-09-02 16:00:00,delivered,2026-09-02 16:00:00
OL-000301725,ORD-00100575,CUST-002605,PROD-0729,9,3667.15,2026-09-02 17:00:00,delivered,2026-09-02 17:00:00
OL-000301726,ORD-00100575,CUST-002259,PROD-0252,1,1355.41,2026-09-02 18:00:00,delivered,2026-09-02 18:00:00
OL-000301727,ORD-00100575,CUST-000325,PROD-0705,6,2770.77,2026-09-02 19:00:00,placed,2026-09-02 19:00:00
OL-000301728,ORD-00100576,CUST-003108,PROD-0354,1,2061.26,2026-09-02 08:00:00,delivered,2026-09-02 12:00:00
OL-000301729,ORD-00100576,CUST-000784,PROD-0274,9,1650.33,2026-09-02 09:00:00,delivered,2026-09-02 13:00:00
OL-000301730,ORD-00100576,CUST-003281,PROD-0303,8,3696.76,2026-09-02 10:00:00,delivered,2026-09-02 14:00:00
OL-000301731,ORD-00100577,CUST-001159,PROD-0571,8,873.37,2026-09-02 11:00:00,delivered,2026-09-02 15:00:00
OL-000301732,ORD-00100577,CUST-002646,PROD-0583,2,1250.92,2026-09-02 12:00:00,shipped,2026-09-02 16:00:00
OL-000301733,ORD-00100577,CUST-003751,PROD-0520,6,3497.61,2026-09-02 13:00:00,delivered,2026-09-02 17:00:00
OL-000301734,ORD-00100578,CUST-003296,PROD-0702,1,277.0,2026-09-02 14:00:00,delivered,2026-09-02 18:00:00
OL-000301735,ORD-00100578,CUST-001205,PROD-0632,9,3173.53,2026-09-02 15:00:00,delivered,2026-09-02 19:00:00
OL-000301736,ORD-00100578,CUST-000415,PROD-0242,6,1068.03,2026-09-02 16:00:00,shipped,2026-09-02 12:00:00
OL-000301737,ORD-00100579,CUST-000514,PROD-0512,7,1745.85,2026-09-02 17:00:00,delivered,2026-09-02 13:00:00
OL-000301738,ORD-00100579,CUST-001683,PROD-0342,3,1696.4,2026-09-02 18:00:00,delivered,2026-09-02 14:00:00
OL-000301739,ORD-00100579,CUST-000232,PROD-0293,5,2887.23,2026-09-02 19:00:00,delivered,2026-09-02 15:00:00
OL-000301740,ORD-00100580,CUST-003361,PROD-0358,2,148.48,2026-09-02 08:00:00,placed,2026-09-02 16:00:00
OL-000301741,ORD-00100580,CUST-003338,PROD-0548,3,1174.04,2026-09-02 09:00:00,delivered,2026-09-02 17:00:00
OL-000301742,ORD-00100580,CUST-000146,PROD-0722,9,3055.36,2026-09-02 10:00:00,shipped,2026-09-02 18:00:00
OL-000301743,ORD-00100581,CUST-003718,PROD-0629,7,3974.34,2026-09-02 11:00:00,delivered,2026-09-02 19:00:00
OL-000301744,ORD-00100581,CUST-000688,PROD-0525,7,2734.55,2026-09-02 12:00:00,delivered,2026-09-02 12:00:00
OL-000301745,ORD-00100581,CUST-003076,PROD-0784,1,1022.2,2026-09-02 13:00:00,delivered,2026-09-02 13:00:00
OL-000301746,ORD-00100582,CUST-000663,PROD-0559,6,2614.0,2026-09-02 14:00:00,delivered,2026-09-02 14:00:00
OL-000301747,ORD-00100582,CUST-003494,PROD-0869,8,2737.61,2026-09-02 15:00:00,delivered,2026-09-02 15:00:00
OL-000301748,ORD-00100582,CUST-001501,PROD-0527,5,2210.01,2026-09-02 16:00:00,delivered,2026-09-02 16:00:00
OL-000301749,ORD-00100583,CUST-003356,PROD-0217,5,1269.27,2026-09-02 17:00:00,delivered,2026-09-02 17:00:00
OL-000301750,ORD-00100583,CUST-003953,PROD-0014,2,4584.23,2026-09-02 18:00:00,delivered,2026-09-02 18:00:00
OL-000301751,ORD-00100583,CUST-002505,PROD-0530,8,248.75,2026-09-02 19:00:00,delivered,2026-09-02 19:00:00
OL-000301752,ORD-00100584,CUST-001875,PROD-0181,1,1873.44,2026-09-02 08:00:00,delivered,2026-09-02 12:00:00
OL-000301753,ORD-00100584,CUST-001140,PROD-0578,7,1857.47,2026-09-02 09:00:00,delivered,2026-09-02 13:00:00
OL-000301754,ORD-00100584,CUST-001613,PROD-0224,1,1984.15,2026-09-02 10:00:00,shipped,2026-09-02 14:00:00
OL-000301755,ORD-00100585,CUST-003829,PROD-0559,8,2713.58,2026-09-02 11:00:00,placed,2026-09-02 15:00:00
OL-000301756,ORD-00100585,CUST-000151,PROD-0468,5,4296.35,2026-09-02 12:00:00,delivered,2026-09-02 16:00:00
OL-000301757,ORD-00100585,CUST-000486,PROD-0210,3,4584.7,2026-09-02 13:00:00,delivered,2026-09-02 17:00:00
OL-000301758,ORD-00100586,CUST-003888,PROD-0288,2,1187.6,2026-09-02 14:00:00,shipped,2026-09-02 18:00:00
OL-000301759,ORD-00100586,CUST-002831,PROD-0249,4,1272.34,2026-09-02 15:00:00,delivered,2026-09-02 19:00:00
OL-000301760,ORD-00100586,CUST-002315,PROD-0372,8,4652.05,2026-09-02 16:00:00,placed,2026-09-02 12:00:00
OL-000301761,ORD-00100587,CUST-000294,PROD-0412,2,4139.25,2026-09-02 17:00:00,shipped,2026-09-02 13:00:00
OL-000301762,ORD-00100587,CUST-001506,PROD-0085,7,3018.95,2026-09-02 18:00:00,delivered,2026-09-02 14:00:00
OL-000301763,ORD-00100587,CUST-003756,PROD-0297,7,4774.94,2026-09-02 19:00:00,delivered,2026-09-02 15:00:00
OL-000301764,ORD-00100588,CUST-002815,PROD-0767,1,3619.01,2026-09-02 08:00:00,delivered,2026-09-02 16:00:00
OL-000301765,ORD-00100588,CUST-002374,PROD-0086,9,1433.17,2026-09-02 09:00:00,cancelled,2026-09-02 17:00:00
OL-000301766,ORD-00100588,CUST-002786,PROD-0301,4,998.41,2026-09-02 10:00:00,shipped,2026-09-02 18:00:00
OL-000301767,ORD-00100589,CUST-002232,PROD-0619,5,2236.54,2026-09-02 11:00:00,delivered,2026-09-02 19:00:00
OL-000301768,ORD-00100589,CUST-002308,PROD-0669,1,3815.32,2026-09-02 12:00:00,delivered,2026-09-02 12:00:00
OL-000301769,ORD-00100589,CUST-000352,PROD-0109,8,1465.36,2026-09-02 13:00:00,shipped,2026-09-02 13:00:00
OL-000301770,ORD-00100590,CUST-003877,PROD-0379,2,3442.33,2026-09-02 14:00:00,shipped,2026-09-02 14:00:00
OL-000301771,ORD-00100590,CUST-001243,PROD-0475,9,4343.99,2026-09-02 15:00:00,delivered,2026-09-02 15:00:00
OL-000301772,ORD-00100590,CUST-001094,PROD-0475,3,3053.13,2026-09-02 16:00:00,delivered,2026-09-02 16:00:00
OL-000301773,ORD-00100591,CUST-002510,PROD-0633,5,938.07,2026-09-02 17:00:00,delivered,2026-09-02 17:00:00
OL-000301774,ORD-00100591,CUST-003343,PROD-0734,9,1593.17,2026-09-02 18:00:00,delivered,2026-09-02 18:00:00
OL-000301775,ORD-00100591,CUST-000183,PROD-0868,1,2015.9,2026-09-02 19:00:00,delivered,2026-09-02 19:00:00
OL-000301776,ORD-00100592,CUST-001181,PROD-0060,8,4773.23,2026-09-02 08:00:00,shipped,2026-09-02 12:00:00
OL-000301777,ORD-00100592,CUST-001303,PROD-0276,6,2441.45,2026-09-02 09:00:00,delivered,2026-09-02 13:00:00
OL-000301778,ORD-00100592,CUST-002414,PROD-0377,5,1666.92,2026-09-02 10:00:00,delivered,2026-09-02 14:00:00
OL-000301779,ORD-00100593,CUST-003700,PROD-0449,6,969.71,2026-09-02 11:00:00,delivered,2026-09-02 15:00:00
OL-000301780,ORD-00100593,CUST-002332,PROD-0783,8,1126.61,2026-09-02 12:00:00,delivered,2026-09-02 16:00:00
OL-000301781,ORD-00100593,CUST-002055,PROD-0351,5,4635.87,2026-09-02 13:00:00,placed,2026-09-02 17:00:00
OL-000301782,ORD-00100594,CUST-001885,PROD-0369,6,3820.9,2026-09-02 14:00:00,delivered,2026-09-02 18:00:00
OL-000301783,ORD-00100594,CUST-001074,PROD-0558,6,4716.87,2026-09-02 15:00:00,delivered,2026-09-02 19:00:00
OL-000301784,ORD-00100594,CUST-002174,PROD-0438,2,558.33,2026-09-02 16:00:00,delivered,2026-09-02 12:00:00
OL-000301785,ORD-00100595,CUST-001294,PROD-0118,2,1102.2,2026-09-02 17:00:00,delivered,2026-09-02 13:00:00
OL-000301786,ORD-00100595,CUST-000704,PROD-0232,1,832.35,2026-09-02 18:00:00,delivered,2026-09-02 14:00:00
OL-000301787,ORD-00100595,CUST-000423,PROD-0876,8,2565.15,2026-09-02 19:00:00,delivered,2026-09-02 15:00:00
OL-000301788,ORD-00100596,CUST-003220,PROD-0043,9,620.15,2026-09-02 08:00:00,delivered,2026-09-02 16:00:00
OL-000301789,ORD-00100596,CUST-003770,PROD-0790,9,2894.86,2026-09-02 09:00:00,shipped,2026-09-02 17:00:00
OL-000301790,ORD-00100596,CUST-002972,PROD-0462,8,3865.1,2026-09-02 10:00:00,delivered,2026-09-02 18:00:00
OL-000301791,ORD-00100597,CUST-000006,PROD-0602,7,663.72,2026-09-02 11:00:00,delivered,2026-09-02 19:00:00
OL-000301792,ORD-00100597,CUST-003229,PROD-0170,5,1833.68,2026-09-02 12:00:00,delivered,2026-09-02 12:00:00
OL-000301793,ORD-00100597,CUST-002624,PROD-0606,2,3462.17,2026-09-02 13:00:00,delivered,2026-09-02 13:00:00
OL-000301794,ORD-00100598,CUST-003336,PROD-0753,7,2832.7,2026-09-02 14:00:00,placed,2026-09-02 14:00:00
OL-000301795,ORD-00100598,CUST-001500,PROD-0224,5,2152.73,2026-09-02 15:00:00,shipped,2026-09-02 15:00:00
OL-000301796,ORD-00100598,CUST-001166,PROD-0604,4,4021.09,2026-09-02 16:00:00,delivered,2026-09-02 16:00:00
OL-000301797,ORD-00100599,CUST-000430,PROD-0259,3,1017.08,2026-09-02 17:00:00,placed,2026-09-02 17:00:00
OL-000301798,ORD-00100599,CUST-002266,PROD-0828,1,4515.53,2026-09-02 18:00:00,delivered,2026-09-02 18:00:00
OL-000301799,ORD-00100599,CUST-003929,PROD-0133,8,405.36,2026-09-02 19:00:00,delivered,2026-09-02 19:00:00
OL-000301800,ORD-00100600,CUST-001137,PROD-0221,4,3417.39,2026-09-02 08:00:00,delivered,2026-09-02 12:00:00
OL-000301801,ORD-00100600,CUST-000232,PROD-0157,1,3066.3,2026-09-02 09:00:00,delivered,2026-09-02 13:00:00
OL-000301802,ORD-00100600,CUST-001060,PROD-0847,5,341.02,2026-09-02 10:00:00,delivered,2026-09-02 14:00:00
OL-000301803,ORD-00100601,CUST-001086,PROD-0339,4,945.51,2026-09-02 11:00:00,delivered,2026-09-02 15:00:00
OL-000301804,ORD-00100601,CUST-000751,PROD-0656,5,1781.26,2026-09-02 12:00:00,delivered,2026-09-02 16:00:00
OL-000301805,ORD-00100601,CUST-003459,PROD-0518,9,3840.98,2026-09-02 13:00:00,shipped,2026-09-02 17:00:00
OL-000301806,ORD-00100602,CUST-001029,PROD-0623,1,2747.24,2026-09-02 14:00:00,shipped,2026-09-02 18:00:00
OL-000301807,ORD-00100602,CUST-002539,PROD-0376,3,3733.75,2026-09-02 15:00:00,placed,2026-09-02 19:00:00
OL-000301808,ORD-00100602,CUST-000568,PROD-0497,7,2548.62,2026-09-02 16:00:00,delivered,2026-09-02 12:00:00
OL-000301809,ORD-00100603,CUST-002632,PROD-0541,2,4435.93,2026-09-02 17:00:00,shipped,2026-09-02 13:00:00
OL-000301810,ORD-00100603,CUST-002438,PROD-0278,7,2779.21,2026-09-02 18:00:00,delivered,2026-09-02 14:00:00
OL-000301811,ORD-00100603,CUST-002524,PROD-0043,5,541.9,2026-09-02 19:00:00,delivered,2026-09-02 15:00:00
OL-000301812,ORD-00100604,CUST-001090,PROD-0794,8,3377.12,2026-09-02 08:00:00,delivered,2026-09-02 16:00:00
OL-000301813,ORD-00100604,CUST-001219,PROD-0665,1,1266.55,2026-09-02 09:00:00,delivered,2026-09-02 17:00:00
OL-000301814,ORD-00100604,CUST-000062,PROD-0598,7,1639.37,2026-09-02 10:00:00,delivered,2026-09-02 18:00:00
OL-000301815,ORD-00100605,CUST-002282,PROD-0389,2,782.48,2026-09-02 11:00:00,delivered,2026-09-02 19:00:00
OL-000301816,ORD-00100605,CUST-000916,PROD-0167,9,418.82,2026-09-02 12:00:00,delivered,2026-09-02 12:00:00
OL-000301817,ORD-00100605,CUST-000354,PROD-0676,3,3961.3,2026-09-02 13:00:00,delivered,2026-09-02 13:00:00
OL-000301818,ORD-00100606,CUST-001597,PROD-0690,5,3208.39,2026-09-02 14:00:00,delivered,2026-09-02 14:00:00
OL-000301819,ORD-00100606,CUST-002891,PROD-0082,2,267.8,2026-09-02 15:00:00,placed,2026-09-02 15:00:00
OL-000301820,ORD-00100606,CUST-003083,PROD-0399,9,1125.33,2026-09-02 16:00:00,delivered,2026-09-02 16:00:00
OL-000301821,ORD-00100607,CUST-000340,PROD-0238,9,4694.25,2026-09-02 17:00:00,delivered,2026-09-02 17:00:00
OL-000301822,ORD-00100607,CUST-002483,PROD-0673,7,4023.58,2026-09-02 18:00:00,delivered,2026-09-02 18:00:00
OL-000301823,ORD-00100607,CUST-000108,PROD-0570,8,3323.81,2026-09-02 19:00:00,delivered,2026-09-02 19:00:00
OL-000301824,ORD-00100608,CUST-002989,PROD-0595,2,2313.5,2026-09-02 08:00:00,delivered,2026-09-02 12:00:00
OL-000301825,ORD-00100608,CUST-001358,PROD-0250,4,2169.17,2026-09-02 09:00:00,shipped,2026-09-02 13:00:00
OL-000301826,ORD-00100608,CUST-002759,PROD-0565,5,4258.85,2026-09-02 10:00:00,shipped,2026-09-02 14:00:00
OL-000301827,ORD-00100609,CUST-002095,PROD-0685,7,635.78,2026-09-02 11:00:00,delivered,2026-09-02 15:00:00
OL-000301828,ORD-00100609,CUST-002228,PROD-0395,8,1850.45,2026-09-02 12:00:00,delivered,2026-09-02 16:00:00
OL-000301829,ORD-00100609,CUST-001722,PROD-0598,1,2144.87,2026-09-02 13:00:00,delivered,2026-09-02 17:00:00
OL-000301830,ORD-00100610,CUST-000956,PROD-0416,2,4666.53,2026-09-02 14:00:00,delivered,2026-09-02 18:00:00
OL-000301831,ORD-00100610,CUST-001547,PROD-0669,4,2817.28,2026-09-02 15:00:00,cancelled,2026-09-02 19:00:00
OL-000301832,ORD-00100610,CUST-002379,PROD-0216,2,1965.62,2026-09-02 16:00:00,shipped,2026-09-02 12:00:00
OL-000301833,ORD-00100611,CUST-001092,PROD-0727,1,1872.5,2026-09-02 17:00:00,delivered,2026-09-02 13:00:00
OL-000301834,ORD-00100611,CUST-001316,PROD-0240,4,3879.9,2026-09-02 18:00:00,cancelled,2026-09-02 14:00:00
OL-000301835,ORD-00100611,CUST-001090,PROD-0169,4,1774.87,2026-09-02 19:00:00,delivered,2026-09-02 15:00:00
OL-000301836,ORD-00100612,CUST-002455,PROD-0734,5,2576.05,2026-09-02 08:00:00,delivered,2026-09-02 16:00:00
OL-000301837,ORD-00100612,CUST-002681,PROD-0701,7,3617.32,2026-09-02 09:00:00,shipped,2026-09-02 17:00:00
OL-000301838,ORD-00100612,CUST-000613,PROD-0551,6,2778.6,2026-09-02 10:00:00,delivered,2026-09-02 18:00:00
OL-000301839,ORD-00100613,CUST-003126,PROD-0900,6,2036.79,2026-09-02 11:00:00,placed,2026-09-02 19:00:00
OL-000301840,ORD-00100613,CUST-003381,PROD-0610,7,1909.3,2026-09-02 12:00:00,shipped,2026-09-02 12:00:00
OL-000301841,ORD-00100613,CUST-002213,PROD-0896,2,3311.32,2026-09-02 13:00:00,delivered,2026-09-02 13:00:00
OL-000301842,ORD-00100614,CUST-002734,PROD-0729,2,2731.45,2026-09-02 14:00:00,delivered,2026-09-02 14:00:00
OL-000301843,ORD-00100614,CUST-001293,PROD-0754,2,3226.27,2026-09-02 15:00:00,delivered,2026-09-02 15:00:00
OL-000301844,ORD-00100614,CUST-001795,PROD-0527,3,4088.72,2026-09-02 16:00:00,shipped,2026-09-02 16:00:00
OL-000301845,ORD-00100615,CUST-003626,PROD-0054,9,926.51,2026-09-02 17:00:00,delivered,2026-09-02 17:00:00
OL-000301846,ORD-00100615,CUST-002180,PROD-0364,7,3635.16,2026-09-02 18:00:00,delivered,2026-09-02 18:00:00
OL-000301847,ORD-00100615,CUST-001643,PROD-0380,5,3069.77,2026-09-02 19:00:00,delivered,2026-09-02 19:00:00
OL-000301848,ORD-00100616,CUST-001700,PROD-0856,3,1852.5,2026-09-02 08:00:00,shipped,2026-09-02 12:00:00
OL-000301849,ORD-00100616,CUST-001819,PROD-0872,3,1411.4,2026-09-02 09:00:00,delivered,2026-09-02 13:00:00
OL-000301850,ORD-00100616,CUST-003864,PROD-0031,6,2859.97,2026-09-02 10:00:00,delivered,2026-09-02 14:00:00
OL-000301851,ORD-00100617,CUST-000558,PROD-0875,6,849.61,2026-09-02 11:00:00,delivered,2026-09-02 15:00:00
OL-000301852,ORD-00100617,CUST-000153,PROD-0065,1,2509.59,2026-09-02 12:00:00,delivered,2026-09-02 16:00:00
OL-000301853,ORD-00100617,CUST-003998,PROD-0174,3,3132.5,2026-09-02 13:00:00,delivered,2026-09-02 17:00:00
OL-000301854,ORD-00100618,CUST-000574,PROD-0657,4,1621.37,2026-09-02 14:00:00,delivered,2026-09-02 18:00:00
OL-000301855,ORD-00100618,CUST-001271,PROD-0715,3,4296.6,2026-09-02 15:00:00,delivered,2026-09-02 19:00:00
OL-000301856,ORD-00100618,CUST-003741,PROD-0462,8,1342.21,2026-09-02 16:00:00,delivered,2026-09-02 12:00:00
OL-000301857,ORD-00100619,CUST-001431,PROD-0666,1,4062.36,2026-09-02 17:00:00,shipped,2026-09-02 13:00:00
OL-000301858,ORD-00100619,CUST-002944,PROD-0098,3,2282.51,2026-09-02 18:00:00,delivered,2026-09-02 14:00:00
OL-000301859,ORD-00100619,CUST-003823,PROD-0246,9,4032.5,2026-09-02 19:00:00,cancelled,2026-09-02 15:00:00
OL-000301860,ORD-00100620,CUST-000327,PROD-0378,9,3796.6,2026-09-02 08:00:00,delivered,2026-09-02 16:00:00
OL-000301861,ORD-00100620,CUST-000561,PROD-0444,8,487.53,2026-09-02 09:00:00,delivered,2026-09-02 17:00:00
OL-000301862,ORD-00100620,CUST-000101,PROD-0045,6,4408.71,2026-09-02 10:00:00,delivered,2026-09-02 18:00:00
OL-000301863,ORD-00100621,CUST-003660,PROD-0364,3,1617.79,2026-09-02 11:00:00,delivered,2026-09-02 19:00:00
OL-000301864,ORD-00100621,CUST-003426,PROD-0652,9,4341.4,2026-09-02 12:00:00,delivered,2026-09-02 12:00:00
OL-000301865,ORD-00100621,CUST-001560,PROD-0085,5,542.96,2026-09-02 13:00:00,delivered,2026-09-02 13:00:00
OL-000301866,ORD-00100622,CUST-003614,PROD-0143,6,2230.82,2026-09-02 14:00:00,delivered,2026-09-02 14:00:00
OL-000301867,ORD-00100622,CUST-001748,PROD-0880,9,4240.12,2026-09-02 15:00:00,delivered,2026-09-02 15:00:00
OL-000301868,ORD-00100622,CUST-002173,PROD-0466,4,2306.7,2026-09-02 16:00:00,delivered,2026-09-02 16:00:00
OL-000301869,ORD-00100623,CUST-001498,PROD-0195,9,1454.77,2026-09-02 17:00:00,delivered,2026-09-02 17:00:00
OL-000301870,ORD-00100623,CUST-002295,PROD-0599,4,1734.0,2026-09-02 18:00:00,delivered,2026-09-02 18:00:00
OL-000301871,ORD-00100623,CUST-002340,PROD-0535,1,4047.23,2026-09-02 19:00:00,delivered,2026-09-02 19:00:00
OL-000301872,ORD-00100624,CUST-000232,PROD-0769,1,1427.05,2026-09-02 08:00:00,cancelled,2026-09-02 12:00:00
OL-000301873,ORD-00100624,CUST-002054,PROD-0243,1,4784.31,2026-09-02 09:00:00,delivered,2026-09-02 13:00:00
OL-000301874,ORD-00100624,CUST-001191,PROD-0498,2,4505.76,2026-09-02 10:00:00,delivered,2026-09-02 14:00:00
OL-000301875,ORD-00100625,CUST-000056,PROD-0208,7,917.03,2026-09-02 11:00:00,delivered,2026-09-02 15:00:00
OL-000301876,ORD-00100625,CUST-002840,PROD-0688,9,3238.78,2026-09-02 12:00:00,delivered,2026-09-02 16:00:00
OL-000301877,ORD-00100625,CUST-001069,PROD-0422,3,391.05,2026-09-02 13:00:00,shipped,2026-09-02 17:00:00
OL-000301878,ORD-00100626,CUST-003529,PROD-0899,8,1207.03,2026-09-02 14:00:00,placed,2026-09-02 18:00:00
OL-000301879,ORD-00100626,CUST-002550,PROD-0239,9,4405.01,2026-09-02 15:00:00,delivered,2026-09-02 19:00:00
OL-000301880,ORD-00100626,CUST-000346,PROD-0836,8,2015.63,2026-09-02 16:00:00,shipped,2026-09-02 12:00:00
OL-000301881,ORD-00100627,CUST-003048,PROD-0460,4,2827.16,2026-09-02 17:00:00,delivered,2026-09-02 13:00:00
OL-000301882,ORD-00100627,CUST-001207,PROD-0245,2,3877.84,2026-09-02 18:00:00,delivered,2026-09-02 14:00:00
OL-000301883,ORD-00100627,CUST-003378,PROD-0561,5,4749.93,2026-09-02 19:00:00,delivered,2026-09-02 15:00:00
OL-000301884,ORD-00100628,CUST-001125,PROD-0606,9,3476.35,2026-09-02 08:00:00,shipped,2026-09-02 16:00:00
OL-000301885,ORD-00100628,CUST-002210,PROD-0332,6,1759.85,2026-09-02 09:00:00,delivered,2026-09-02 17:00:00
OL-000301886,ORD-00100628,CUST-001575,PROD-0213,6,340.98,2026-09-02 10:00:00,delivered,2026-09-02 18:00:00
OL-000301887,ORD-00100629,CUST-001105,PROD-0073,1,4218.93,2026-09-02 11:00:00,shipped,2026-09-02 19:00:00
OL-000301888,ORD-00100629,CUST-003583,PROD-0292,3,999.89,2026-09-02 12:00:00,placed,2026-09-02 12:00:00
OL-000301889,ORD-00100629,CUST-000605,PROD-0641,2,2530.96,2026-09-02 13:00:00,delivered,2026-09-02 13:00:00
OL-000301890,ORD-00100630,CUST-002033,PROD-0016,3,537.37,2026-09-02 14:00:00,delivered,2026-09-02 14:00:00
OL-000301891,ORD-00100630,CUST-003572,PROD-0370,5,784.31,2026-09-02 15:00:00,cancelled,2026-09-02 15:00:00
OL-000301892,ORD-00100630,CUST-003643,PROD-0170,2,3901.45,2026-09-02 16:00:00,placed,2026-09-02 16:00:00
OL-000301893,ORD-00100631,CUST-001354,PROD-0551,6,1680.62,2026-09-02 17:00:00,delivered,2026-09-02 17:00:00
OL-000301894,ORD-00100631,CUST-000986,PROD-0874,2,1624.97,2026-09-02 18:00:00,delivered,2026-09-02 18:00:00
OL-000301895,ORD-00100631,CUST-002042,PROD-0593,2,3554.65,2026-09-02 19:00:00,shipped,2026-09-02 19:00:00
OL-000301896,ORD-00100632,CUST-003774,PROD-0006,2,908.21,2026-09-02 08:00:00,delivered,2026-09-02 12:00:00
OL-000301897,ORD-00100632,CUST-000504,PROD-0380,2,4780.65,2026-09-02 09:00:00,delivered,2026-09-02 13:00:00
OL-000301898,ORD-00100632,CUST-001954,PROD-0716,8,1957.2,2026-09-02 10:00:00,shipped,2026-09-02 14:00:00
OL-000301899,ORD-00100633,CUST-000807,PROD-0016,4,4377.0,2026-09-02 11:00:00,delivered,2026-09-02 15:00:00
OL-000301900,ORD-00100633,CUST-000698,PROD-0438,9,3311.84,2026-09-02 12:00:00,delivered,2026-09-02 16:00:00
OL-000301901,ORD-00100633,CUST-001369,PROD-0062,3,2307.29,2026-09-02 13:00:00,shipped,2026-09-02 17:00:00
OL-000301902,ORD-00100634,CUST-002961,PROD-0388,1,913.0,2026-09-02 14:00:00,delivered,2026-09-02 18:00:00
OL-000301903,ORD-00100634,CUST-001152,PROD-0849,8,3566.2,2026-09-02 15:00:00,cancelled,2026-09-02 19:00:00
OL-000301904,ORD-00100634,CUST-002734,PROD-0006,6,1808.91,2026-09-02 16:00:00,delivered,2026-09-02 12:00:00
OL-000301905,ORD-00100635,CUST-000316,PROD-0527,4,2830.85,2026-09-02 17:00:00,shipped,2026-09-02 13:00:00
OL-000301906,ORD-00100635,CUST-000611,PROD-0463,2,3676.44,2026-09-02 18:00:00,delivered,2026-09-02 14:00:00
OL-000301907,ORD-00100635,CUST-003085,PROD-0507,9,4169.04,2026-09-02 19:00:00,delivered,2026-09-02 15:00:00
OL-000301908,ORD-00100636,CUST-001017,PROD-0632,6,3340.03,2026-09-02 08:00:00,delivered,2026-09-02 16:00:00
OL-000301909,ORD-00100636,CUST-001158,PROD-0037,2,4034.39,2026-09-02 09:00:00,delivered,2026-09-02 17:00:00
OL-000301910,ORD-00100636,CUST-002487,PROD-0202,7,3327.21,2026-09-02 10:00:00,delivered,2026-09-02 18:00:00
OL-000301911,ORD-00100637,CUST-000839,PROD-0659,2,2608.91,2026-09-02 11:00:00,delivered,2026-09-02 19:00:00
OL-000301912,ORD-00100637,CUST-002981,PROD-0028,7,4086.59,2026-09-02 12:00:00,shipped,2026-09-02 12:00:00
OL-000301913,ORD-00100637,CUST-000301,PROD-0197,9,3624.64,2026-09-02 13:00:00,delivered,2026-09-02 13:00:00
OL-000301914,ORD-00100638,CUST-000241,PROD-0448,1,2693.3,2026-09-02 14:00:00,shipped,2026-09-02 14:00:00
OL-000301915,ORD-00100638,CUST-003325,PROD-0516,3,3685.66,2026-09-02 15:00:00,delivered,2026-09-02 15:00:00
OL-000301916,ORD-00100638,CUST-003508,PROD-0566,1,2429.58,2026-09-02 16:00:00,delivered,2026-09-02 16:00:00
OL-000301917,ORD-00100639,CUST-002198,PROD-0899,9,2238.54,2026-09-02 17:00:00,placed,2026-09-02 17:00:00
OL-000301918,ORD-00100639,CUST-002972,PROD-0491,1,3060.72,2026-09-02 18:00:00,delivered,2026-09-02 18:00:00
OL-000301919,ORD-00100639,CUST-001568,PROD-0459,4,4350.36,2026-09-02 19:00:00,delivered,2026-09-02 19:00:00
OL-000301920,ORD-00100640,CUST-000699,PROD-0681,9,4151.4,2026-09-02 08:00:00,delivered,2026-09-02 12:00:00
OL-000301921,ORD-00100640,CUST-000287,PROD-0202,7,2230.95,2026-09-02 09:00:00,delivered,2026-09-02 13:00:00
OL-000301922,ORD-00100640,CUST-003518,PROD-0260,1,1936.86,2026-09-02 10:00:00,delivered,2026-09-02 14:00:00
OL-000301923,ORD-00100641,CUST-002252,PROD-0493,3,2349.69,2026-09-02 11:00:00,delivered,2026-09-02 15:00:00
OL-000301924,ORD-00100641,CUST-001281,PROD-0804,4,752.43,2026-09-02 12:00:00,shipped,2026-09-02 16:00:00
OL-000301925,ORD-00100641,CUST-003837,PROD-0736,2,2599.12,2026-09-02 13:00:00,delivered,2026-09-02 17:00:00
OL-000301926,ORD-00100642,CUST-001350,PROD-0689,9,2612.62,2026-09-02 14:00:00,delivered,2026-09-02 18:00:00
OL-000301927,ORD-00100642,CUST-003966,PROD-0894,7,4426.86,2026-09-02 15:00:00,delivered,2026-09-02 19:00:00
OL-000301928,ORD-00100642,CUST-002146,PROD-0438,3,1153.68,2026-09-02 16:00:00,placed,2026-09-02 12:00:00
OL-000301929,ORD-00100643,CUST-002554,PROD-0230,5,4238.43,2026-09-02 17:00:00,delivered,2026-09-02 13:00:00
OL-000301930,ORD-00100643,CUST-000188,PROD-0229,4,1738.16,2026-09-02 18:00:00,delivered,2026-09-02 14:00:00
OL-000301931,ORD-00100643,CUST-000234,PROD-0416,2,844.78,2026-09-02 19:00:00,delivered,2026-09-02 15:00:00
OL-000301932,ORD-00100644,CUST-003127,PROD-0631,9,3838.72,2026-09-02 08:00:00,delivered,2026-09-02 16:00:00
OL-000301933,ORD-00100644,CUST-000603,PROD-0427,7,294.42,2026-09-02 09:00:00,delivered,2026-09-02 17:00:00
OL-000301934,ORD-00100644,CUST-000216,PROD-0109,4,4507.21,2026-09-02 10:00:00,delivered,2026-09-02 18:00:00
OL-000301935,ORD-00100645,CUST-001186,PROD-0840,7,2689.54,2026-09-02 11:00:00,cancelled,2026-09-02 19:00:00
OL-000301936,ORD-00100645,CUST-001014,PROD-0534,7,407.79,2026-09-02 12:00:00,delivered,2026-09-02 12:00:00
OL-000301937,ORD-00100645,CUST-000458,PROD-0472,2,1544.74,2026-09-02 13:00:00,delivered,2026-09-02 13:00:00
OL-000301938,ORD-00100646,CUST-000913,PROD-0138,5,4714.56,2026-09-02 14:00:00,delivered,2026-09-02 14:00:00
OL-000301939,ORD-00100646,CUST-000474,PROD-0644,7,3159.08,2026-09-02 15:00:00,delivered,2026-09-02 15:00:00
OL-000301940,ORD-00100646,CUST-002798,PROD-0416,5,2658.32,2026-09-02 16:00:00,delivered,2026-09-02 16:00:00
OL-000301941,ORD-00100647,CUST-000131,PROD-0321,8,4202.45,2026-09-02 17:00:00,delivered,2026-09-02 17:00:00
OL-000301942,ORD-00100647,CUST-001784,PROD-0864,2,3724.74,2026-09-02 18:00:00,delivered,2026-09-02 18:00:00
OL-000301943,ORD-00100647,CUST-000999,PROD-0033,6,583.88,2026-09-02 19:00:00,delivered,2026-09-02 19:00:00
OL-000301944,ORD-00100648,CUST-000181,PROD-0521,9,2105.96,2026-09-02 08:00:00,delivered,2026-09-02 12:00:00
OL-000301945,ORD-00100648,CUST-001075,PROD-0881,9,3841.7,2026-09-02 09:00:00,shipped,2026-09-02 13:00:00
OL-000301946,ORD-00100648,CUST-000267,PROD-0247,8,3935.73,2026-09-02 10:00:00,cancelled,2026-09-02 14:00:00
OL-000301947,ORD-00100649,CUST-001806,PROD-0447,4,1713.2,2026-09-02 11:00:00,delivered,2026-09-02 15:00:00
OL-000301948,ORD-00100649,CUST-000779,PROD-0692,5,129.58,2026-09-02 12:00:00,delivered,2026-09-02 16:00:00
OL-000301949,ORD-00100649,CUST-001879,PROD-0076,8,4722.85,2026-09-02 13:00:00,delivered,2026-09-02 17:00:00
OL-000301950,ORD-00100650,CUST-001712,PROD-0608,1,2200.93,2026-09-02 14:00:00,delivered,2026-09-02 18:00:00
OL-000301951,ORD-00100650,CUST-001227,PROD-0762,3,4560.85,2026-09-02 15:00:00,delivered,2026-09-02 19:00:00
OL-000301952,ORD-00100650,CUST-003218,PROD-0582,1,2507.23,2026-09-02 16:00:00,shipped,2026-09-02 12:00:00
OL-000301953,ORD-00100651,CUST-000372,PROD-0347,9,3590.0,2026-09-02 17:00:00,delivered,2026-09-02 13:00:00
OL-000301954,ORD-00100651,CUST-001499,PROD-0005,2,2209.22,2026-09-02 18:00:00,delivered,2026-09-02 14:00:00
OL-000301955,ORD-00100651,CUST-000932,PROD-0862,6,3905.97,2026-09-02 19:00:00,delivered,2026-09-02 15:00:00
OL-000301956,ORD-00100652,CUST-000924,PROD-0803,5,1930.3,2026-09-02 08:00:00,shipped,2026-09-02 16:00:00
OL-000301957,ORD-00100652,CUST-002670,PROD-0347,8,2668.97,2026-09-02 09:00:00,delivered,2026-09-02 17:00:00
OL-000301958,ORD-00100652,CUST-003948,PROD-0774,5,2018.75,2026-09-02 10:00:00,delivered,2026-09-02 18:00:00
OL-000301959,ORD-00100653,CUST-003995,PROD-0502,1,1366.49,2026-09-02 11:00:00,shipped,2026-09-02 19:00:00
OL-000301960,ORD-00100653,CUST-003115,PROD-0360,1,2307.12,2026-09-02 12:00:00,shipped,2026-09-02 12:00:00
OL-000301961,ORD-00100653,CUST-003219,PROD-0060,1,3938.08,2026-09-02 13:00:00,delivered,2026-09-02 13:00:00
OL-000301962,ORD-00100654,CUST-003768,PROD-0844,3,4693.22,2026-09-02 14:00:00,shipped,2026-09-02 14:00:00
OL-000301963,ORD-00100654,CUST-002219,PROD-0899,3,2937.64,2026-09-02 15:00:00,delivered,2026-09-02 15:00:00
OL-000301964,ORD-00100654,CUST-000103,PROD-0537,5,2271.45,2026-09-02 16:00:00,delivered,2026-09-02 16:00:00
OL-000301965,ORD-00100655,CUST-002956,PROD-0424,5,272.56,2026-09-02 17:00:00,delivered,2026-09-02 17:00:00
OL-000301966,ORD-00100655,CUST-001223,PROD-0051,4,3916.92,2026-09-02 18:00:00,delivered,2026-09-02 18:00:00
OL-000301967,ORD-00100655,CUST-002520,PROD-0699,1,3744.61,2026-09-02 19:00:00,delivered,2026-09-02 19:00:00
OL-000301968,ORD-00100656,CUST-000076,PROD-0270,7,610.07,2026-09-02 08:00:00,delivered,2026-09-02 12:00:00
OL-000301969,ORD-00100656,CUST-001233,PROD-0812,8,4280.83,2026-09-02 09:00:00,placed,2026-09-02 13:00:00
OL-000301970,ORD-00100656,CUST-001732,PROD-0758,6,1817.15,2026-09-02 10:00:00,delivered,2026-09-02 14:00:00
OL-000301971,ORD-00100657,CUST-002992,PROD-0396,5,452.14,2026-09-02 11:00:00,shipped,2026-09-02 15:00:00
OL-000301972,ORD-00100657,CUST-000477,PROD-0696,8,763.29,2026-09-02 12:00:00,delivered,2026-09-02 16:00:00
OL-000301973,ORD-00100657,CUST-001452,PROD-0847,2,195.71,2026-09-02 13:00:00,delivered,2026-09-02 17:00:00
OL-000301974,ORD-00100658,CUST-003653,PROD-0388,1,1317.95,2026-09-02 14:00:00,shipped,2026-09-02 18:00:00
OL-000301975,ORD-00100658,CUST-001053,PROD-0876,7,4408.57,2026-09-02 15:00:00,delivered,2026-09-02 19:00:00
OL-000301976,ORD-00100658,CUST-000874,PROD-0624,5,3008.33,2026-09-02 16:00:00,shipped,2026-09-02 12:00:00
OL-000301977,ORD-00100659,CUST-001497,PROD-0345,8,3746.75,2026-09-02 17:00:00,delivered,2026-09-02 13:00:00
OL-000301978,ORD-00100659,CUST-003575,PROD-0495,7,3627.6,2026-09-02 18:00:00,delivered,2026-09-02 14:00:00
OL-000301979,ORD-00100659,CUST-003030,PROD-0176,7,2016.93,2026-09-02 19:00:00,shipped,2026-09-02 15:00:00
OL-000301980,ORD-00100660,CUST-000873,PROD-0791,1,3005.96,2026-09-02 08:00:00,delivered,2026-09-02 16:00:00
OL-000301981,ORD-00100660,CUST-003275,PROD-0207,9,4455.74,2026-09-02 09:00:00,delivered,2026-09-02 17:00:00
OL-000301982,ORD-00100660,CUST-002973,PROD-0818,9,360.33,2026-09-02 10:00:00,placed,2026-09-02 18:00:00
OL-000301983,ORD-00100661,CUST-000712,PROD-0026,7,3033.11,2026-09-02 11:00:00,delivered,2026-09-02 19:00:00
OL-000301984,ORD-00100661,CUST-002506,PROD-0776,1,1771.32,2026-09-02 12:00:00,delivered,2026-09-02 12:00:00
OL-000301985,ORD-00100661,CUST-003528,PROD-0195,1,1211.79,2026-09-02 13:00:00,placed,2026-09-02 13:00:00
OL-000301986,ORD-00100662,CUST-000635,PROD-0498,4,1433.85,2026-09-02 14:00:00,delivered,2026-09-02 14:00:00
OL-000301987,ORD-00100662,CUST-000537,PROD-0621,2,2176.39,2026-09-02 15:00:00,delivered,2026-09-02 15:00:00
OL-000301988,ORD-00100662,CUST-002166,PROD-0135,8,240.28,2026-09-02 16:00:00,delivered,2026-09-02 16:00:00
OL-000301989,ORD-00100663,CUST-002823,PROD-0435,3,1719.2,2026-09-02 17:00:00,delivered,2026-09-02 17:00:00
OL-000301990,ORD-00100663,CUST-002703,PROD-0273,6,2799.18,2026-09-02 18:00:00,shipped,2026-09-02 18:00:00
OL-000301991,ORD-00100663,CUST-003823,PROD-0435,6,2312.03,2026-09-02 19:00:00,delivered,2026-09-02 19:00:00
OL-000301992,ORD-00100664,CUST-000324,PROD-0872,5,3783.11,2026-09-02 08:00:00,shipped,2026-09-02 12:00:00
OL-000301993,ORD-00100664,CUST-003208,PROD-0406,7,2424.96,2026-09-02 09:00:00,delivered,2026-09-02 13:00:00
OL-000301994,ORD-00100664,CUST-000468,PROD-0118,8,200.96,2026-09-02 10:00:00,delivered,2026-09-02 14:00:00
OL-000301995,ORD-00100665,CUST-000396,PROD-0288,8,1749.8,2026-09-02 11:00:00,delivered,2026-09-02 15:00:00
OL-000301996,ORD-00100665,CUST-000806,PROD-0775,9,919.04,2026-09-02 12:00:00,delivered,2026-09-02 16:00:00
OL-000301997,ORD-00100665,CUST-003339,PROD-0657,3,2720.51,2026-09-02 13:00:00,delivered,2026-09-02 17:00:00
OL-000301998,ORD-00100666,CUST-000376,PROD-0036,2,3177.67,2026-09-02 14:00:00,delivered,2026-09-02 18:00:00
OL-000301999,ORD-00100666,CUST-002747,PROD-0459,8,3573.78,2026-09-02 15:00:00,delivered,2026-09-02 19:00:00
